# WaveFront *.obj file (generated by Autodesk ATF)

mtllib Codo Cobre 2.1-2 Dimaflow.mtl

g Cuerpo3

v 6.364831 -3.505216 7.114940
v 6.385154 -3.505145 7.112997
v 6.394773 -3.505031 7.109925
v 6.399242 -3.504943 7.107596
v 6.403295 -3.504829 7.104639
v 6.408468 -3.504609 7.099128
v 6.412283 -3.504338 7.092589
v 6.414483 -3.504024 7.085385
v 6.415169 -3.503678 7.077796
v 6.414795 -3.503419 7.072341
v 6.413588 -3.503157 7.067011
v 6.411482 -3.502904 7.062009
v 6.408471 -3.502668 7.057447
v 6.404724 -3.502460 7.053538
v 6.400317 -3.502288 7.050366
v 6.395428 -3.502159 7.048014
v 6.390203 -3.502072 7.046436
v 6.392571 -3.501505 7.036522
v 6.394939 -3.500911 7.026610
v 6.397307 -3.500289 7.016699
v 6.412082 -3.500656 7.022496
v 6.418785 -3.500916 7.026690
v 6.424709 -3.501233 7.031923
v 6.432006 -3.501792 7.041477
v 6.437122 -3.502399 7.052411
v 6.439975 -3.503013 7.064148
v 6.440845 -3.503606 7.076273
v 6.439713 -3.504239 7.090281
v 6.435987 -3.504797 7.103815
v 6.429482 -3.505257 7.116083
v 6.420294 -3.505621 7.126713
v 6.407820 -3.505906 7.135765
v 6.393496 -3.506082 7.141764
v 6.378202 -3.506171 7.144958
v 6.362598 -3.506197 7.145894
v 6.347557 -3.506170 7.144930
v 6.332875 -3.506079 7.141680
v 6.319254 -3.505905 7.135727
v 6.307236 -3.505625 7.126814
v 6.298363 -3.505275 7.116593
v 6.291880 -3.504830 7.104680
v 6.288151 -3.504300 7.091696
v 6.286989 -3.503692 7.078100
v 6.287607 -3.503186 7.067589
v 6.289646 -3.502659 7.057274
v 6.293330 -3.502131 7.047509
v 6.298812 -3.501625 7.038570
v 6.306170 -3.501163 7.030753
v 6.314964 -3.500781 7.024494
v 6.324708 -3.500483 7.019741
v 6.334993 -3.500263 7.016294
v 6.338071 -3.500874 7.026001
v 6.341149 -3.501458 7.035710
v 6.344228 -3.502015 7.045421
v 6.331235 -3.502258 7.049813
v 6.325348 -3.502445 7.053264
v 6.320277 -3.502686 7.057802
v 6.316954 -3.502920 7.062314
v 6.314528 -3.503175 7.067375
v 6.313114 -3.503440 7.072785
v 6.312665 -3.503706 7.078405
v 6.313358 -3.504045 7.085864
v 6.315608 -3.504355 7.093008
v 6.319427 -3.504619 7.099370
v 6.324641 -3.504835 7.104792
v 6.328917 -3.504951 7.107796
v 6.333622 -3.505038 7.110107
v 6.343740 -3.505149 7.113099
v 6.373254 -3.507351 7.209122
v 6.372108 -3.507388 7.213520
v 6.371410 -3.507428 7.219054
v 6.370920 -3.507489 7.232870
v 6.370920 -3.507499 7.238350
v 6.370920 -3.507499 7.243831
v 6.370920 -3.507491 7.249311
v 6.413139 -3.507491 7.249311
v 6.413139 -3.507499 7.244474
v 6.413139 -3.507500 7.239636
v 6.413139 -3.507494 7.234798
v 6.412124 -3.507386 7.213181
v 6.411248 -3.507357 7.209776
v 6.409852 -3.507326 7.206575
v 6.407922 -3.507296 7.203652
v 6.405527 -3.507267 7.201104
v 6.402594 -3.507242 7.198948
v 6.399311 -3.507223 7.197447
v 6.395769 -3.507213 7.196594
v 6.392131 -3.507209 7.196334
v 6.389067 -3.507212 7.196529
v 6.386074 -3.507220 7.197145
v 6.383210 -3.507233 7.198218
v 6.380561 -3.507251 7.199734
v 6.378204 -3.507273 7.201629
v 6.376188 -3.507298 7.203859
v 6.374533 -3.507324 7.206386
v 6.289526 -3.507491 7.249311
v 6.345649 -3.507491 7.249311
v 6.345649 -3.507500 7.242782
v 6.345649 -3.507496 7.236253
v 6.345649 -3.507480 7.229724
v 6.347781 -3.507237 7.198567
v 6.350529 -3.507128 7.190446
v 6.354834 -3.507012 7.182989
v 6.361398 -3.506885 7.175799
v 6.369499 -3.506778 7.170353
v 6.374943 -3.506730 7.168001
v 6.380685 -3.506697 7.166466
v 6.392537 -3.506674 7.165380
v 6.400245 -3.506684 7.165823
v 6.407812 -3.506715 7.167293
v 6.414975 -3.506771 7.169975
v 6.421512 -3.506851 7.174007
v 6.426444 -3.506932 7.178389
v 6.430632 -3.507020 7.183487
v 6.433867 -3.507110 7.189194
v 6.436075 -3.507197 7.195421
v 6.437856 -3.507360 7.210335
v 6.438308 -3.507485 7.231145
v 6.438308 -3.507495 7.247214
v 6.438308 -3.507432 7.263283
v 6.438308 -3.507296 7.279352
v 6.289526 -3.507296 7.279352
v 6.289526 -3.507390 7.269338
v 6.289526 -3.507455 7.259325
v 6.383504 -3.506067 7.341767
v 6.381419 -3.506018 7.343452
v 6.379658 -3.505959 7.345450
v 6.378250 -3.505891 7.347725
v 6.377212 -3.505816 7.350191
v 6.376285 -3.505668 7.354843
v 6.375751 -3.505460 7.361081
v 6.375385 -3.504875 7.377187
v 6.375385 -3.504580 7.384596
v 6.375385 -3.504269 7.392005
v 6.375385 -3.503943 7.399413
v 6.413139 -3.503943 7.399413
v 6.413139 -3.504287 7.391599
v 6.413139 -3.504613 7.383784
v 6.413139 -3.504921 7.375969
v 6.412632 -3.505694 7.354047
v 6.411895 -3.505794 7.350871
v 6.410706 -3.505887 7.347847
v 6.409004 -3.505970 7.345087
v 6.406796 -3.506039 7.342731
v 6.404119 -3.506092 7.340874
v 6.401133 -3.506127 7.339622
v 6.397937 -3.506147 7.338930
v 6.394668 -3.506152 7.338723
v 6.388835 -3.506133 7.339403
v 6.386061 -3.506107 7.340353
v 6.289526 -3.502461 7.429453
v 6.289526 -3.502983 7.419441
v 6.289526 -3.503478 7.409428
v 6.289526 -3.503943 7.399413
v 6.351637 -3.503943 7.399413
v 6.351637 -3.504034 7.397383
v 6.351637 -3.504124 7.395353
v 6.351637 -3.504213 7.393323
v 6.351282 -3.504564 7.384968
v 6.349963 -3.504835 7.378202
v 6.348859 -3.504933 7.375677
v 6.347415 -3.505022 7.373324
v 6.343772 -3.505176 7.369169
v 6.321901 -3.505717 7.353337
v 6.289526 -3.506342 7.331618
v 6.289526 -3.506629 7.319644
v 6.289526 -3.506876 7.307668
v 6.289526 -3.507081 7.295691
v 6.318552 -3.506754 7.313858
v 6.342706 -3.506359 7.330959
v 6.349533 -3.506157 7.338550
v 6.355189 -3.505912 7.347045
v 6.357735 -3.506232 7.335810
v 6.362137 -3.506483 7.325954
v 6.365221 -3.506587 7.321539
v 6.368941 -3.506674 7.317613
v 6.374961 -3.506767 7.313187
v 6.381780 -3.506830 7.310066
v 6.389069 -3.506864 7.308309
v 6.396596 -3.506874 7.307768
v 6.402751 -3.506867 7.308142
v 6.408803 -3.506844 7.309324
v 6.414595 -3.506804 7.311362
v 6.420040 -3.506745 7.314264
v 6.424631 -3.506673 7.317656
v 6.428636 -3.506582 7.321724
v 6.431878 -3.506473 7.326387
v 6.434299 -3.506343 7.331568
v 6.437426 -3.505921 7.346715
v 6.438308 -3.505282 7.366226
v 6.438308 -3.504468 7.387307
v 6.438308 -3.503528 7.408383
v 6.438308 -3.502461 7.429453
v 6.571867 -3.501689 7.039687
v 6.581971 -3.501622 7.038530
v 6.586722 -3.501521 7.036783
v 6.588896 -3.501447 7.035533
v 6.590896 -3.501357 7.034003
v 6.593630 -3.501185 7.031114
v 6.595691 -3.500982 7.027767
v 6.596944 -3.500751 7.024021
v 6.597341 -3.500505 7.020099
v 6.596924 -3.500246 7.016039
v 6.595626 -3.499999 7.012227
v 6.593449 -3.499772 7.008791
v 6.590592 -3.499578 7.005891
v 6.588333 -3.499469 7.004278
v 6.585858 -3.499382 7.002999
v 6.580540 -3.499265 7.001295
v 6.569330 -3.499191 7.000208
v 6.558661 -3.499258 7.001184
v 6.553559 -3.499365 7.002751
v 6.551188 -3.499446 7.003948
v 6.549032 -3.499550 7.005485
v 6.546392 -3.499733 7.008202
v 6.544412 -3.499943 7.011373
v 6.543217 -3.500175 7.014940
v 6.542841 -3.500415 7.018679
v 6.543368 -3.500681 7.022890
v 6.544920 -3.500923 7.026796
v 6.547357 -3.501135 7.030293
v 6.550402 -3.501315 7.033293
v 6.555166 -3.501498 7.036388
v 6.560493 -3.501612 7.038354
v 6.661634 -3.498414 6.989196
v 6.665930 -3.498854 6.995376
v 6.668929 -3.499335 7.002310
v 6.670608 -3.499831 7.009678
v 6.671123 -3.500325 7.017258
v 6.670072 -3.501019 7.028384
v 6.666664 -3.501651 7.039029
v 6.660899 -3.502185 7.048488
v 6.653058 -3.502620 7.056534
v 6.646764 -3.502850 7.060944
v 6.639858 -3.503025 7.064375
v 6.625036 -3.503249 7.068861
v 6.594093 -3.503385 7.071656
v 6.563917 -3.503254 7.068970
v 6.549535 -3.503040 7.064675
v 6.542813 -3.502872 7.061378
v 6.536701 -3.502652 7.057143
v 6.529231 -3.502248 7.049621
v 6.523584 -3.501745 7.040653
v 6.520252 -3.501159 7.030691
v 6.519195 -3.500505 7.020099
v 6.519967 -3.499891 7.010585
v 6.522489 -3.499272 7.001388
v 6.526860 -3.498687 6.993015
v 6.532997 -3.498160 6.985695
v 6.540838 -3.497709 6.979602
v 6.549874 -3.497388 6.975357
v 6.559596 -3.497209 6.973009
v 6.569634 -3.497154 6.972298
v 6.579209 -3.497207 6.972987
v 6.588523 -3.497380 6.975253
v 6.597122 -3.497683 6.979260
v 6.604749 -3.498111 6.985035
v 6.608997 -3.498438 6.989534
v 6.612583 -3.498796 6.994546
v 6.615378 -3.499180 7.000056
v 6.617247 -3.499577 7.005882
v 6.618349 -3.500220 7.015634
v 6.617578 -3.500697 7.023151
v 6.615134 -3.501137 7.030316
v 6.611105 -3.501515 7.036678
v 6.605764 -3.501829 7.042122
v 6.623961 -3.501707 7.039997
v 6.632438 -3.501581 7.037823
v 6.636226 -3.501491 7.036278
v 6.639560 -3.501372 7.034257
v 6.642886 -3.501191 7.031216
v 6.645513 -3.500970 7.027569
v 6.647142 -3.500715 7.023443
v 6.647679 -3.500435 7.018983
v 6.647460 -3.500241 7.015962
v 6.646739 -3.500051 7.013026
v 6.645461 -3.499873 7.010317
v 6.643619 -3.499714 7.007921
v 6.640943 -3.499569 7.005755
v 6.637827 -3.499465 7.004223
v 6.631035 -3.499358 7.002643
v 6.632050 -3.498717 6.993440
v 6.633065 -3.498053 6.984238
v 6.634079 -3.497364 6.975038
v 6.641814 -3.497500 6.976829
v 6.649198 -3.497716 6.979698
v 6.655894 -3.498020 6.983791
v 6.548220 -3.506245 7.147670
v 6.548220 -3.505689 7.128790
v 6.548220 -3.505031 7.109913
v 6.548220 -3.504271 7.091040
v 6.521732 -3.504271 7.091040
v 6.521732 -3.505543 7.124352
v 6.521732 -3.506498 7.157675
v 6.521732 -3.507137 7.191006
v 6.536533 -3.507087 7.187699
v 6.550199 -3.506983 7.181263
v 6.567963 -3.506712 7.167254
v 6.585872 -3.506285 7.149193
v 6.610230 -3.505583 7.125546
v 6.618547 -3.505439 7.121291
v 6.623054 -3.505398 7.120081
v 6.627686 -3.505383 7.119660
v 6.631684 -3.505392 7.119910
v 6.635594 -3.505421 7.120765
v 6.639230 -3.505476 7.122373
v 6.642351 -3.505558 7.124785
v 6.644734 -3.505657 7.127819
v 6.646336 -3.505768 7.131292
v 6.647215 -3.505885 7.135066
v 6.647476 -3.506000 7.138942
v 6.647191 -3.506113 7.142857
v 6.646248 -3.506217 7.146642
v 6.644541 -3.506310 7.150143
v 6.642097 -3.506387 7.153151
v 6.640267 -3.506425 7.154674
v 6.638227 -3.506456 7.155917
v 6.633777 -3.506498 7.157681
v 6.624235 -3.506535 7.159240
v 6.625182 -3.506745 7.168712
v 6.626129 -3.506928 7.178184
v 6.627077 -3.507087 7.187657
v 6.636553 -3.507062 7.186072
v 6.645720 -3.507014 7.183113
v 6.654055 -3.506932 7.178400
v 6.657703 -3.506875 7.175299
v 6.660872 -3.506806 7.171723
v 6.665582 -3.506647 7.164159
v 6.668785 -3.506455 7.155896
v 6.670577 -3.506231 7.147151
v 6.671123 -3.505979 7.138232
v 6.670526 -3.505690 7.128834
v 6.668514 -3.505383 7.119660
v 6.664782 -3.505075 7.111086
v 6.659249 -3.504789 7.103624
v 6.653010 -3.504570 7.098161
v 6.645856 -3.504404 7.094155
v 6.637943 -3.504303 7.091780
v 6.629715 -3.504271 7.091040
v 6.619958 -3.504310 7.091931
v 6.610585 -3.504424 7.094643
v 6.600690 -3.504631 7.099660
v 6.591556 -3.504884 7.106060
v 6.572577 -3.505556 7.124734
v 6.556136 -3.506084 7.141835
v 6.519195 -3.507477 7.254335
v 6.673051 -3.507418 7.217495
v 6.673051 -3.507362 7.210356
v 6.673051 -3.507291 7.203218
v 6.673051 -3.507206 7.196080
v 6.519195 -3.507490 7.233327
v 6.519195 -3.507500 7.240329
v 6.519195 -3.507495 7.247332
v 6.641996 -3.507076 7.296047
v 6.641996 -3.506673 7.317667
v 6.641996 -3.506137 7.339284
v 6.641996 -3.505467 7.360898
v 6.668484 -3.505467 7.360898
v 6.668484 -3.506423 7.328394
v 6.668484 -3.507078 7.295883
v 6.668484 -3.507432 7.263367
v 6.647780 -3.507432 7.263367
v 6.631667 -3.507323 7.276718
v 6.613680 -3.507193 7.287928
v 6.566437 -3.506889 7.306957
v 6.521732 -3.506763 7.313401
v 6.521732 -3.506563 7.322570
v 6.521732 -3.506339 7.331737
v 6.521732 -3.506091 7.340905
v 6.553741 -3.506195 7.337191
v 6.584655 -3.506429 7.328168
v 6.614633 -3.506744 7.314343
v 6.655900 -3.500557 7.462082
v 6.662686 -3.500979 7.455286
v 6.667527 -3.501466 7.447146
v 6.670293 -3.501993 7.437962
v 6.671123 -3.502518 7.428388
v 6.670268 -3.503019 7.418732
v 6.667464 -3.503471 7.409571
v 6.662501 -3.503856 7.401341
v 6.655697 -3.504157 7.394592
v 6.649183 -3.504343 7.390290
v 6.642032 -3.504482 7.386979
v 6.626816 -3.504656 7.382716
v 6.595108 -3.504761 7.380079
v 6.563446 -3.504656 7.382732
v 6.548182 -3.504480 7.387025
v 6.540995 -3.504340 7.390359
v 6.534418 -3.504153 7.394694
v 6.527631 -3.503849 7.401489
v 6.522788 -3.503468 7.409634
v 6.520024 -3.503015 7.418817
v 6.519195 -3.502518 7.428388
v 6.520180 -3.501966 7.438446
v 6.523323 -3.501422 7.447905
v 6.528711 -3.500912 7.456381
v 6.535889 -3.500474 7.463401
v 6.542271 -3.500211 7.467511
v 6.549345 -3.500011 7.470582
v 6.564291 -3.499760 7.474393
v 6.595412 -3.499606 7.476696
v 6.626980 -3.499783 7.474035
v 6.642190 -3.500067 7.469736
v 6.649347 -3.500282 7.466405
v 6.900081 -3.480739 6.809054
v 6.904126 -3.478927 6.794710
v 6.905257 -3.476977 6.779775
v 6.902790 -3.473939 6.757450
v 6.899033 -3.472455 6.746914
v 6.896322 -3.471761 6.742068
v 6.892977 -3.471116 6.737606
v 6.886207 -3.470192 6.731281
v 6.878286 -3.469508 6.726651
v 6.869438 -3.469088 6.723827
v 6.860196 -3.468925 6.722738
v 6.859756 -3.470407 6.732747
v 6.859317 -3.471861 6.742761
v 6.858877 -3.473285 6.752779
v 6.863499 -3.473430 6.753809
v 6.867962 -3.473658 6.755440
v 6.872019 -3.473991 6.757821
v 6.875368 -3.474439 6.761050
v 6.877892 -3.475029 6.765338
v 6.879410 -3.475678 6.770100
v 6.880392 -3.477017 6.780079
v 6.879283 -3.478422 6.790795
v 6.877635 -3.479081 6.795912
v 6.875013 -3.479676 6.800580
v 6.873215 -3.479932 6.802601
v 6.871024 -3.480125 6.804134
v 6.869783 -3.480193 6.804681
v 6.868481 -3.480241 6.805062
v 6.865778 -3.480277 6.805350
v 6.863179 -3.480241 6.805058
v 6.860759 -3.480129 6.804173
v 6.858587 -3.479948 6.802731
v 6.856745 -3.479715 6.800884
v 6.853919 -3.479114 6.796168
v 6.851386 -3.478286 6.789753
v 6.846799 -3.476108 6.773279
v 6.842629 -3.473966 6.757654
v 6.836092 -3.471586 6.740854
v 6.829654 -3.470240 6.731609
v 6.825563 -3.469665 6.727708
v 6.820971 -3.469175 6.724413
v 6.815462 -3.468761 6.721639
v 6.809582 -3.468484 6.719798
v 6.797273 -3.468285 6.718476
v 6.790940 -3.468353 6.718926
v 6.784777 -3.468558 6.720286
v 6.778861 -3.468895 6.722538
v 6.773322 -3.469349 6.725580
v 6.768014 -3.469941 6.729574
v 6.763449 -3.470639 6.734330
v 6.759675 -3.471428 6.739762
v 6.756728 -3.472278 6.745675
v 6.752455 -3.474503 6.761524
v 6.751299 -3.476747 6.778049
v 6.753999 -3.479731 6.801015
v 6.758025 -3.481082 6.811822
v 6.764340 -3.482249 6.821385
v 6.772233 -3.483118 6.828649
v 6.781481 -3.483745 6.833979
v 6.791693 -3.484156 6.837503
v 6.802347 -3.484381 6.839450
v 6.803295 -3.483243 6.829704
v 6.804242 -3.482077 6.819961
v 6.805189 -3.480884 6.810221
v 6.793378 -3.480443 6.806679
v 6.788062 -3.480059 6.803616
v 6.783572 -3.479541 6.799514
v 6.780316 -3.478924 6.794686
v 6.778174 -3.478229 6.789307
v 6.777015 -3.477480 6.783583
v 6.776671 -3.476706 6.777745
v 6.777895 -3.475148 6.766210
v 6.779767 -3.474396 6.760742
v 6.782811 -3.473719 6.755874
v 6.785731 -3.473301 6.752891
v 6.789138 -3.472968 6.750531
v 6.793022 -3.472754 6.749017
v 6.797172 -3.472682 6.748516
v 6.799603 -3.472708 6.748693
v 6.801957 -3.472787 6.749256
v 6.804170 -3.472927 6.750239
v 6.806153 -3.473120 6.751612
v 6.808315 -3.473445 6.753919
v 6.810041 -3.473820 6.756600
v 6.812598 -3.474628 6.762420
v 6.819093 -3.477859 6.786473
v 6.824592 -3.480131 6.804183
v 6.828489 -3.481182 6.812632
v 6.833809 -3.482127 6.820370
v 6.840043 -3.482824 6.826180
v 6.847251 -3.483344 6.830561
v 6.855310 -3.483657 6.833226
v 6.863748 -3.483756 6.834071
v 6.869380 -3.483708 6.833662
v 6.874856 -3.483564 6.832427
v 6.880105 -3.483323 6.830382
v 6.885010 -3.482997 6.827627
v 6.889821 -3.482552 6.823905
v 6.893945 -3.482020 6.819488
v 6.897367 -3.481409 6.814476
v 6.902720 -3.493439 6.927745
v 6.902720 -3.492471 6.917153
v 6.902720 -3.491472 6.906565
v 6.902720 -3.490440 6.895979
v 6.796648 -3.485974 6.853507
v 6.753937 -3.484029 6.836405
v 6.753937 -3.485277 6.847295
v 6.753937 -3.486492 6.858188
v 6.753937 -3.487673 6.869084
v 6.787733 -3.489036 6.882075
v 6.787733 -3.491020 6.901888
v 6.787733 -3.492892 6.921713
v 6.787733 -3.494651 6.941547
v 6.753937 -3.495683 6.953828
v 6.753937 -3.496541 6.964447
v 6.753937 -3.497366 6.975070
v 6.753937 -3.498160 6.985695
v 6.879580 -3.502987 7.063638
v 6.878908 -3.503418 7.072340
v 6.876692 -3.503813 7.080712
v 6.872714 -3.504157 7.088404
v 6.867097 -3.504437 7.094947
v 6.863249 -3.504566 7.098055
v 6.859026 -3.504669 7.100614
v 6.849836 -3.504811 7.104180
v 6.840036 -3.504883 7.106033
v 6.830054 -3.504904 7.106568
v 6.808960 -3.504812 7.104200
v 6.799032 -3.504669 7.100591
v 6.794489 -3.504563 7.097993
v 6.790321 -3.504431 7.094795
v 6.784469 -3.504156 7.088373
v 6.780262 -3.503821 7.080900
v 6.777822 -3.503430 7.072584
v 6.777077 -3.503003 7.063943
v 6.778042 -3.502501 7.054296
v 6.780781 -3.501992 7.045015
v 6.784688 -3.501507 7.036546
v 6.789763 -3.501040 7.028726
v 6.808640 -3.501040 7.028726
v 6.808640 -3.501718 7.040192
v 6.808640 -3.502359 7.051660
v 6.808640 -3.502962 7.063131
v 6.833707 -3.502962 7.063131
v 6.833707 -3.501796 7.041539
v 6.833707 -3.500496 7.019956
v 6.833707 -3.499064 6.998381
v 6.774438 -3.499064 6.998381
v 6.765126 -3.499930 7.011195
v 6.758352 -3.500857 7.025732
v 6.753172 -3.501912 7.043584
v 6.751400 -3.502905 7.062014
v 6.753655 -3.503919 7.083037
v 6.756716 -3.504362 7.093158
v 6.761194 -3.504753 7.102711
v 6.766593 -3.505065 7.110819
v 6.773141 -3.505323 7.117953
v 6.780764 -3.505531 7.123986
v 6.789205 -3.505689 7.128794
v 6.808560 -3.505896 7.135414
v 6.828836 -3.505958 7.137522
v 6.850132 -3.505890 7.135237
v 6.860401 -3.505796 7.132185
v 6.870142 -3.505656 7.127779
v 6.878665 -3.505475 7.122330
v 6.886202 -3.505242 7.115673
v 6.892635 -3.504954 7.107895
v 6.897848 -3.504615 7.099260
v 6.901369 -3.504263 7.090841
v 6.903653 -3.503869 7.081952
v 6.905257 -3.502987 7.063638
v 6.902853 -3.501762 7.040946
v 6.899285 -3.501126 7.030148
v 6.893636 -3.500521 7.020353
v 6.887154 -3.500059 7.013151
v 6.879484 -3.499676 7.007360
v 6.870800 -3.499387 7.003076
v 6.861515 -3.499198 7.000309
v 6.859655 -3.499869 7.010253
v 6.857794 -3.500512 7.020199
v 6.855933 -3.501126 7.030147
v 6.860964 -3.501237 7.031992
v 6.865610 -3.501392 7.034587
v 6.869749 -3.501589 7.037950
v 6.873237 -3.501820 7.041970
v 6.876167 -3.502098 7.046900
v 6.878145 -3.502391 7.052254
v 6.879245 -3.502691 7.057894
v 6.877550 -3.507446 7.222062
v 6.902720 -3.507446 7.222062
v 6.902720 -3.507373 7.211709
v 6.902720 -3.507270 7.201358
v 6.902720 -3.507137 7.191006
v 6.877550 -3.507137 7.191006
v 6.849844 -3.507201 7.195675
v 6.849844 -3.507285 7.202677
v 6.849844 -3.507356 7.209680
v 6.849844 -3.507412 7.216683
v 6.877550 -3.507401 7.267833
v 6.902720 -3.507401 7.267833
v 6.902720 -3.507464 7.257481
v 6.902720 -3.507495 7.247129
v 6.902720 -3.507497 7.236777
v 6.877550 -3.507497 7.236777
v 6.849844 -3.507500 7.241446
v 6.849844 -3.507493 7.248449
v 6.849844 -3.507472 7.255451
v 6.849844 -3.507437 7.262454
v 6.903329 -3.506201 7.336947
v 6.902732 -3.506444 7.327550
v 6.900720 -3.506657 7.318375
v 6.896988 -3.506835 7.309801
v 6.891454 -3.506972 7.302339
v 6.885215 -3.507063 7.296875
v 6.878061 -3.507124 7.292869
v 6.870148 -3.507158 7.290495
v 6.861921 -3.507168 7.289754
v 6.852164 -3.507156 7.290646
v 6.842791 -3.507117 7.293357
v 6.832896 -3.507039 7.298374
v 6.823762 -3.506929 7.304775
v 6.804783 -3.506543 7.323449
v 6.788342 -3.506101 7.340549
v 6.780426 -3.505931 7.346385
v 6.780426 -3.506445 7.327510
v 6.780426 -3.506857 7.308633
v 6.780426 -3.507168 7.289754
v 6.753937 -3.507168 7.289754
v 6.753937 -3.506551 7.323085
v 6.753937 -3.505617 7.356408
v 6.753937 -3.504367 7.389721
v 6.768739 -3.504505 7.386413
v 6.782405 -3.504765 7.379978
v 6.800159 -3.505288 7.365978
v 6.818078 -3.505886 7.347907
v 6.842435 -3.506523 7.324260
v 6.850753 -3.506621 7.320005
v 6.855260 -3.506648 7.318796
v 6.859891 -3.506657 7.318374
v 6.863890 -3.506652 7.318624
v 6.867799 -3.506633 7.319479
v 6.871436 -3.506597 7.321087
v 6.874557 -3.506541 7.323499
v 6.876939 -3.506469 7.326534
v 6.878542 -3.506383 7.330007
v 6.879421 -3.506286 7.333781
v 6.879682 -3.506182 7.337657
v 6.879397 -3.506072 7.341572
v 6.878454 -3.505962 7.345357
v 6.876747 -3.505857 7.348858
v 6.874303 -3.505763 7.351865
v 6.872473 -3.505715 7.353388
v 6.870433 -3.505675 7.354632
v 6.865983 -3.505618 7.356396
v 6.856441 -3.505566 7.357955
v 6.857388 -3.505239 7.367428
v 6.858335 -3.504886 7.376900
v 6.859283 -3.504507 7.386372
v 6.868760 -3.504572 7.384786
v 6.877927 -3.504692 7.381827
v 6.886262 -3.504877 7.377114
v 6.889909 -3.504996 7.374013
v 6.893078 -3.505129 7.370438
v 6.897788 -3.505399 7.362874
v 6.900991 -3.505676 7.354612
v 6.902782 -3.505947 7.345867
v 6.905257 -3.503146 7.416209
v 6.905257 -3.503495 7.409072
v 6.905257 -3.503829 7.401934
v 6.905257 -3.504149 7.394795
v 6.751400 -3.502321 7.432041
v 6.751400 -3.501933 7.439045
v 6.751400 -3.501531 7.446047
v 6.751400 -3.501115 7.453049
v 6.879529 -3.495800 7.527745
v 6.890154 -3.496661 7.517032
v 6.896463 -3.496985 7.512883
v 6.903329 -3.497225 7.509781
v 6.903329 -3.497808 7.502070
v 6.903329 -3.498374 7.494356
v 6.903329 -3.498923 7.486642
v 6.753937 -3.498923 7.486642
v 6.753937 -3.498244 7.496150
v 6.753937 -3.497539 7.505656
v 6.753937 -3.496808 7.515160
v 6.861414 -3.496808 7.515160
v 6.848555 -3.495413 7.532437
v 6.839797 -3.493729 7.552001
v 6.865676 -3.493729 7.552001
v 6.871546 -3.494830 7.539356
v 6.782456 -3.487944 7.611371
v 6.782456 -3.488938 7.601868
v 6.782456 -3.489907 7.592362
v 6.782456 -3.490850 7.582853
v 6.753937 -3.490850 7.582853
v 6.753937 -3.489907 7.592362
v 6.753937 -3.488938 7.601868
v 6.753937 -3.487944 7.611371
v 6.818078 -3.478059 7.694998
v 6.842435 -3.481061 7.671351
v 6.850748 -3.481583 7.667098
v 6.855257 -3.481731 7.665887
v 6.859891 -3.481783 7.665465
v 6.863895 -3.481752 7.665715
v 6.867806 -3.481648 7.666572
v 6.871442 -3.481451 7.668181
v 6.874557 -3.481155 7.670590
v 6.876943 -3.480779 7.673630
v 6.878544 -3.480345 7.677105
v 6.879422 -3.479871 7.680876
v 6.879682 -3.479380 7.684748
v 6.879398 -3.478880 7.688658
v 6.878456 -3.478392 7.692441
v 6.876750 -3.477936 7.695943
v 6.874303 -3.477541 7.698956
v 6.872477 -3.477341 7.700476
v 6.870440 -3.477176 7.701718
v 6.865993 -3.476942 7.703483
v 6.856441 -3.476734 7.705045
v 6.857388 -3.475458 7.714521
v 6.858336 -3.474155 7.723993
v 6.859283 -3.472827 7.733462
v 6.868777 -3.473052 7.731873
v 6.877950 -3.473469 7.728908
v 6.886279 -3.474128 7.724191
v 6.889919 -3.474557 7.721095
v 6.893078 -3.475047 7.717528
v 6.897791 -3.476076 7.709957
v 6.900993 -3.477180 7.701694
v 6.902783 -3.478325 7.692953
v 6.903329 -3.479471 7.684037
v 6.902734 -3.480651 7.674654
v 6.900726 -3.481780 7.665484
v 6.896996 -3.482814 7.656906
v 6.891454 -3.483698 7.649430
v 6.885225 -3.484332 7.643973
v 6.878075 -3.484793 7.639966
v 6.870157 -3.485064 7.637587
v 6.861921 -3.485148 7.636845
v 6.852162 -3.485047 7.637737
v 6.842791 -3.484738 7.640448
v 6.832892 -3.484159 7.645467
v 6.823762 -3.483412 7.651865
v 6.804783 -3.481161 7.670539
v 6.788342 -3.479011 7.687640
v 6.780426 -3.478257 7.693476
v 6.780426 -3.480657 7.674611
v 6.780426 -3.482954 7.655734
v 6.780426 -3.485148 7.636845
v 6.753937 -3.485148 7.636845
v 6.753937 -3.481202 7.670207
v 6.753937 -3.476936 7.703531
v 6.753937 -3.472351 7.736811
v 6.768747 -3.472822 7.733501
v 6.782405 -3.473727 7.727068
v 6.800147 -3.475652 7.713079
v 7.134925 -3.506981 7.181162
v 7.134925 -3.506618 7.162858
v 7.134925 -3.506160 7.144556
v 7.134925 -3.505606 7.126256
v 7.134369 -3.505091 7.111541
v 7.132084 -3.504561 7.097941
v 7.126740 -3.504043 7.085804
v 7.122901 -3.503797 7.080379
v 7.118383 -3.503570 7.075512
v 7.107095 -3.503161 7.067093
v 7.094279 -3.502868 7.061304
v 7.076972 -3.502669 7.057467
v 7.059113 -3.502614 7.056432
v 7.043116 -3.502666 7.057421
v 7.027449 -3.502853 7.060999
v 7.013339 -3.503178 7.067426
v 7.006928 -3.503391 7.071778
v 7.001163 -3.503637 7.076933
v 6.997261 -3.503853 7.081603
v 6.994025 -3.504085 7.086776
v 6.989289 -3.504565 7.098043
v 6.986770 -3.505075 7.111115
v 6.986143 -3.505552 7.124632
v 6.986143 -3.506130 7.143473
v 6.986143 -3.506606 7.162316
v 6.986143 -3.506981 7.181162
v 6.986143 -3.506349 7.331365
v 7.134925 -3.506349 7.331365
v 7.134925 -3.506770 7.313065
v 7.134925 -3.507096 7.294763
v 7.134925 -3.507326 7.276459
v 7.134369 -3.507441 7.261743
v 7.132084 -3.507494 7.248144
v 7.126740 -3.507496 7.236007
v 7.122901 -3.507483 7.230581
v 7.118383 -3.507464 7.225715
v 7.107094 -3.507417 7.217295
v 7.094279 -3.507372 7.211507
v 7.076971 -3.507337 7.207670
v 7.059113 -3.507327 7.206635
v 7.043117 -3.507337 7.207624
v 7.027449 -3.507369 7.211202
v 7.013340 -3.507419 7.217628
v 7.006929 -3.507446 7.221980
v 7.001163 -3.507471 7.227136
v 6.997261 -3.507487 7.231805
v 6.994025 -3.507497 7.236978
v 6.989289 -3.507494 7.248246
v 6.986770 -3.507443 7.261319
v 6.986143 -3.507342 7.274835
v 6.986143 -3.507112 7.293680
v 6.986143 -3.506781 7.312523
v 7.496500 -3.507500 7.241500
v 7.496500 -3.440104 7.925779
v 7.496500 -3.240507 8.583762
v 7.496500 -2.916380 9.190163
v 7.496500 -2.480177 9.721677
v 7.496500 -1.948663 10.157880
v 7.496500 -1.342262 10.482007
v 7.496500 -0.684279 10.681604
v 7.496500 0.000000 10.749000
v 7.496500 0.684279 10.681604
v 7.496500 1.342262 10.482007
v 7.496500 1.948663 10.157880
v 7.496500 2.480177 9.721677
v 7.496500 2.916380 9.190163
v 7.496500 3.240507 8.583762
v 7.496500 3.440104 7.925779
v 7.496500 3.507500 7.241500
v 7.496500 3.440104 6.557221
v 7.496500 3.240507 5.899238
v 7.496500 2.916380 5.292837
v 7.496500 2.480177 4.761323
v 7.496500 1.948663 4.325120
v 7.496500 1.342262 4.000993
v 7.496500 0.684279 3.801396
v 7.496500 0.000000 3.734000
v 7.496500 -0.684279 3.801396
v 7.496500 -1.342262 4.000993
v 7.496500 -1.948663 4.325120
v 7.496500 -2.480177 4.761323
v 7.496500 -2.916380 5.292837
v 7.496500 -3.240507 5.899238
v 7.496500 -3.440104 6.557221
v 3.753897 3.507500 7.241500
v 3.753897 3.440104 7.925779
v 3.753897 3.240507 8.583762
v 3.753897 2.916380 9.190163
v 3.753897 2.480177 9.721677
v 3.753897 1.948663 10.157880
v 3.753897 1.342262 10.482007
v 3.753897 0.684279 10.681604
v 3.753897 -0.000000 10.749000
v 3.753897 -0.684279 10.681604
v 3.753897 -1.342262 10.482007
v 3.753897 -1.948663 10.157880
v 3.753897 -2.480177 9.721677
v 3.753897 -2.916380 9.190163
v 3.753897 -3.240507 8.583762
v 3.753897 -3.440104 7.925779
v 3.753897 -3.507500 7.241500
v 3.753897 -3.440104 6.557221
v 3.753897 -3.240507 5.899238
v 3.753897 -2.916380 5.292837
v 3.753897 -2.480177 4.761323
v 3.753897 -1.948663 4.325120
v 3.753897 -1.342262 4.000993
v 3.753897 -0.684279 3.801396
v 3.753897 0.000000 3.734000
v 3.753897 0.684279 3.801396
v 3.753897 1.342262 4.000993
v 3.753897 1.948663 4.325120
v 3.753897 2.480177 4.761323
v 3.753897 2.916380 5.292837
v 3.753897 3.240507 5.899238
v 3.753897 3.440104 6.557221
v 6.644178 -3.502013 7.437623
v 6.645602 -3.502128 7.435557
v 6.646647 -3.502252 7.433297
v 6.647275 -3.502384 7.430877
v 6.647476 -3.502518 7.428388
v 6.647274 -3.502649 7.425899
v 6.646650 -3.502775 7.423501
v 6.645600 -3.502891 7.421244
v 6.644178 -3.502996 7.419203
v 6.642893 -3.503061 7.417900
v 6.641407 -3.503118 7.416782
v 6.638126 -3.503206 7.414995
v 6.631086 -3.503326 7.412555
v 6.614502 -3.503431 7.410397
v 6.595108 -3.503454 7.409917
v 6.573972 -3.503423 7.410558
v 6.557963 -3.503312 7.412860
v 6.551549 -3.503199 7.415142
v 6.548619 -3.503114 7.416859
v 6.547301 -3.503060 7.417925
v 6.546140 -3.502998 7.419152
v 6.544716 -3.502893 7.421219
v 6.543670 -3.502776 7.423479
v 6.543043 -3.502649 7.425899
v 6.542841 -3.502518 7.428388
v 6.543039 -3.502384 7.430871
v 6.543652 -3.502254 7.433267
v 6.544685 -3.502129 7.435526
v 6.546089 -3.502015 7.437572
v 6.547362 -3.501942 7.438878
v 6.548839 -3.501879 7.439998
v 6.552103 -3.501777 7.441782
v 6.559130 -3.501637 7.444220
v 6.575714 -3.501511 7.446378
v 6.595108 -3.501483 7.446859
v 6.632354 -3.501654 7.443915
v 6.638769 -3.501786 7.441634
v 6.641698 -3.501883 7.439916
v 6.643016 -3.501944 7.438850
v 6.812801 -3.490015 6.891717
v 6.812801 -3.491345 6.905243
v 6.812801 -3.492622 6.918775
v 6.812801 -3.493846 6.932312
v 6.868010 -3.492009 6.912217
v 7.011211 -3.505685 7.128692
v 7.011211 -3.505918 7.136168
v 7.011211 -3.506135 7.143644
v 7.011211 -3.506335 7.151121
v 7.109756 -3.506335 7.151121
v 7.109756 -3.506217 7.146622
v 7.109756 -3.506092 7.142122
v 7.109756 -3.505961 7.137623
v 7.108335 -3.505144 7.112961
v 7.105790 -3.504863 7.105512
v 7.103802 -3.504729 7.102113
v 7.101333 -3.504606 7.099057
v 7.098194 -3.504491 7.096239
v 7.094674 -3.504394 7.093914
v 7.086921 -3.504250 7.090532
v 7.074441 -3.504145 7.088114
v 7.060433 -3.504117 7.087488
v 7.046267 -3.504145 7.088114
v 7.033183 -3.504250 7.090532
v 7.025475 -3.504379 7.093557
v 7.021927 -3.504468 7.095680
v 7.018822 -3.504580 7.098398
v 7.016703 -3.504689 7.101105
v 7.014978 -3.504806 7.104068
v 7.012632 -3.505054 7.110526
v 7.012632 -3.507447 7.260728
v 7.011211 -3.507301 7.278895
v 7.011211 -3.507213 7.286372
v 7.011211 -3.507109 7.293848
v 7.011211 -3.506990 7.301324
v 7.109756 -3.506990 7.301324
v 7.109756 -3.507064 7.296825
v 7.109756 -3.507132 7.292325
v 7.109756 -3.507194 7.287826
v 7.108335 -3.507433 7.263164
v 7.105789 -3.507471 7.255714
v 7.103802 -3.507483 7.252315
v 7.101333 -3.507491 7.249260
v 7.098193 -3.507497 7.246441
v 7.094673 -3.507499 7.244117
v 7.086921 -3.507500 7.240735
v 7.074441 -3.507499 7.238317
v 7.060433 -3.507498 7.237691
v 7.046267 -3.507499 7.238317
v 7.033183 -3.507500 7.240735
v 7.025475 -3.507499 7.243759
v 7.021928 -3.507497 7.245882
v 7.018822 -3.507493 7.248601
v 7.016703 -3.507486 7.251307
v 7.014978 -3.507477 7.254270
v -3.337500 0.000000 -0.255000
v -3.273371 -0.651114 -0.255000
v -3.083448 -1.277206 -0.255000
v -2.775030 -1.854216 -0.255000
v -2.359969 -2.359969 -0.255000
v -1.854216 -2.775030 -0.255000
v -1.277206 -3.083448 -0.255000
v -0.651114 -3.273371 -0.255000
v 0.000000 -3.337500 -0.255000
v 0.651114 -3.273371 -0.255000
v 1.277206 -3.083448 -0.255000
v 1.854216 -2.775030 -0.255000
v 2.359969 -2.359969 -0.255000
v 2.775030 -1.854216 -0.255000
v 3.083448 -1.277206 -0.255000
v 3.273371 -0.651114 -0.255000
v 3.337500 0.000000 -0.255000
v 3.273371 0.651114 -0.255000
v 3.083448 1.277206 -0.255000
v 2.775030 1.854216 -0.255000
v 2.359969 2.359969 -0.255000
v 1.854216 2.775030 -0.255000
v 1.277206 3.083448 -0.255000
v 0.651114 3.273371 -0.255000
v 0.000000 3.337500 -0.255000
v -0.651114 3.273371 -0.255000
v -1.277206 3.083448 -0.255000
v -1.854216 2.775030 -0.255000
v -2.359969 2.359969 -0.255000
v -2.775030 1.854216 -0.255000
v -3.083448 1.277206 -0.255000
v -3.273371 0.651114 -0.255000
v -3.507500 -0.000000 -0.255000
v -3.440104 0.684279 -0.255000
v -3.240507 1.342262 -0.255000
v -2.916380 1.948663 -0.255000
v -2.480177 2.480177 -0.255000
v -1.948663 2.916380 -0.255000
v -1.342262 3.240507 -0.255000
v -0.684279 3.440104 -0.255000
v 0.000000 3.507500 -0.255000
v 0.684279 3.440104 -0.255000
v 1.342262 3.240507 -0.255000
v 1.948663 2.916380 -0.255000
v 2.480177 2.480177 -0.255000
v 2.916380 1.948663 -0.255000
v 3.240507 1.342262 -0.255000
v 3.440104 0.684279 -0.255000
v 3.507500 0.000000 -0.255000
v 3.440104 -0.684279 -0.255000
v 3.240507 -1.342262 -0.255000
v 2.916380 -1.948663 -0.255000
v 2.480177 -2.480177 -0.255000
v 1.948663 -2.916380 -0.255000
v 1.342262 -3.240507 -0.255000
v 0.684279 -3.440104 -0.255000
v 0.000000 -3.507500 -0.255000
v -0.684279 -3.440104 -0.255000
v -1.342262 -3.240507 -0.255000
v -1.948663 -2.916380 -0.255000
v -2.480177 -2.480177 -0.255000
v -2.916380 -1.948663 -0.255000
v -3.240507 -1.342262 -0.255000
v -3.440104 -0.684279 -0.255000
v 7.496500 -3.337500 7.241500
v 7.496500 -3.273371 7.892614
v 7.496500 -3.083448 8.518706
v 7.496500 -2.775030 9.095716
v 7.496500 -2.359969 9.601469
v 7.496500 -1.854216 10.016530
v 7.496500 -1.277206 10.324948
v 7.496500 -0.651114 10.514871
v 7.496500 0.000000 10.579000
v 7.496500 0.651114 10.514871
v 7.496500 1.277206 10.324948
v 7.496500 1.854216 10.016530
v 7.496500 2.359969 9.601469
v 7.496500 2.775030 9.095716
v 7.496500 3.083448 8.518706
v 7.496500 3.273371 7.892614
v 7.496500 3.337500 7.241500
v 7.496500 3.273371 6.590386
v 7.496500 3.083448 5.964294
v 7.496500 2.775030 5.387284
v 7.496500 2.359969 4.881531
v 7.496500 1.854216 4.466470
v 7.496500 1.277206 4.158052
v 7.496500 0.651114 3.968129
v 7.496500 0.000000 3.904000
v 7.496500 -0.651114 3.968129
v 7.496500 -1.277206 4.158052
v 7.496500 -1.854216 4.466470
v 7.496500 -2.359969 4.881531
v 7.496500 -2.775030 5.387284
v 7.496500 -3.083448 5.964294
v 7.496500 -3.273371 6.590386
v 3.588199 3.375500 7.241500
v 3.588199 3.310641 7.900027
v 3.588199 3.118555 8.533248
v 3.588199 2.806626 9.116827
v 3.588199 2.386839 9.628339
v 3.588199 1.875327 10.048126
v 3.588199 1.291748 10.360055
v 3.588199 0.658527 10.552141
v 3.588199 -0.000000 10.617000
v 3.588199 -0.658527 10.552141
v 3.588199 -1.291748 10.360055
v 3.588199 -1.875327 10.048126
v 3.588199 -2.386839 9.628339
v 3.588199 -2.806626 9.116827
v 3.588199 -3.118555 8.533248
v 3.588199 -3.310641 7.900027
v 3.588199 -3.375500 7.241500
v 3.588199 -3.310641 6.582973
v 3.588199 -3.118555 5.949752
v 3.588199 -2.806626 5.366173
v 3.588199 -2.386839 4.854661
v 3.588199 -1.875327 4.434874
v 3.588199 -1.291748 4.122945
v 3.588199 -0.658527 3.930859
v 3.588199 0.000000 3.866000
v 3.588199 0.658527 3.930859
v 3.588199 1.291748 4.122945
v 3.588199 1.875327 4.434874
v 3.588199 2.386839 4.854661
v 3.588199 2.806626 5.366173
v 3.588199 3.118555 5.949752
v 3.588199 3.310641 6.582973
v 3.600796 3.411392 7.241500
v 3.621059 3.443585 7.241500
v 3.647973 3.470466 7.241500
v 3.680190 3.490690 7.241500
v 3.716097 3.503244 7.241500
v 3.600796 3.345843 7.907030
v 3.621059 3.377417 7.913310
v 3.647973 3.403782 7.918554
v 3.680190 3.423618 7.922500
v 3.716097 3.435930 7.924949
v 3.600796 3.151715 8.546983
v 3.621059 3.181458 8.559303
v 3.647973 3.206293 8.569590
v 3.680190 3.224977 8.577329
v 3.716097 3.236576 8.582134
v 3.600796 2.836469 9.136768
v 3.621059 2.863236 9.154653
v 3.647973 2.885587 9.169588
v 3.680190 2.902403 9.180824
v 3.716097 2.912841 9.187798
v 3.600796 2.412219 9.653719
v 3.621059 2.434982 9.676482
v 3.647973 2.453990 9.695490
v 3.680190 2.468291 9.709791
v 3.716097 2.477168 9.718668
v 3.600796 1.895268 10.077969
v 3.621059 1.913153 10.104736
v 3.647973 1.928088 10.127087
v 3.680190 1.939324 10.143903
v 3.716097 1.946298 10.154341
v 3.600796 1.305483 10.393215
v 3.621059 1.317803 10.422958
v 3.647973 1.328090 10.447793
v 3.680190 1.335829 10.466477
v 3.716097 1.340634 10.478076
v 3.600796 0.665530 10.587343
v 3.621059 0.671810 10.618917
v 3.647973 0.677054 10.645282
v 3.680190 0.681000 10.665118
v 3.716097 0.683449 10.677430
v 3.600796 -0.000000 10.652892
v 3.621059 -0.000000 10.685085
v 3.647973 -0.000000 10.711966
v 3.680190 -0.000000 10.732190
v 3.716097 -0.000000 10.744744
v 3.600796 -0.665530 10.587343
v 3.621059 -0.671810 10.618917
v 3.647973 -0.677054 10.645282
v 3.680190 -0.681000 10.665118
v 3.716097 -0.683449 10.677430
v 3.600796 -1.305483 10.393215
v 3.621059 -1.317803 10.422958
v 3.647973 -1.328090 10.447793
v 3.680190 -1.335829 10.466477
v 3.716097 -1.340634 10.478076
v 3.600796 -1.895268 10.077969
v 3.621059 -1.913153 10.104736
v 3.647973 -1.928088 10.127087
v 3.680190 -1.939324 10.143903
v 3.716097 -1.946298 10.154341
v 3.600796 -2.412219 9.653719
v 3.621059 -2.434982 9.676482
v 3.647973 -2.453990 9.695490
v 3.680190 -2.468291 9.709791
v 3.716097 -2.477168 9.718668
v 3.600796 -2.836469 9.136768
v 3.621059 -2.863236 9.154653
v 3.647973 -2.885587 9.169588
v 3.680190 -2.902403 9.180824
v 3.716097 -2.912841 9.187798
v 3.600796 -3.151715 8.546983
v 3.621059 -3.181458 8.559303
v 3.647973 -3.206293 8.569590
v 3.680190 -3.224977 8.577329
v 3.716097 -3.236576 8.582134
v 3.600796 -3.345843 7.907030
v 3.621059 -3.377417 7.913310
v 3.647973 -3.403782 7.918554
v 3.680190 -3.423618 7.922500
v 3.716097 -3.435930 7.924949
v 3.600796 -3.411392 7.241500
v 3.621059 -3.443585 7.241500
v 3.647973 -3.470466 7.241500
v 3.680190 -3.490690 7.241500
v 3.716097 -3.503244 7.241500
v 3.600796 -3.345843 6.575970
v 3.621059 -3.377417 6.569690
v 3.647973 -3.403782 6.564446
v 3.680190 -3.423618 6.560500
v 3.716097 -3.435930 6.558051
v 3.600796 -3.151715 5.936017
v 3.621059 -3.181458 5.923697
v 3.647973 -3.206293 5.913410
v 3.680190 -3.224977 5.905671
v 3.716097 -3.236576 5.900866
v 3.600796 -2.836469 5.346232
v 3.621059 -2.863236 5.328347
v 3.647973 -2.885587 5.313412
v 3.680190 -2.902403 5.302176
v 3.716097 -2.912841 5.295202
v 3.600796 -2.412219 4.829281
v 3.621059 -2.434982 4.806518
v 3.647973 -2.453990 4.787510
v 3.680190 -2.468291 4.773209
v 3.716097 -2.477168 4.764332
v 3.600796 -1.895268 4.405031
v 3.621059 -1.913153 4.378264
v 3.647973 -1.928088 4.355913
v 3.680190 -1.939324 4.339097
v 3.716097 -1.946298 4.328659
v 3.600796 -1.305483 4.089785
v 3.621059 -1.317803 4.060042
v 3.647973 -1.328090 4.035207
v 3.680190 -1.335829 4.016523
v 3.716097 -1.340634 4.004924
v 3.600796 -0.665530 3.895657
v 3.621059 -0.671810 3.864083
v 3.647973 -0.677054 3.837718
v 3.680190 -0.681000 3.817882
v 3.716097 -0.683449 3.805570
v 3.600796 0.000000 3.830108
v 3.621059 0.000000 3.797915
v 3.647973 0.000000 3.771034
v 3.680190 0.000000 3.750810
v 3.716097 0.000000 3.738256
v 3.600796 0.665530 3.895657
v 3.621059 0.671810 3.864083
v 3.647973 0.677054 3.837718
v 3.680190 0.681000 3.817882
v 3.716097 0.683449 3.805570
v 3.600796 1.305483 4.089785
v 3.621059 1.317803 4.060042
v 3.647973 1.328090 4.035207
v 3.680190 1.335829 4.016523
v 3.716097 1.340634 4.004924
v 3.600796 1.895268 4.405031
v 3.621059 1.913153 4.378264
v 3.647973 1.928088 4.355913
v 3.680190 1.939324 4.339097
v 3.716097 1.946298 4.328659
v 3.600796 2.412219 4.829281
v 3.621059 2.434982 4.806518
v 3.647973 2.453990 4.787510
v 3.680190 2.468291 4.773209
v 3.716097 2.477168 4.764332
v 3.600796 2.836469 5.346232
v 3.621059 2.863236 5.328347
v 3.647973 2.885587 5.313412
v 3.680190 2.902403 5.302176
v 3.716097 2.912841 5.295202
v 3.600796 3.151715 5.936017
v 3.621059 3.181458 5.923697
v 3.647973 3.206293 5.913410
v 3.680190 3.224977 5.905671
v 3.716097 3.236576 5.900866
v 3.600796 3.345843 6.575970
v 3.621059 3.377417 6.569690
v 3.647973 3.403782 6.564446
v 3.680190 3.423618 6.560500
v 3.716097 3.435930 6.558051
v 3.422500 -0.000000 3.998000
v 3.422500 0.652912 4.064395
v 3.422500 1.279093 4.260860
v 3.422500 1.852908 4.579354
v 3.422500 2.350865 5.006836
v 3.422500 2.752578 5.525805
v 3.422500 3.041599 6.115015
v 3.422500 3.206097 6.750344
v 3.422500 3.239337 7.405781
v 3.422500 3.139958 8.054491
v 3.422500 2.912029 8.669918
v 3.422500 2.564881 9.226866
v 3.422500 2.112727 9.702532
v 3.422500 1.574077 10.077443
v 3.422500 0.970984 10.336251
v 3.422500 0.328139 10.468359
v 3.422500 -0.328139 10.468359
v 3.422500 -0.970984 10.336251
v 3.422500 -1.574077 10.077443
v 3.422500 -2.112727 9.702532
v 3.422500 -2.564881 9.226866
v 3.422500 -2.912029 8.669918
v 3.422500 -3.139958 8.054491
v 3.422500 -3.239337 7.405781
v 3.422500 -3.206097 6.750344
v 3.422500 -3.041599 6.115015
v 3.422500 -2.752578 5.525805
v 3.422500 -2.350865 5.006836
v 3.422500 -1.852908 4.579354
v 3.422500 -1.279093 4.260860
v 3.422500 -0.652912 4.064395
v 3.460300 -0.000000 3.993744
v 3.496207 -0.000000 3.981190
v 3.528425 -0.000000 3.960966
v 3.555338 -0.000000 3.934085
v 3.575601 -0.000000 3.901892
v 3.460300 0.308719 10.474550
v 3.460300 0.614642 4.052435
v 3.496207 0.617018 4.040108
v 3.528425 0.620845 4.020250
v 3.555338 0.625932 3.993854
v 3.575601 0.632025 3.962243
v 3.460300 1.207069 4.226388
v 3.496207 1.211735 4.214733
v 3.528425 1.219251 4.195958
v 3.555338 1.229242 4.171002
v 3.575601 1.241207 4.141115
v 3.460300 1.755869 4.509314
v 3.496207 1.762657 4.498753
v 3.528425 1.773590 4.481739
v 3.555338 1.788124 4.459125
v 3.575601 1.805528 4.432043
v 3.460300 2.241208 4.890989
v 3.496207 2.249871 4.881903
v 3.528425 2.263828 4.867266
v 3.555338 2.282378 4.847811
v 3.575601 2.304593 4.824512
v 3.460300 2.645544 5.357617
v 3.496207 2.655770 5.350335
v 3.528425 2.672244 5.338604
v 3.555338 2.694141 5.323011
v 3.575601 2.720364 5.304337
v 3.460300 2.954263 5.892334
v 3.496207 2.965682 5.887118
v 3.528425 2.984079 5.878717
v 3.555338 3.008531 5.867550
v 3.575601 3.037814 5.854177
v 3.460300 3.156207 6.475813
v 3.496207 3.168407 6.472853
v 3.528425 3.188061 6.468085
v 3.555338 3.214184 6.461747
v 3.575601 3.245469 6.454158
v 3.460300 3.244077 7.086966
v 3.496207 3.256617 7.086368
v 3.528425 3.276818 7.085406
v 3.555338 3.303669 7.084127
v 3.575601 3.335825 7.082595
v 3.460300 3.214698 7.703704
v 3.496207 3.227125 7.705490
v 3.528425 3.247143 7.708369
v 3.555338 3.273750 7.712194
v 3.575601 3.305615 7.716776
v 3.460300 3.069132 8.303737
v 3.496207 3.080995 8.307843
v 3.528425 3.100107 8.314458
v 3.555338 3.125510 8.323250
v 3.575601 3.155932 8.333779
v 3.460300 2.812639 8.865378
v 3.496207 2.823511 8.871655
v 3.528425 2.841026 8.881767
v 3.555338 2.864305 8.895208
v 3.575601 2.892185 8.911304
v 3.460300 2.454490 9.368328
v 3.496207 2.463978 9.376549
v 3.528425 2.479262 9.389793
v 3.555338 2.499578 9.407396
v 3.575601 2.523907 9.428478
v 3.460300 2.007629 9.794408
v 3.496207 2.015390 9.804277
v 3.528425 2.027891 9.820174
v 3.555338 2.044508 9.841304
v 3.575601 2.064409 9.866609
v 3.460300 1.488208 10.128220
v 3.496207 1.493960 10.139379
v 3.528425 1.503228 10.157355
v 3.555338 1.515545 10.181248
v 3.575601 1.530297 10.209862
v 3.460300 0.914999 10.357699
v 3.496207 0.918535 10.369744
v 3.528425 0.924233 10.389149
v 3.555338 0.931807 10.414942
v 3.575601 0.940876 10.445830
v 3.496207 0.309912 10.487047
v 3.528425 0.311835 10.507179
v 3.555338 0.314390 10.533939
v 3.575601 0.317450 10.565986
v 3.460300 -0.914999 10.357699
v 3.496207 -0.918535 10.369744
v 3.528425 -0.924233 10.389149
v 3.555338 -0.931807 10.414942
v 3.575601 -0.940876 10.445830
v 3.575601 -0.317450 10.565986
v 3.555338 -0.314390 10.533939
v 3.528425 -0.311835 10.507179
v 3.496207 -0.309912 10.487047
v 3.460300 -0.308719 10.474550
v 3.460300 -1.488208 10.128220
v 3.496207 -1.493960 10.139379
v 3.528425 -1.503228 10.157355
v 3.555338 -1.515545 10.181248
v 3.575601 -1.530297 10.209862
v 3.460300 -2.007629 9.794408
v 3.496207 -2.015390 9.804277
v 3.528425 -2.027891 9.820174
v 3.555338 -2.044508 9.841304
v 3.575601 -2.064409 9.866609
v 3.460300 -2.454490 9.368328
v 3.496207 -2.463978 9.376549
v 3.528425 -2.479262 9.389793
v 3.555338 -2.499578 9.407396
v 3.575601 -2.523907 9.428478
v 3.460300 -2.812639 8.865378
v 3.496207 -2.823511 8.871655
v 3.528425 -2.841026 8.881767
v 3.555338 -2.864305 8.895208
v 3.575601 -2.892185 8.911304
v 3.460300 -3.069132 8.303737
v 3.496207 -3.080995 8.307843
v 3.528425 -3.100107 8.314458
v 3.555338 -3.125510 8.323250
v 3.575601 -3.155932 8.333779
v 3.460300 -3.214698 7.703704
v 3.496207 -3.227125 7.705490
v 3.528425 -3.247143 7.708369
v 3.555338 -3.273750 7.712194
v 3.575601 -3.305615 7.716776
v 3.460300 -3.244077 7.086966
v 3.496207 -3.256617 7.086368
v 3.528425 -3.276818 7.085406
v 3.555338 -3.303669 7.084127
v 3.575601 -3.335825 7.082595
v 3.460300 -3.156207 6.475813
v 3.496207 -3.168407 6.472853
v 3.528425 -3.188061 6.468085
v 3.555338 -3.214184 6.461747
v 3.575601 -3.245469 6.454158
v 3.460300 -2.954263 5.892334
v 3.496207 -2.965682 5.887118
v 3.528425 -2.984079 5.878717
v 3.555338 -3.008531 5.867550
v 3.575601 -3.037814 5.854177
v 3.460300 -2.645544 5.357617
v 3.496207 -2.655770 5.350335
v 3.528425 -2.672244 5.338604
v 3.555338 -2.694141 5.323011
v 3.575601 -2.720364 5.304337
v 3.460300 -2.241208 4.890989
v 3.496207 -2.249871 4.881903
v 3.528425 -2.263828 4.867266
v 3.555338 -2.282378 4.847811
v 3.575601 -2.304593 4.824512
v 3.460300 -1.755869 4.509314
v 3.496207 -1.762657 4.498753
v 3.528425 -1.773590 4.481739
v 3.555338 -1.788124 4.459125
v 3.575601 -1.805528 4.432043
v 3.460300 -1.207069 4.226388
v 3.496207 -1.211735 4.214733
v 3.528425 -1.219251 4.195958
v 3.555338 -1.229242 4.171002
v 3.575601 -1.241207 4.141115
v 3.460300 -0.614642 4.052435
v 3.496207 -0.617018 4.040108
v 3.528425 -0.620845 4.020250
v 3.555338 -0.625932 3.993854
v 3.575601 -0.632025 3.962243
v -3.375500 -0.000000 3.644699
v -3.310641 -0.658527 3.644699
v -3.118555 -1.291748 3.644699
v -2.806626 -1.875327 3.644699
v -2.386839 -2.386839 3.644699
v -1.875327 -2.806626 3.644699
v -1.291748 -3.118555 3.644699
v -0.658527 -3.310641 3.644699
v 0.000000 -3.375500 3.644699
v 0.658527 -3.310641 3.644699
v 1.291748 -3.118555 3.644699
v 1.875327 -2.806626 3.644699
v 2.386839 -2.386839 3.644699
v 2.806626 -1.875327 3.644699
v 3.118555 -1.291748 3.644699
v 3.310641 -0.658527 3.644699
v 3.375500 0.000000 3.644699
v 3.310641 0.658527 3.644699
v 3.118555 1.291748 3.644699
v 2.806626 1.875327 3.644699
v 2.386839 2.386839 3.644699
v 1.875327 2.806626 3.644699
v 1.291748 3.118555 3.644699
v 0.658527 3.310641 3.644699
v -0.000000 3.375500 3.644699
v -0.658527 3.310641 3.644699
v -1.291748 3.118555 3.644699
v -1.875327 2.806626 3.644699
v -2.386839 2.386839 3.644699
v -2.806626 1.875327 3.644699
v -3.118555 1.291748 3.644699
v -3.310641 0.658527 3.644699
v -3.243500 -0.000000 3.810397
v -3.181177 0.632775 3.810397
v -2.996603 1.241234 3.810397
v -2.696872 1.801992 3.810397
v -2.293501 2.293501 3.810397
v -1.801992 2.696872 3.810397
v -1.241234 2.996603 3.810397
v -0.632775 3.181177 3.810397
v -0.000000 3.243500 3.810397
v 0.632775 3.181177 3.810397
v 1.241234 2.996603 3.810397
v 1.801992 2.696872 3.810397
v 2.293501 2.293501 3.810397
v 2.696872 1.801992 3.810397
v 2.996603 1.241234 3.810397
v 3.181177 0.632775 3.810397
v 3.243500 0.000000 3.810397
v 3.181177 -0.632775 3.810397
v 2.996603 -1.241234 3.810397
v 2.696872 -1.801992 3.810397
v 2.293501 -2.293501 3.810397
v 1.801992 -2.696872 3.810397
v 1.241234 -2.996603 3.810397
v 0.632775 -3.181177 3.810397
v 0.000000 -3.243500 3.810397
v -0.632775 -3.181177 3.810397
v -1.241234 -2.996603 3.810397
v -1.801992 -2.696872 3.810397
v -2.293501 -2.293501 3.810397
v -2.696872 -1.801992 3.810397
v -2.996603 -1.241234 3.810397
v -3.181177 -0.632775 3.810397
v -3.339608 -0.000000 3.657296
v -3.307415 -0.000000 3.677559
v -3.280534 -0.000000 3.704473
v -3.260310 -0.000000 3.736690
v -3.247756 -0.000000 3.772597
v -3.279257 -0.632025 3.657296
v -3.247646 -0.625932 3.677559
v -3.221250 -0.620845 3.704473
v -3.201392 -0.617018 3.736690
v -3.189065 -0.614642 3.772597
v -3.100385 -1.241207 3.657296
v -3.070498 -1.229242 3.677559
v -3.045542 -1.219251 3.704473
v -3.026767 -1.211735 3.736690
v -3.015112 -1.207069 3.772597
v -2.809457 -1.805528 3.657296
v -2.782375 -1.788124 3.677559
v -2.759761 -1.773590 3.704473
v -2.742747 -1.762657 3.736690
v -2.732186 -1.755869 3.772597
v -2.416988 -2.304593 3.657296
v -2.393689 -2.282378 3.677559
v -2.374234 -2.263828 3.704473
v -2.359597 -2.249871 3.736690
v -2.350511 -2.241208 3.772597
v -1.937163 -2.720364 3.657296
v -1.918489 -2.694141 3.677559
v -1.902896 -2.672244 3.704473
v -1.891165 -2.655770 3.736690
v -1.883883 -2.645544 3.772597
v -1.387323 -3.037814 3.657296
v -1.373950 -3.008531 3.677559
v -1.362783 -2.984079 3.704473
v -1.354382 -2.965682 3.736690
v -1.349166 -2.954263 3.772597
v -0.787342 -3.245469 3.657296
v -0.779753 -3.214184 3.677559
v -0.773415 -3.188061 3.704473
v -0.768647 -3.168407 3.736690
v -0.765687 -3.156207 3.772597
v -0.158905 -3.335825 3.657296
v -0.157373 -3.303669 3.677559
v -0.156094 -3.276818 3.704473
v -0.155132 -3.256617 3.736690
v -0.154534 -3.244077 3.772597
v 0.475276 -3.305615 3.657296
v 0.470694 -3.273750 3.677559
v 0.466869 -3.247143 3.704473
v 0.463990 -3.227125 3.736690
v 0.462204 -3.214698 3.772597
v 1.092279 -3.155932 3.657296
v 1.081750 -3.125510 3.677559
v 1.072958 -3.100107 3.704473
v 1.066343 -3.080995 3.736690
v 1.062237 -3.069132 3.772597
v 1.669804 -2.892185 3.657296
v 1.653708 -2.864305 3.677559
v 1.640267 -2.841026 3.704473
v 1.630155 -2.823511 3.736690
v 1.623878 -2.812639 3.772597
v 2.186978 -2.523907 3.657296
v 2.165896 -2.499578 3.677559
v 2.148293 -2.479262 3.704473
v 2.135049 -2.463978 3.736690
v 2.126828 -2.454490 3.772597
v 2.625109 -2.064409 3.657296
v 2.599804 -2.044508 3.677559
v 2.578674 -2.027891 3.704473
v 2.562777 -2.015390 3.736690
v 2.552908 -2.007629 3.772597
v 2.968362 -1.530297 3.657296
v 2.939748 -1.515545 3.677559
v 2.915855 -1.503228 3.704473
v 2.897879 -1.493960 3.736690
v 2.886720 -1.488208 3.772597
v 3.204330 -0.940876 3.657296
v 3.173442 -0.931807 3.677559
v 3.147649 -0.924233 3.704473
v 3.128244 -0.918535 3.736690
v 3.116199 -0.914999 3.772597
v 3.324486 -0.317450 3.657296
v 3.292439 -0.314390 3.677559
v 3.265679 -0.311835 3.704473
v 3.245547 -0.309912 3.736690
v 3.233050 -0.308719 3.772597
v 3.324486 0.317450 3.657296
v 3.292439 0.314390 3.677559
v 3.265679 0.311835 3.704473
v 3.245547 0.309912 3.736690
v 3.233050 0.308719 3.772597
v 3.204330 0.940876 3.657296
v 3.173442 0.931807 3.677559
v 3.147649 0.924233 3.704473
v 3.128244 0.918535 3.736690
v 3.116199 0.914999 3.772597
v 2.968362 1.530297 3.657296
v 2.939748 1.515545 3.677559
v 2.915855 1.503228 3.704473
v 2.897879 1.493960 3.736690
v 2.886720 1.488208 3.772597
v 2.625109 2.064409 3.657296
v 2.599804 2.044508 3.677559
v 2.578674 2.027891 3.704473
v 2.562777 2.015390 3.736690
v 2.552908 2.007629 3.772597
v 2.186978 2.523907 3.657296
v 2.165896 2.499578 3.677559
v 2.148293 2.479262 3.704473
v 2.135049 2.463978 3.736690
v 2.126828 2.454490 3.772597
v 1.669804 2.892185 3.657296
v 1.653708 2.864305 3.677559
v 1.640267 2.841026 3.704473
v 1.630155 2.823511 3.736690
v 1.623878 2.812639 3.772597
v 1.092279 3.155932 3.657296
v 1.081750 3.125510 3.677559
v 1.072958 3.100107 3.704473
v 1.066343 3.080995 3.736690
v 1.062237 3.069132 3.772597
v 0.475276 3.305615 3.657296
v 0.470694 3.273750 3.677559
v 0.466869 3.247143 3.704473
v 0.463990 3.227125 3.736690
v 0.462204 3.214698 3.772597
v -0.158905 3.335825 3.657296
v -0.157373 3.303669 3.677559
v -0.156094 3.276818 3.704473
v -0.155132 3.256617 3.736690
v -0.154534 3.244077 3.772597
v -0.787342 3.245469 3.657296
v -0.779753 3.214184 3.677559
v -0.773415 3.188061 3.704473
v -0.768647 3.168407 3.736690
v -0.765687 3.156207 3.772597
v -1.387323 3.037814 3.657296
v -1.373950 3.008531 3.677559
v -1.362783 2.984079 3.704473
v -1.354382 2.965682 3.736690
v -1.349166 2.954263 3.772597
v -1.937163 2.720364 3.657296
v -1.918489 2.694141 3.677559
v -1.902896 2.672244 3.704473
v -1.891165 2.655770 3.736690
v -1.883883 2.645544 3.772597
v -2.416988 2.304593 3.657296
v -2.393689 2.282378 3.677559
v -2.374234 2.263828 3.704473
v -2.359597 2.249871 3.736690
v -2.350511 2.241208 3.772597
v -2.809457 1.805528 3.657296
v -2.782375 1.788124 3.677559
v -2.759761 1.773590 3.704473
v -2.742747 1.762657 3.736690
v -2.732186 1.755869 3.772597
v -3.100385 1.241207 3.657296
v -3.070498 1.229242 3.677559
v -3.045542 1.219251 3.704473
v -3.026767 1.211735 3.736690
v -3.015112 1.207069 3.772597
v -3.279257 0.632025 3.657296
v -3.247646 0.625932 3.677559
v -3.221250 0.620845 3.704473
v -3.201392 0.617018 3.736690
v -3.189065 0.614642 3.772597
v 3.243500 0.000000 3.819000
v 3.181177 -0.632775 3.819000
v 2.996603 -1.241234 3.819000
v 2.696872 -1.801992 3.819000
v 2.293501 -2.293501 3.819000
v 1.801992 -2.696872 3.819000
v 1.241234 -2.996603 3.819000
v 0.632775 -3.181177 3.819000
v 0.000000 -3.243500 3.819000
v -0.632775 -3.181177 3.819000
v -1.241234 -2.996603 3.819000
v -1.801992 -2.696872 3.819000
v -2.293501 -2.293501 3.819000
v -2.696872 -1.801992 3.819000
v -2.996603 -1.241234 3.819000
v -3.181177 -0.632775 3.819000
v -3.243500 -0.000000 3.819000
v -3.181177 0.632775 3.819000
v -2.996603 1.241234 3.819000
v -2.696872 1.801992 3.819000
v -2.293501 2.293501 3.819000
v -1.801992 2.696872 3.819000
v -1.241234 2.996603 3.819000
v -0.632775 3.181177 3.819000
v -0.000000 3.243500 3.819000
v 0.632775 3.181177 3.819000
v 1.241234 2.996603 3.819000
v 1.801992 2.696872 3.819000
v 2.293501 2.293501 3.819000
v 2.696872 1.801992 3.819000
v 2.996603 1.241234 3.819000
v 3.181177 0.632775 3.819000
v -3.507500 -0.000000 3.479000
v -3.440104 -0.684279 3.479000
v -3.240507 -1.342262 3.479000
v -2.916380 -1.948663 3.479000
v -2.480177 -2.480177 3.479000
v -1.948663 -2.916380 3.479000
v -1.342262 -3.240507 3.479000
v -0.684279 -3.440104 3.479000
v 0.000000 -3.507500 3.479000
v 0.684279 -3.440104 3.479000
v 1.342262 -3.240507 3.479000
v 1.948663 -2.916380 3.479000
v 2.480177 -2.480177 3.479000
v 2.916380 -1.948663 3.479000
v 3.240507 -1.342262 3.479000
v 3.440104 -0.684279 3.479000
v 3.507500 0.000000 3.479000
v 3.440104 0.684279 3.479000
v 3.240507 1.342262 3.479000
v 2.916380 1.948663 3.479000
v 2.480177 2.480177 3.479000
v 1.948663 2.916380 3.479000
v 1.342262 3.240507 3.479000
v 0.684279 3.440104 3.479000
v 0.000000 3.507500 3.479000
v -0.684279 3.440104 3.479000
v -1.342262 3.240507 3.479000
v -1.948663 2.916380 3.479000
v -2.480177 2.480177 3.479000
v -2.916380 1.948663 3.479000
v -3.240507 1.342262 3.479000
v -3.440104 0.684279 3.479000
v -3.503244 0.000000 3.516800
v -3.490690 0.000000 3.552707
v -3.470466 0.000000 3.584925
v -3.443585 0.000000 3.611838
v -3.411392 0.000000 3.632101
v -3.435930 -0.683449 3.516800
v -3.423618 -0.681000 3.552707
v -3.403782 -0.677054 3.584925
v -3.377417 -0.671810 3.611838
v -3.345843 -0.665530 3.632101
v -3.236576 -1.340634 3.516800
v -3.224977 -1.335829 3.552707
v -3.206293 -1.328090 3.584925
v -3.181458 -1.317803 3.611838
v -3.151715 -1.305483 3.632101
v -2.912841 -1.946298 3.516800
v -2.902403 -1.939324 3.552707
v -2.885587 -1.928088 3.584925
v -2.863236 -1.913153 3.611838
v -2.836469 -1.895268 3.632101
v -2.477168 -2.477168 3.516800
v -2.468291 -2.468291 3.552707
v -2.453990 -2.453990 3.584925
v -2.434982 -2.434982 3.611838
v -2.412219 -2.412219 3.632101
v -1.946298 -2.912841 3.516800
v -1.939324 -2.902403 3.552707
v -1.928088 -2.885587 3.584925
v -1.913153 -2.863236 3.611838
v -1.895268 -2.836469 3.632101
v -1.340634 -3.236576 3.516800
v -1.335829 -3.224977 3.552707
v -1.328090 -3.206293 3.584925
v -1.317803 -3.181458 3.611838
v -1.305483 -3.151715 3.632101
v -0.683449 -3.435930 3.516800
v -0.681000 -3.423618 3.552707
v -0.677054 -3.403782 3.584925
v -0.671810 -3.377417 3.611838
v -0.665530 -3.345843 3.632101
v 0.000000 -3.503244 3.516800
v 0.000000 -3.490690 3.552707
v 0.000000 -3.470466 3.584925
v 0.000000 -3.443585 3.611838
v 0.000000 -3.411392 3.632101
v 0.683449 -3.435930 3.516800
v 0.681000 -3.423618 3.552707
v 0.677054 -3.403782 3.584925
v 0.671810 -3.377417 3.611838
v 0.665530 -3.345843 3.632101
v 1.340634 -3.236576 3.516800
v 1.335829 -3.224977 3.552707
v 1.328090 -3.206293 3.584925
v 1.317803 -3.181458 3.611838
v 1.305483 -3.151715 3.632101
v 1.946298 -2.912841 3.516800
v 1.939324 -2.902403 3.552707
v 1.928088 -2.885587 3.584925
v 1.913153 -2.863236 3.611838
v 1.895268 -2.836469 3.632101
v 2.477168 -2.477168 3.516800
v 2.468291 -2.468291 3.552707
v 2.453990 -2.453990 3.584925
v 2.434982 -2.434982 3.611838
v 2.412219 -2.412219 3.632101
v 2.912841 -1.946298 3.516800
v 2.902403 -1.939324 3.552707
v 2.885587 -1.928088 3.584925
v 2.863236 -1.913153 3.611838
v 2.836469 -1.895268 3.632101
v 3.236576 -1.340634 3.516800
v 3.224977 -1.335829 3.552707
v 3.206293 -1.328090 3.584925
v 3.181458 -1.317803 3.611838
v 3.151715 -1.305483 3.632101
v 3.435930 -0.683449 3.516800
v 3.423618 -0.681000 3.552707
v 3.403782 -0.677054 3.584925
v 3.377417 -0.671810 3.611838
v 3.345843 -0.665530 3.632101
v 3.503244 0.000000 3.516800
v 3.490690 0.000000 3.552707
v 3.470466 0.000000 3.584925
v 3.443585 0.000000 3.611838
v 3.411392 0.000000 3.632101
v 3.435930 0.683449 3.516800
v 3.423618 0.681000 3.552707
v 3.403782 0.677054 3.584925
v 3.377417 0.671810 3.611838
v 3.345843 0.665530 3.632101
v 3.236576 1.340634 3.516800
v 3.224977 1.335829 3.552707
v 3.206293 1.328090 3.584925
v 3.181458 1.317803 3.611838
v 3.151715 1.305483 3.632101
v 2.912841 1.946298 3.516800
v 2.902403 1.939324 3.552707
v 2.885587 1.928088 3.584925
v 2.863236 1.913153 3.611838
v 2.836469 1.895268 3.632101
v 2.477168 2.477168 3.516800
v 2.468291 2.468291 3.552707
v 2.453990 2.453990 3.584925
v 2.434982 2.434982 3.611838
v 2.412219 2.412219 3.632101
v 1.946298 2.912841 3.516800
v 1.939324 2.902403 3.552707
v 1.928088 2.885587 3.584925
v 1.913153 2.863236 3.611838
v 1.895268 2.836469 3.632101
v 1.340634 3.236576 3.516800
v 1.335829 3.224977 3.552707
v 1.328090 3.206293 3.584925
v 1.317803 3.181458 3.611838
v 1.305483 3.151715 3.632101
v 0.683449 3.435930 3.516800
v 0.681000 3.423618 3.552707
v 0.677054 3.403782 3.584925
v 0.671810 3.377417 3.611838
v 0.665530 3.345843 3.632101
v -0.000000 3.503244 3.516800
v -0.000000 3.490690 3.552707
v -0.000000 3.470466 3.584925
v -0.000000 3.443585 3.611838
v -0.000000 3.411392 3.632101
v -0.683449 3.435930 3.516800
v -0.681000 3.423618 3.552707
v -0.677054 3.403782 3.584925
v -0.671810 3.377417 3.611838
v -0.665530 3.345843 3.632101
v -1.340634 3.236576 3.516800
v -1.335829 3.224977 3.552707
v -1.328090 3.206293 3.584925
v -1.317803 3.181458 3.611838
v -1.305483 3.151715 3.632101
v -1.946298 2.912841 3.516800
v -1.939324 2.902403 3.552707
v -1.928088 2.885587 3.584925
v -1.913153 2.863236 3.611838
v -1.895268 2.836469 3.632101
v -2.477168 2.477168 3.516800
v -2.468291 2.468291 3.552707
v -2.453990 2.453990 3.584925
v -2.434982 2.434982 3.611838
v -2.412219 2.412219 3.632101
v -2.912841 1.946298 3.516800
v -2.902403 1.939324 3.552707
v -2.885587 1.928088 3.584925
v -2.863236 1.913153 3.611838
v -2.836469 1.895268 3.632101
v -3.236576 1.340634 3.516800
v -3.224977 1.335829 3.552707
v -3.206293 1.328090 3.584925
v -3.181458 1.317803 3.611838
v -3.151715 1.305483 3.632101
v -3.435930 0.683449 3.516800
v -3.423618 0.681000 3.552707
v -3.403782 0.677054 3.584925
v -3.377417 0.671810 3.611838
v -3.345843 0.665530 3.632101
v -3.337500 -0.000000 3.479000
v -3.273371 0.651114 3.479000
v -3.083448 1.277206 3.479000
v -2.775030 1.854216 3.479000
v -2.359969 2.359969 3.479000
v -1.854216 2.775030 3.479000
v -1.277206 3.083448 3.479000
v -0.651114 3.273371 3.479000
v 0.000000 3.337500 3.479000
v 0.651114 3.273371 3.479000
v 1.277206 3.083448 3.479000
v 1.854216 2.775030 3.479000
v 2.359969 2.359969 3.479000
v 2.775030 1.854216 3.479000
v 3.083448 1.277206 3.479000
v 3.273371 0.651114 3.479000
v 3.337500 0.000000 3.479000
v 3.273371 -0.651114 3.479000
v 3.083448 -1.277206 3.479000
v 2.775030 -1.854216 3.479000
v 2.359969 -2.359969 3.479000
v 1.854216 -2.775030 3.479000
v 1.277206 -3.083448 3.479000
v 0.651114 -3.273371 3.479000
v 0.000000 -3.337500 3.479000
v -0.651114 -3.273371 3.479000
v -1.277206 -3.083448 3.479000
v -1.854216 -2.775030 3.479000
v -2.359969 -2.359969 3.479000
v -2.775030 -1.854216 3.479000
v -3.083448 -1.277206 3.479000
v -3.273371 -0.651114 3.479000
v 3.073500 0.000000 3.479000
v 3.006337 0.639017 3.479000
v 2.807782 1.250105 3.479000
v 2.486514 1.806558 3.479000
v 2.056573 2.284056 3.479000
v 1.536750 2.661729 3.479000
v 0.949764 2.923072 3.479000
v 0.321268 3.056663 3.479000
v -0.321268 3.056663 3.479000
v -0.949764 2.923072 3.479000
v -1.536750 2.661729 3.479000
v -2.056573 2.284056 3.479000
v -2.486514 1.806558 3.479000
v -2.807782 1.250105 3.479000
v -3.006337 0.639017 3.479000
v -3.073500 0.000000 3.479000
v -3.006337 -0.639017 3.479000
v -2.807782 -1.250105 3.479000
v -2.486514 -1.806558 3.479000
v -2.056573 -2.284056 3.479000
v -1.536750 -2.661729 3.479000
v -0.949764 -2.923072 3.479000
v -0.321268 -3.056663 3.479000
v 0.321268 -3.056663 3.479000
v 0.949764 -2.923072 3.479000
v 1.536750 -2.661729 3.479000
v 2.056573 -2.284056 3.479000
v 2.486514 -1.806558 3.479000
v 2.807782 -1.250105 3.479000
v 3.006337 -0.639017 3.479000
v 3.762500 -3.337500 7.241500
v 3.762500 -3.273371 6.590386
v 3.762500 -3.083448 5.964294
v 3.762500 -2.775030 5.387284
v 3.762500 -2.359969 4.881531
v 3.762500 -1.854216 4.466470
v 3.762500 -1.277206 4.158052
v 3.762500 -0.651114 3.968129
v 3.762500 0.000000 3.904000
v 3.762500 0.651114 3.968129
v 3.762500 1.277206 4.158052
v 3.762500 1.854216 4.466470
v 3.762500 2.359969 4.881531
v 3.762500 2.775030 5.387284
v 3.762500 3.083448 5.964294
v 3.762500 3.273371 6.590386
v 3.762500 3.337500 7.241500
v 3.762500 3.273371 7.892614
v 3.762500 3.083448 8.518706
v 3.762500 2.775030 9.095716
v 3.762500 2.359969 9.601469
v 3.762500 1.854216 10.016530
v 3.762500 1.277206 10.324948
v 3.762500 0.651114 10.514871
v 3.762500 0.000000 10.579000
v 3.762500 -0.651114 10.514871
v 3.762500 -1.277206 10.324948
v 3.762500 -1.854216 10.016530
v 3.762500 -2.359969 9.601469
v 3.762500 -2.775030 9.095716
v 3.762500 -3.083448 8.518706
v 3.762500 -3.273371 7.892614
v 3.762500 3.073500 7.241500
v 3.762500 3.006337 6.602483
v 3.762500 2.807782 5.991395
v 3.762500 2.486514 5.434942
v 3.762500 2.056573 4.957444
v 3.762500 1.536750 4.579771
v 3.762500 0.949764 4.318428
v 3.762500 0.321268 4.184837
v 3.762500 -0.321268 4.184837
v 3.762500 -0.949764 4.318428
v 3.762500 -1.536750 4.579771
v 3.762500 -2.056573 4.957444
v 3.762500 -2.486514 5.434942
v 3.762500 -2.807782 5.991395
v 3.762500 -3.006337 6.602483
v 3.762500 -3.073500 7.241500
v 3.762500 -3.006337 7.880517
v 3.762500 -2.807782 8.491605
v 3.762500 -2.486514 9.048058
v 3.762500 -2.056573 9.525556
v 3.762500 -1.536750 9.903229
v 3.762500 -0.949764 10.164572
v 3.762500 -0.321268 10.298163
v 3.762500 0.321268 10.298163
v 3.762500 0.949764 10.164572
v 3.762500 1.536750 9.903229
v 3.762500 2.056573 9.525556
v 3.762500 2.486514 9.048058
v 3.762500 2.807782 8.491605
v 3.762500 3.006337 7.880517
v 3.422500 -0.000000 4.168000
v 3.422500 0.639017 4.235163
v 3.422500 1.250105 4.433718
v 3.422500 1.806558 4.754986
v 3.422500 2.284056 5.184927
v 3.422500 2.661729 5.704750
v 3.422500 2.923072 6.291736
v 3.422500 3.056663 6.920232
v 3.422500 3.056663 7.562768
v 3.422500 2.923072 8.191264
v 3.422500 2.661729 8.778250
v 3.422500 2.284056 9.298073
v 3.422500 1.806558 9.728014
v 3.422500 1.250105 10.049282
v 3.422500 0.639017 10.247837
v 3.422500 -0.000000 10.315000
v 3.422500 -0.639017 10.247837
v 3.422500 -1.250105 10.049282
v 3.422500 -1.806558 9.728014
v 3.422500 -2.284056 9.298073
v 3.422500 -2.661729 8.778250
v 3.422500 -2.923072 8.191264
v 3.422500 -3.056663 7.562768
v 3.422500 -3.056663 6.920232
v 3.422500 -2.923072 6.291736
v 3.422500 -2.661729 5.704750
v 3.422500 -2.284056 5.184927
v 3.422500 -1.806558 4.754986
v 3.422500 -1.250105 4.433718
v 3.422500 -0.639017 4.235163
v 3.371865 0.000000 4.165753
v 3.301873 0.000000 4.150325
v 3.232505 0.000000 4.117291
v 3.172272 0.000000 4.069218
v 3.124218 0.000000 4.009041
v 3.091196 0.000000 3.939548
v 3.075802 0.000000 3.869590
v 3.073500 0.000000 3.819000
v 3.006337 -0.639017 3.819000
v 2.807782 -1.250105 3.819000
v 2.486514 -1.806558 3.819000
v 2.056573 -2.284056 3.819000
v 1.536750 -2.661729 3.819000
v 0.949764 -2.923072 3.819000
v 0.321268 -3.056663 3.819000
v -0.321268 -3.056663 3.819000
v -0.949764 -2.923072 3.819000
v -1.536750 -2.661729 3.819000
v -2.056573 -2.284056 3.819000
v -2.486514 -1.806558 3.819000
v -2.807782 -1.250105 3.819000
v -3.006337 -0.639017 3.819000
v -3.073500 0.000000 3.819000
v -3.006337 0.639017 3.819000
v -2.807782 1.250105 3.819000
v -2.486514 1.806558 3.819000
v -2.056573 2.284056 3.819000
v -1.536750 2.661729 3.819000
v -0.949764 2.923072 3.819000
v -0.321268 3.056663 3.819000
v 0.321268 3.056663 3.819000
v 0.949764 2.923072 3.819000
v 1.536750 2.661729 3.819000
v 2.056573 2.284056 3.819000
v 2.486514 1.806558 3.819000
v 2.807782 1.250105 3.819000
v 3.006337 0.639017 3.819000
v 3.407190 0.405929 4.195008
v 3.405158 -0.599389 4.227112
v 3.300331 0.404312 4.178711
v 3.338587 -0.597475 4.221127
v 3.248620 0.403604 4.157928
v 3.233786 -0.594200 4.186566
v 3.169296 0.402994 4.104176
v 3.181594 -0.593095 4.155003
v 3.115951 0.403117 4.045774
v 3.117372 -0.592690 4.098046
v 3.076382 0.403799 3.977378
v 3.066510 -0.593683 4.029068
v 3.053429 0.404895 3.904572
v 3.032279 -0.595851 3.951766
v 3.046678 0.405857 3.840853
v 3.016678 -0.598358 3.875537
v 3.394205 -1.175307 4.401454
v 3.376342 -1.705334 4.684533
v 3.352083 -2.169991 5.064683
v 3.322252 -2.551639 5.528179
v 3.288068 -2.836416 6.057420
v 3.250926 -3.012534 6.632885
v 3.212348 -3.073500 7.232009
v 3.173825 -3.015965 7.831561
v 3.136763 -2.842632 8.408873
v 3.119224 -2.713993 8.682196
v 3.102579 -2.559027 8.941757
v 3.086987 -2.379332 9.185059
v 3.072605 -2.176507 9.409605
v 3.051765 -1.793367 9.735121
v 3.035200 -1.362695 9.993978
v 3.023378 -0.896073 10.178900
v 3.016584 -0.406065 10.285393
v 3.014890 -0.054585 10.311983
v 3.015784 0.297591 10.297943
v 3.019243 0.645977 10.243683
v 3.025223 0.986092 10.150020
v 3.033676 1.313443 10.017793
v 3.044500 1.623641 9.848624
v 3.057532 1.912659 9.645037
v 3.072605 2.176507 9.409605
v 3.094546 2.471085 9.067089
v 3.119015 2.712276 8.685464
v 3.145481 2.894734 8.273061
v 3.173360 3.014521 7.838791
v 3.212348 3.073500 7.232009
v 3.250926 3.012553 6.632878
v 3.288068 2.836416 6.057420
v 3.322251 2.551625 5.528190
v 3.352083 2.169991 5.064683
v 3.368837 1.870353 4.802573
v 3.382891 1.539257 4.581195
v 3.394028 1.182101 4.404274
v 3.402128 0.804578 4.275241
v 3.299229 -1.166489 4.390390
v 3.235660 -1.684270 4.661077
v 3.148677 -2.137148 5.020793
v 3.040277 -2.514731 5.459131
v 2.914472 -2.805650 5.965240
v 2.776385 -2.995751 6.524584
v 2.632253 -3.073580 7.113263
v 2.487960 -3.032715 7.706008
v 2.348135 -2.873035 8.283035
v 2.281402 -2.748533 8.559589
v 2.217760 -2.595211 8.824062
v 2.157925 -2.414608 9.073270
v 2.102612 -2.208262 9.304026
v 2.022575 -1.815309 9.638058
v 1.959347 -1.373993 9.901773
v 1.914740 -0.899813 10.087806
v 1.889432 -0.406548 10.193628
v 1.883191 -0.054571 10.219788
v 1.886479 0.297786 10.205997
v 1.899298 0.647562 10.152329
v 1.921658 0.990867 10.058917
v 1.953568 1.323714 9.925862
v 1.994786 1.641153 9.753976
v 2.044686 1.937791 9.545795
v 2.102612 2.208262 9.304026
v 2.186956 2.507150 8.952292
v 2.280604 2.746880 8.562892
v 2.381156 2.922350 8.146496
v 2.486210 3.031473 7.713212
v 2.632253 3.073580 7.113263
v 2.776388 2.995777 6.524551
v 2.914472 2.805650 5.965239
v 3.040271 2.514741 5.459156
v 3.148677 2.137148 5.020793
v 3.208849 1.844932 4.773086
v 3.258989 1.522469 4.562723
v 3.298601 1.173158 4.393113
v 3.327623 0.800916 4.268085
v 3.346009 0.405048 4.189683
v 3.387425 0.405696 4.194310
v 3.377463 0.803603 4.274167
v 3.361604 1.179712 4.402266
v 3.339827 1.534756 4.577365
v 3.312251 1.863515 4.795924
v 3.279230 2.161131 5.054301
v 3.220084 2.541637 5.511318
v 3.151993 2.828060 6.034796
v 3.077832 3.007984 6.606684
v 3.000766 3.073509 7.203992
v 2.922882 3.019118 7.810027
v 2.867118 2.902230 8.244920
v 2.814080 2.721667 8.659369
v 2.764965 2.480863 9.044080
v 2.720887 2.185108 9.390012
v 2.690614 1.919462 9.627780
v 2.664470 1.628381 9.833123
v 2.642790 1.316225 10.003428
v 2.625901 0.987388 10.136166
v 2.613990 0.646409 10.229950
v 2.607120 0.297645 10.284150
v 2.605349 -0.054581 10.298148
v 2.608707 -0.406198 10.271628
v 2.622224 -0.897089 10.165108
v 2.645838 -1.365754 9.979485
v 2.679040 -1.799306 9.718685
v 2.720887 -2.185108 9.390012
v 2.749781 -2.388893 9.163180
v 2.781097 -2.568841 8.917635
v 2.814501 -2.723366 8.656084
v 2.849660 -2.850885 8.381233
v 2.923811 -3.020508 7.802790
v 3.000766 -3.073509 7.203992
v 3.077832 -3.007963 6.606699
v 3.151993 -2.828060 6.034796
v 3.220086 -2.541644 5.511302
v 3.279230 -2.161131 5.054301
v 3.326992 -1.699677 4.679433
v 3.361949 -1.172951 4.399469
v 3.383416 -0.598881 4.226287
v 3.261323 -0.594964 4.199070
v 3.193628 -1.154517 4.357185
v 3.086268 -1.655589 4.605725
v 2.941373 -2.092656 4.931732
v 2.761046 -2.465115 5.328603
v 2.549469 -2.764584 5.792849
v 2.313420 -2.973515 6.315540
v 2.064232 -3.073875 6.872319
v 1.813066 -3.055242 7.436733
v 1.566891 -2.913838 7.992726
v 1.447900 -2.794948 8.262743
v 1.333565 -2.643940 8.522934
v 1.225443 -2.462240 8.769522
v 1.125092 -2.251275 8.998728
v 0.979978 -1.845208 9.330192
v 0.866125 -1.389524 9.589985
v 0.786853 -0.905064 9.770737
v 0.742485 -0.407306 9.872102
v 0.731667 -0.054568 9.896865
v 0.737356 0.298129 9.883836
v 0.759711 0.649857 9.832710
v 0.799071 0.997529 9.742853
v 0.855795 1.337851 9.613533
v 0.929818 1.665085 9.444678
v 1.019999 1.971972 9.238807
v 1.125092 2.251275 8.998728
v 1.277974 2.555778 8.649656
v 1.446480 2.793378 8.265964
v 1.625378 2.959406 7.860333
v 1.809996 3.054271 7.443652
v 2.064232 3.073875 6.872319
v 2.313436 2.973550 6.315483
v 2.549469 2.764586 5.792848
v 2.761031 2.465155 5.328641
v 2.941373 2.092656 4.931732
v 3.041450 1.810357 4.707598
v 3.125419 1.499597 4.515936
v 3.192553 1.161015 4.359714
v 3.242376 0.796019 4.243157
v 3.274179 0.403929 4.169447
v 3.273408 0.797746 4.254479
v 3.231153 1.165336 4.374623
v 3.173955 1.507764 4.536309
v 3.102042 1.822713 4.735412
v 3.016037 2.108549 4.968798
v 2.860917 2.482834 5.381983
v 2.679590 2.779196 5.863074
v 2.478497 2.981440 6.401325
v 2.267095 3.073748 6.972471
v 2.051977 3.046135 7.557168
v 1.896293 2.946190 7.982207
v 1.746088 2.776785 8.394201
v 1.605172 2.538404 8.782429
v 1.477658 2.235882 9.134773
v 1.390038 1.959719 9.377040
v 1.314755 1.656487 9.585062
v 1.252830 1.332754 9.756054
v 1.205212 0.995109 9.887481
v 1.172064 0.649009 9.979124
v 1.153179 0.297992 10.031441
v 1.148361 -0.054567 10.044812
v 1.157518 -0.407016 10.019416
v 1.194934 -0.903151 9.915886
v 1.261485 -1.383928 9.732169
v 1.356645 -1.834481 9.469332
v 1.477658 -2.235882 9.134773
v 1.561330 -2.445213 8.903486
v 1.651612 -2.626538 8.654335
v 1.747280 -2.778385 8.390930
v 1.847108 -2.899284 8.116885
v 2.054568 -3.047203 7.550107
v 2.267095 -3.073748 6.972471
v 2.478487 -2.981408 6.401375
v 2.679590 -2.779194 5.863074
v 2.860928 -2.482805 5.381949
v 3.016037 -2.108549 4.968798
v 3.140458 -1.665836 4.629521
v 3.232065 -1.158776 4.372013
v 3.289448 -0.595840 4.209141
v 3.082906 -1.145015 4.293718
v 2.928820 -1.632483 4.509417
v 2.725267 -2.056782 4.790403
v 2.474404 -2.425318 5.132852
v 2.177884 -2.731851 5.537219
v 1.841824 -2.955909 5.997908
v 1.482944 -3.074263 6.492205
v 1.118762 -3.073380 6.995237
v 0.758288 -2.946636 7.494437
v 0.582174 -2.832311 7.738911
v 0.411874 -2.683254 7.975638
v 0.250037 -2.500779 8.200831
v 0.099306 -2.286198 8.410703
v -0.118636 -1.869665 8.714137
v -0.288808 -1.402398 8.950926
v -0.406172 -0.909566 9.114171
v -0.471257 -0.408053 9.204785
v -0.487003 -0.054586 9.226728
v -0.478734 0.298508 9.215201
v -0.446056 0.651912 9.169682
v -0.388160 1.003188 9.089105
v -0.304164 1.349596 8.972282
v -0.193737 1.684743 8.818652
v -0.058598 1.999861 8.630564
v 0.099306 2.286198 8.410703
v 0.328757 2.595066 8.091268
v 0.580074 2.830808 7.741825
v 0.844366 2.989185 7.375095
v 1.114281 3.072625 7.001437
v 1.482944 3.074263 6.492205
v 1.841863 2.955952 5.997845
v 2.177884 2.731853 5.537219
v 2.474376 2.425381 5.132894
v 2.725267 2.056782 4.790403
v 2.865431 1.782466 4.597370
v 2.984551 1.481219 4.431747
v 3.081339 1.151374 4.295927
v 3.153933 0.792243 4.193815
v 3.200315 0.403148 4.128852
v 3.223940 0.403343 4.144346
v 3.182351 0.793217 4.212638
v 3.117271 1.153886 4.320160
v 3.030258 1.486026 4.463428
v 2.922642 1.789771 4.638315
v 2.795486 2.066178 4.842219
v 2.567299 2.435782 5.203662
v 2.298124 2.740396 5.629342
v 1.994431 2.960535 6.113010
v 1.671135 3.074149 6.631297
v 1.339710 3.067818 7.164742
v 1.097604 2.981392 7.555625
v 0.861210 2.821007 7.938532
v 0.636996 2.584767 8.302764
v 0.432635 2.277030 8.635338
v 0.292040 1.992529 8.864193
v 0.171634 1.679565 9.060081
v 0.073133 1.346492 9.220241
v -0.001933 1.001682 9.342244
v -0.053757 0.651358 9.426553
v -0.083052 0.298401 9.474269
v -0.090476 -0.054580 9.486373
v -0.076345 -0.407847 9.463342
v -0.018047 -0.908365 9.368454
v 0.086842 -1.398997 9.197959
v 0.238562 -1.863230 8.951212
v 0.432635 -2.277030 8.635338
v 0.566855 -2.490672 8.416865
v 0.711100 -2.672953 8.182294
v 0.863088 -2.822527 7.935490
v 1.020534 -2.938051 7.680317
v 1.343731 -3.068630 7.158255
v 1.671135 -3.074149 6.631297
v 1.994400 -2.960494 6.113074
v 2.298124 -2.740393 5.629343
v 2.567322 -2.435725 5.203620
v 2.795486 -2.066178 4.842219
v 2.979964 -1.638531 4.545431
v 3.118675 -1.147490 4.317832
v 3.207143 -0.593572 4.171823
v 2.991919 -1.142891 4.212473
v 2.797098 -1.627278 4.390370
v 2.542887 -2.048696 4.623406
v 2.232216 -2.416368 4.909090
v 1.864579 -2.724512 5.247246
v 1.445232 -2.951974 5.632392
v 0.995115 -3.074366 6.045250
v 0.536977 -3.077468 6.465130
v 0.081911 -2.954021 6.881894
v -0.141213 -2.840730 7.086104
v -0.357418 -2.692123 7.283905
v -0.563204 -2.509484 7.472123
v -0.755073 -2.294098 7.647582
v -1.032482 -1.875215 7.901271
v -1.248806 -1.405336 8.099130
v -1.397674 -0.910608 8.235305
v -1.480111 -0.408236 8.310693
v -1.500033 -0.054592 8.328907
v -1.489571 0.298604 8.319343
v -1.448201 0.652397 8.281516
v -1.374841 1.004493 8.214422
v -1.268298 1.352279 8.116961
v -1.127992 1.689213 7.988625
v -0.956088 2.006183 7.831406
v -0.755073 2.294098 7.647582
v -0.463070 2.603933 7.380544
v -0.143872 2.839243 7.088537
v 0.190762 2.995890 6.782238
v 0.531327 3.076761 6.470307
v 0.995115 3.074366 6.045250
v 1.445290 2.952020 5.632342
v 1.864580 2.724515 5.247246
v 2.232176 2.416436 4.909125
v 2.542887 2.048696 4.623406
v 2.717589 1.776179 4.463151
v 2.867270 1.477086 4.326215
v 2.989924 1.149219 4.214291
v 3.082233 0.791411 4.130112
v 3.141083 0.402984 4.076382
v 3.116452 0.791454 4.163840
v 3.033672 1.149328 4.257450
v 2.923584 1.477293 4.381830
v 2.788818 1.776491 4.533570
v 2.631016 2.049097 4.710609
v 2.349540 2.416883 5.025347
v 2.016462 2.724884 5.397660
v 1.637273 2.952219 5.822381
v 1.230837 3.074363 6.278449
v 0.812528 3.076555 6.748348
v 0.505607 2.995556 7.093413
v 0.204294 2.838823 7.432477
v -0.082903 2.603494 7.755911
v -0.345513 2.293709 8.051792
v -0.526286 2.005873 8.255477
v -0.680903 1.688995 8.429664
v -0.807124 1.352150 8.571838
v -0.902988 1.004431 8.679803
v -0.968985 0.652375 8.754150
v -1.006196 0.298601 8.796081
v -1.015603 -0.054592 8.806685
v -0.997687 -0.408228 8.786492
v -0.923529 -0.910559 8.702942
v -0.789586 -1.405194 8.552085
v -0.594994 -1.874944 8.332885
v -0.345513 -2.293709 8.051792
v -0.172967 -2.509053 7.857374
v 0.012139 -2.691683 7.648856
v 0.206688 -2.840312 7.429784
v 0.407565 -2.953653 7.203703
v 0.817621 -3.077264 6.742623
v 1.230837 -3.074363 6.278449
v 1.637223 -2.952174 5.822440
v 2.016462 -2.724881 5.397661
v 2.349575 -2.416815 5.025307
v 2.631016 -2.049097 4.710609
v 2.860454 -1.627537 4.452974
v 3.035460 -1.142999 4.255426
v 3.147987 -0.592712 4.128213
v 2.919097 -1.148059 4.115429
v 2.689178 -1.639917 4.250970
v 2.389283 -2.068331 4.431502
v 2.024159 -2.438112 4.654959
v 1.594280 -2.742355 4.918485
v 1.106131 -2.961548 5.215494
v 0.583364 -3.074125 5.531367
v 0.051889 -3.067542 5.851139
v -0.474442 -2.936083 6.166601
v -0.731587 -2.820285 6.320172
v -0.980234 -2.670593 6.468357
v -1.216509 -2.488358 6.608950
v -1.436539 -2.274933 6.739743
v -1.754667 -1.861761 6.928860
v -2.003235 -1.398223 7.076750
v -2.175074 -0.908094 7.179052
v -2.270766 -0.407801 7.235944
v -2.294004 -0.054579 7.249740
v -2.281790 0.298378 7.242492
v -2.233658 0.651233 7.213897
v -2.148650 1.001342 7.163332
v -2.025686 1.345785 7.090118
v -1.864330 1.678384 6.994092
v -1.667022 1.990853 6.876743
v -1.436539 2.274933 6.739743
v -1.101585 2.582408 6.540590
v -0.734652 2.818761 6.322003
v -0.348757 2.979605 6.091400
v 0.045349 3.066717 5.855065
v 0.583364 3.074125 5.531367
v 1.106194 2.961589 5.215466
v 1.594281 2.742357 4.918485
v 2.024117 2.438168 4.654981
v 2.389283 2.068331 4.431502
v 2.595327 1.791444 4.307038
v 2.772030 1.487127 4.201798
v 2.916746 1.154463 4.116800
v 3.025312 0.793443 4.053268
v 3.094240 0.403389 4.012669
v 3.051698 0.792089 4.093093
v 2.950733 1.150978 4.167161
v 2.816474 1.480462 4.265868
v 2.652768 1.781315 4.387247
v 2.461963 2.055302 4.529964
v 2.123343 2.423742 4.785300
v 1.723430 2.730506 5.087127
v 1.267663 2.955229 5.429453
v 0.778422 3.074280 5.795313
v 0.274412 3.073382 6.171230
v -0.095488 2.990413 6.446557
v -0.458629 2.832352 6.716269
v -0.804740 2.596687 6.972846
v -1.121181 2.287642 7.207160
v -1.338989 2.001015 7.368419
v -1.525305 1.685559 7.506413
v -1.677465 1.350084 7.619153
v -1.793139 1.003424 7.704885
v -1.872898 0.651999 7.763963
v -1.917941 0.298525 7.797301
v -1.929346 -0.054587 7.805736
v -1.907635 -0.408086 7.789674
v -1.817952 -0.909754 7.723267
v -1.656315 -1.402933 7.603478
v -1.421777 -1.870678 7.429728
v -1.121181 -2.287642 7.207160
v -0.913270 -2.502371 7.053230
v -0.690204 -2.684877 6.887980
v -0.455744 -2.833852 6.714127
v -0.213650 -2.947988 6.534385
v 0.280549 -3.074128 6.166659
v 0.778422 -3.074280 5.795313
v 1.267600 -2.955185 5.429493
v 1.723429 -2.730504 5.087127
v 2.123385 -2.423678 4.785271
v 2.461963 -2.055302 4.529964
v 2.739703 -1.631529 4.322667
v 2.952918 -1.144625 4.165562
v 3.090083 -0.593020 4.064870
v 2.869378 -1.158827 4.009065
v 2.611802 -1.665957 4.100545
v 2.272404 -2.108734 4.224789
v 1.859098 -2.483011 4.379667
v 1.377821 -2.779366 4.560728
v 0.839400 -2.981501 4.761520
v 0.268211 -3.073747 4.972584
v -0.309499 -3.047110 5.184778
v -0.876316 -2.899116 5.391909
v -1.150363 -2.778193 5.491577
v -1.413760 -2.626336 5.587090
v -1.662896 -2.445016 5.677226
v -1.894164 -2.235703 5.760762
v -2.228695 -1.834356 5.881580
v -2.491519 -1.383863 5.976589
v -2.675239 -0.903129 6.043036
v -2.778778 -0.407013 6.080396
v -2.804177 -0.054567 6.089539
v -2.790804 0.297991 6.084728
v -2.738481 0.648999 6.065871
v -2.646832 0.995082 6.032774
v -2.515404 1.332695 5.985231
v -2.344419 1.656388 5.923404
v -2.136410 1.959577 5.848241
v -1.894164 2.235703 5.760762
v -1.541847 2.538203 5.633455
v -1.153634 2.776592 5.492767
v -0.741633 2.946036 5.342803
v -0.316561 3.046041 5.187365
v 0.268211 3.073747 4.972584
v 0.839450 2.981533 4.761511
v 1.377822 2.779367 4.560728
v 1.859064 2.483041 4.379677
v 2.272404 2.108734 4.224789
v 2.505876 1.822858 4.138907
v 2.705043 1.507861 4.067094
v 2.866768 1.165388 4.009976
v 2.986934 0.797766 3.967782
v 3.062713 0.404317 3.940899
v 3.003610 0.795404 4.011125
v 2.888642 1.159454 4.063975
v 2.734756 1.496628 4.135061
v 2.546185 1.805854 4.223758
v 2.325833 2.086862 4.329285
v 1.935575 2.458723 4.519306
v 1.478454 2.759284 4.742511
v 0.962723 2.970695 4.992144
v 0.412510 3.073932 5.256181
v -0.152439 3.057236 5.525837
v -0.564908 2.964220 5.721913
v -0.967011 2.799426 5.912243
v -1.347853 2.562122 6.091802
v -1.694616 2.256908 6.254884
v -1.933133 1.976466 6.367009
v -2.137580 1.668248 6.463181
v -2.305146 1.339737 6.542059
v -2.433324 0.998434 6.602427
v -2.522281 0.650183 6.644263
v -2.572836 0.298187 6.667999
v -2.585706 -0.054571 6.674032
v -2.561238 -0.407422 6.662556
v -2.460940 -0.905783 6.615418
v -2.281790 -1.391592 6.531059
v -2.023902 -1.849147 6.409697
v -1.694616 -2.256908 6.254884
v -1.466902 -2.468461 6.147823
v -1.222031 -2.650290 6.032540
v -0.963818 -2.800986 5.910732
v -0.696081 -2.919140 5.784098
v -0.145591 -3.058173 5.522577
v 0.412510 -3.073932 5.256181
v 0.962664 -2.970659 4.992162
v 1.478453 -2.759282 4.742511
v 1.935614 -2.458679 4.519290
v 2.325833 -2.086862 4.329285
v 2.646395 -1.651857 4.176437
v 2.891136 -1.152978 4.062835
v 3.047129 -0.594658 3.991018
v 2.844808 -1.170582 3.904359
v 2.568079 -1.694051 3.951148
v 2.198564 -2.152378 4.015175
v 1.748154 -2.531814 4.094718
v 1.230697 -2.819867 4.186606
v 0.662954 -3.003494 4.286986
v 0.068302 -3.073529 4.391464
v -0.528826 -3.024963 4.495888
v -1.107331 -2.858971 4.596733
v -1.383107 -2.732550 4.644672
v -1.646027 -2.578459 4.690286
v -1.893202 -2.398267 4.733095
v -2.121739 -2.193542 4.772622
v -2.452754 -1.805124 4.829844
v -2.714905 -1.368739 4.875164
v -2.900862 -0.898066 4.907289
v -3.007223 -0.406317 4.925610
v -3.033634 -0.054576 4.930148
v -3.019700 0.297690 4.927755
v -2.965647 0.646817 4.918457
v -2.871912 0.988640 4.902295
v -2.738926 1.318936 4.879316
v -2.567861 1.633020 4.849744
v -2.361249 1.926130 4.814026
v -2.121739 2.193542 4.772622
v -1.773273 2.490448 4.712333
v -1.386402 2.730867 4.645246
v -0.970793 2.909575 4.572962
v -0.536059 3.023627 4.497152
v 0.068302 3.073529 4.391464
v 0.662976 3.003516 4.286985
v 1.230697 2.819867 4.186606
v 1.748135 2.531814 4.094721
v 2.198564 2.152378 4.015175
v 2.453167 1.856732 3.970892
v 2.668843 1.530267 3.933966
v 2.842036 1.177310 3.904821
v 2.969099 0.802611 3.883546
v 3.048485 0.405452 3.870128
v 2.975458 0.800279 3.924662
v 2.851270 1.171604 3.956327
v 2.683085 1.519560 3.999480
v 2.474794 1.840540 4.054059
v 2.229751 2.131493 4.119547
v 1.796059 2.508418 4.237604
v 1.294479 2.800396 4.374814
v 0.738718 2.992922 4.525704
v 0.152744 3.073604 4.683398
v -0.444993 3.034376 4.843297
v -0.877279 2.927072 4.958447
v -1.293473 2.752800 5.068826
v -1.683312 2.513328 5.171766
v -2.035791 2.213711 5.264557
v -2.278082 1.942107 5.328289
v -2.486582 1.644163 5.383160
v -2.658566 1.325480 5.428447
v -2.791498 0.991688 5.463461
v -2.884690 0.647836 5.487963
v -2.938162 0.297820 5.501992
v -2.951887 -0.054569 5.505586
v -2.925845 -0.406632 5.498762
v -2.820332 -0.900457 5.471045
v -2.634480 -1.375936 5.422102
v -2.370508 -1.819079 5.352608
v -2.035791 -2.213711 5.264557
v -1.804520 -2.420654 5.203699
v -1.554885 -2.601407 5.137894
v -1.290171 -2.754443 5.067950
v -1.013662 -2.878235 4.994676
v -0.437806 -3.035583 4.841379
v 0.152744 -3.073604 4.683398
v 0.738682 -2.992895 4.525707
v 1.294479 -2.800395 4.374814
v 1.796086 -2.508405 4.237598
v 2.229751 -2.131493 4.119547
v 2.585673 -1.680626 4.024877
v 2.853973 -1.164956 3.955642
v 3.022148 -0.597143 3.912687
v 2.966552 0.804287 3.847681
v 2.837781 1.181400 3.858581
v 2.661371 1.537949 3.873555
v 2.440785 1.868376 3.892471
v 2.179724 2.167438 3.915055
v 1.718041 2.548754 3.955350
v 1.190430 2.834016 4.001605
v 0.615980 3.011242 4.051922
v 0.017366 3.073503 4.104207
v -0.589203 3.015839 4.157059
v -1.023646 2.896881 4.194879
v -1.436620 2.714966 4.230817
v -1.819110 2.473884 4.264072
v -2.162585 2.178967 4.293904
v -2.398672 1.914600 4.314397
v -2.602752 1.624989 4.332105
v -2.772239 1.314229 4.346802
v -2.904607 0.986453 4.358268
v -2.998302 0.646093 4.366368
v -3.052543 0.297602 4.371048
v -3.066570 -0.054583 4.372256
v -3.040001 -0.406098 4.369966
v -2.933504 -0.896354 4.360767
v -2.748388 -1.363561 4.344735
v -2.488987 -1.795060 4.322234
v -2.162585 -2.178967 4.293904
v -1.937397 -2.382068 4.274349
v -1.693466 -2.561836 4.253151
v -1.433348 -2.716677 4.230532
v -1.159597 -2.844996 4.206712
v -0.581971 -3.017267 4.156428
v 0.017366 -3.073503 4.104207
v 0.615970 -3.011223 4.051922
v 1.190430 -2.834016 4.001605
v 1.718054 -2.548765 3.955348
v 2.179724 -2.167438 3.915055
v 2.558389 -1.703695 3.882366
v 2.840595 -1.174615 3.858344
v 3.014611 -0.599234 3.843597
v 3.155691 -1.150696 4.339060
v 3.032598 -1.646335 4.577625
v 2.867682 -2.078296 4.889440
v 2.663016 -2.449164 5.269009
v 2.422140 -2.751443 5.714731
v 2.151821 -2.966434 6.219186
v 1.865235 -3.074015 6.758304
v 1.575645 -3.062504 7.305796
v 1.290726 -2.926974 7.846867
v 1.152429 -2.809907 8.110594
v 1.019213 -2.659672 8.365258
v 0.892992 -2.477651 8.606996
v 0.775683 -2.265228 8.831946
v 0.606057 -1.854962 9.157208
v 0.473235 -1.394642 9.411656
v 0.381117 -0.906839 9.588008
v 0.329758 -0.407592 9.686492
v 0.317277 -0.054574 9.710466
v 0.323837 0.298271 9.697860
v 0.349676 0.650659 9.648268
v 0.395289 0.999765 9.560855
v 0.461212 1.342518 9.434671
v 0.547499 1.672917 9.269416
v 0.652817 1.983101 9.067573
v 0.775683 2.265228 8.831946
v 0.954345 2.571494 8.489444
v 1.150779 2.808364 8.113738
v 1.358552 2.971334 7.717805
v 1.572096 3.061619 7.312523
v 1.865235 3.074015 6.758304
v 2.151843 2.966473 6.219124
v 2.422140 2.751445 5.714731
v 2.662997 2.449213 5.269050
v 2.867682 2.078296 4.889440
v 2.981474 1.799192 4.675155
v 3.077355 1.492232 4.491575
v 3.154452 1.157139 4.341494
v 3.211911 0.794489 4.229145
v 3.390157 -0.000000 3.996741
v 3.356438 -0.000000 3.989382
v 3.322934 -0.000000 3.973358
v 3.292486 0.000000 3.949014
v 3.268142 0.000000 3.918566
v 3.252118 0.000000 3.885062
v 3.244759 0.000000 3.851343
v 3.407831 -0.619290 4.057630
v 3.409705 0.433654 4.027053
v 3.355938 -0.617456 4.051849
v 3.364354 0.432997 4.022183
v 3.296432 -0.615081 4.027774
v 3.331310 0.432420 4.011185
v 3.255843 -0.614298 3.997218
v 3.293986 0.431955 3.989148
v 3.222329 -0.614712 3.958467
v 3.261234 0.431885 3.958555
v 3.198981 -0.616171 3.915264
v 3.236247 0.432238 3.922305
v 3.187359 -0.617951 3.874159
v 3.220966 0.432877 3.883804
v 3.401002 1.039023 4.168865
v 3.385356 1.605566 4.423093
v 3.363341 2.112656 4.780227
v 3.335780 2.542368 5.227143
v 3.303671 2.879357 5.748102
v 3.268189 3.111291 6.324411
v 3.230634 3.229019 6.935082
v 3.192398 3.228015 7.557138
v 3.154845 3.108040 8.167741
v 3.136743 3.004581 8.461839
v 3.119314 2.873297 8.744842
v 3.102725 2.715195 9.014055
v 3.087133 2.531822 9.266973
v 3.072691 2.324914 9.501198
v 3.059544 2.096329 9.714400
v 3.047818 1.848344 9.904596
v 3.037630 1.583307 10.069939
v 3.022211 1.012349 10.320501
v 3.013833 0.404743 10.457073
v 3.012726 -0.217348 10.475170
v 3.018922 -0.831674 10.374051
v 3.032257 -1.416015 10.157192
v 3.041474 -1.690112 10.007553
v 3.052286 -1.948666 9.832121
v 3.064586 -2.189271 9.632631
v 3.078261 -2.409544 9.410863
v 3.093175 -2.607380 9.168971
v 3.109181 -2.780909 8.909292
v 3.126123 -2.928498 8.634286
v 3.143838 -3.048952 8.346586
v 3.180921 -3.204173 7.743795
v 3.219092 -3.241363 7.122840
v 3.257001 -3.159192 6.506265
v 3.293252 -2.960978 5.917256
v 3.326509 -2.654539 5.377515
v 3.355559 -2.251377 4.906404
v 3.379344 -1.765881 4.520655
v 3.396987 -1.215222 4.234166
v 3.380693 0.433282 4.025100
v 3.352524 1.034902 4.164442
v 3.302085 1.593275 4.411573
v 3.231536 2.090321 4.755049
v 3.143440 2.513505 5.183186
v 3.040421 2.851856 5.685196
v 2.925767 3.092479 6.246796
v 2.803554 3.222705 6.848604
v 2.678694 3.234892 7.464926
v 2.555409 3.127228 8.073546
v 2.495543 3.028717 8.369092
v 2.437604 2.900907 8.655133
v 2.382177 2.744296 8.928801
v 2.329881 2.560297 9.187031
v 2.281328 2.350795 9.426784
v 2.237123 2.118003 9.645047
v 2.197776 1.865034 9.839308
v 2.163728 1.595005 10.007430
v 2.112594 1.016078 10.260208
v 2.085154 0.405096 10.396527
v 2.081563 -0.217409 10.414461
v 2.101784 -0.833885 10.313799
v 2.145840 -1.424907 10.095789
v 2.176554 -1.703743 9.944088
v 2.212763 -1.967395 9.765312
v 2.254072 -2.212750 9.561364
v 2.300063 -2.436693 9.334270
v 2.350170 -2.636415 9.086843
v 2.403779 -2.809693 8.822140
v 2.460273 -2.954912 8.543220
v 2.519051 -3.071274 8.253035
v 2.641118 -3.214985 7.650428
v 2.765893 -3.239061 7.034444
v 2.889439 -3.143947 6.425393
v 3.006847 -2.935447 5.849321
v 3.113757 -2.625231 5.327609
v 3.206660 -2.226427 4.875941
v 3.282779 -1.750547 4.505737
v 3.339554 -1.209052 4.228198
v 3.374621 -0.618251 4.055277
v 3.392978 -0.618918 4.057062
v 3.371230 -1.213009 4.232470
v 3.335881 -1.760381 4.515955
v 3.288303 -2.242429 4.896331
v 3.230206 -2.644028 5.360708
v 3.163589 -2.951821 5.894344
v 3.090806 -3.153725 6.479247
v 3.014547 -3.240538 7.093807
v 2.937684 -3.208051 7.713720
v 2.862809 -3.056958 8.317252
v 2.826930 -2.937971 8.606276
v 2.792549 -2.791232 8.883129
v 2.760013 -2.617793 9.145053
v 2.729660 -2.419281 9.389359
v 2.701816 -2.197691 9.613435
v 2.676786 -1.955383 9.814875
v 2.654808 -1.695001 9.991805
v 2.636110 -1.419204 10.142424
v 2.609154 -0.832467 10.360011
v 2.596696 -0.217370 10.461097
v 2.598916 0.404870 10.443036
v 2.615788 1.013686 10.306373
v 2.647006 1.587503 10.054636
v 2.667699 1.854330 9.888022
v 2.691552 2.104102 9.696036
v 2.718318 2.334196 9.480638
v 2.747719 2.542034 9.244011
v 2.779430 2.725632 8.988749
v 2.813120 2.883199 8.717493
v 2.848446 3.013237 8.432962
v 2.885063 3.114922 8.137923
v 2.960808 3.230482 7.527248
v 3.037773 3.226755 6.906521
v 3.113286 3.104544 6.298381
v 3.184475 2.869494 5.726868
v 3.248754 2.532016 5.212388
v 3.303863 2.104646 4.771988
v 3.347919 1.601158 4.419549
v 3.379282 1.037545 4.167665
v 3.396735 0.433521 4.026594
v 3.270805 1.025373 4.138994
v 3.164530 1.564849 4.361118
v 3.018797 2.038664 4.663325
v 2.838172 2.446750 5.036980
v 2.624589 2.788251 5.480426
v 2.381870 3.048972 5.987757
v 2.117797 3.208104 6.543355
v 1.845393 3.250795 7.118151
v 1.573493 3.171608 7.692341
v 1.439534 3.084540 7.975486
v 1.308581 2.964765 8.252457
v 1.182068 2.811600 8.520218
v 1.061818 2.626152 8.774853
v 0.949698 2.410652 9.012338
v 0.847596 2.168130 9.228591
v 0.757065 1.903636 9.420275
v 0.679314 1.622060 9.584843
v 0.564124 1.024700 9.828723
v 0.503483 0.405911 9.957560
v 0.495652 -0.217549 9.974266
v 0.540116 -0.838997 9.879641
v 0.638751 -1.445475 9.670694
v 0.708530 -1.735268 9.523005
v 0.791525 -2.010711 9.347310
v 0.886722 -2.267054 9.145726
v 0.992998 -2.499485 8.920619
v 1.108570 -2.703569 8.675837
v 1.231504 -2.876267 8.415569
v 1.359951 -3.016003 8.143790
v 1.492326 -3.122901 7.863877
v 1.762961 -3.239989 7.292172
v 2.035781 -3.233736 6.716344
v 2.303860 -3.108689 6.151557
v 2.554079 -2.876398 5.627425
v 2.777017 -2.557447 5.163693
v 2.967780 -2.168724 4.768864
v 3.124383 -1.715085 4.444564
v 3.243260 -1.194780 4.196783
v 3.318168 -0.615848 4.039085
v 3.337055 -0.616629 4.046499
v 3.275317 -1.199417 4.210562
v 3.176648 -1.726608 4.469979
v 3.045873 -2.187474 4.811484
v 2.886465 -2.579472 5.227533
v 2.701156 -2.895585 5.713684
v 2.494701 -3.120146 6.259284
v 2.274842 -3.235466 6.843870
v 2.051652 -3.231864 7.438459
v 1.831203 -3.106125 8.026177
v 1.723894 -2.996152 8.312514
v 1.620070 -2.854635 8.589705
v 1.520961 -2.681748 8.854456
v 1.427949 -2.479082 9.103010
v 1.342467 -2.249409 9.331456
v 1.265832 -1.996636 9.536200
v 1.198911 -1.725025 9.714946
v 1.142498 -1.438792 9.865616
v 1.062409 -0.837336 10.079779
v 1.026120 -0.217503 10.177346
v 1.032527 0.405646 10.160072
v 1.081949 1.021898 10.027452
v 1.175310 1.613269 9.777981
v 1.238072 1.891093 9.610360
v 1.310986 2.151842 9.415576
v 1.393123 2.391202 9.196086
v 1.483324 2.604753 8.955028
v 1.580191 2.789730 8.696224
v 1.682330 2.944015 8.423459
v 1.788370 3.066401 8.140450
v 1.897179 3.157188 7.850221
v 2.119019 3.245627 7.258960
v 2.342025 3.212848 6.665018
v 2.558903 3.063109 6.089183
v 2.759623 2.808918 5.559935
v 2.937508 2.468441 5.094161
v 3.088522 2.055449 4.700228
v 3.210051 1.574085 4.382418
v 3.298067 1.028469 4.150332
v 3.347835 0.432700 4.017588
v 3.209301 1.020228 4.101371
v 3.062518 1.549502 4.294900
v 2.863845 2.010774 4.555819
v 2.618791 2.410709 4.877249
v 2.326934 2.753910 5.260785
v 1.990879 3.025483 5.703898
v 1.620655 3.200220 6.193640
v 1.236567 3.259381 6.702442
v 0.851062 3.195569 7.213350
v 0.659761 3.114678 7.467012
v 0.471833 2.999241 7.716292
v 0.289412 2.847937 7.958357
v 0.115410 2.661707 8.189314
v -0.047154 2.442968 8.405123
v -0.195205 2.195194 8.601661
v -0.326236 1.924476 8.775574
v -0.438370 1.636667 8.924376
v -0.603477 1.029355 9.143480
v -0.689710 0.406351 9.258078
v -0.700789 -0.217624 9.272827
v -0.637677 -0.841758 9.188896
v -0.496682 -1.456579 9.001751
v -0.396283 -1.752289 8.868527
v -0.276373 -2.034097 8.709393
v -0.138485 -2.296373 8.526368
v 0.015652 -2.533386 8.321744
v 0.183130 -2.739825 8.099420
v 0.360784 -2.912210 7.863640
v 0.545646 -3.048985 7.618373
v 0.735282 -3.150773 7.366859
v 1.120006 -3.253489 6.856890
v 1.505131 -3.230861 6.346644
v 1.881923 -3.089654 5.847887
v 2.229798 -2.844518 5.388702
v 2.535559 -2.520851 4.986512
v 2.794620 -2.137571 4.646621
v 3.007550 -1.695939 4.367173
v 3.171053 -1.187075 4.151892
v 3.275492 -0.614550 4.013714
v 3.206474 -1.190228 4.176486
v 3.064786 -1.703774 4.408863
v 2.879329 -2.150320 4.711415
v 2.653573 -2.535827 5.079545
v 2.388273 -2.857564 5.513944
v 2.088214 -3.097444 6.008059
v 1.764744 -3.232037 6.543193
v 1.434733 -3.247965 7.089957
v 1.106012 -3.139367 7.635015
v 0.944492 -3.035488 7.903076
v 0.787335 -2.897501 8.164042
v 0.636558 -2.724988 8.414546
v 0.494577 -2.519512 8.650520
v 0.363952 -2.284375 8.867638
v 0.247033 -2.024527 9.061925
v 0.145254 -1.745323 9.231008
v 0.059894 -1.452035 9.372786
v -0.060292 -0.840628 9.572510
v -0.114232 -0.217593 9.662444
v -0.104751 0.406171 9.646609
v -0.031100 1.027450 9.523959
v 0.109489 1.630690 9.290415
v 0.204736 1.915948 9.132206
v 0.315874 2.184118 8.947541
v 0.441354 2.429743 8.738988
v 0.579138 2.647157 8.509975
v 0.726737 2.833067 8.264709
v 0.881700 2.985132 8.007323
v 1.041651 3.102345 7.741811
v 1.204799 3.185764 7.471150
v 1.534544 3.255867 6.924559
v 1.863828 3.203446 6.379123
v 2.182006 3.035096 5.853309
v 2.472391 2.767963 5.375954
v 2.726035 2.425458 4.961277
v 2.939676 2.022187 4.613050
v 3.112516 1.555782 4.330761
v 3.239479 1.022333 4.122072
v 3.312295 0.432145 4.001377
v 3.155009 1.019454 4.050437
v 2.971895 1.547193 4.209254
v 2.725202 2.006578 4.423665
v 2.421406 2.405287 4.687886
v 2.058722 2.748744 5.003005
v 1.639308 3.021949 5.366751
v 1.175363 3.199034 5.768423
v 0.693172 3.260673 6.185577
v 0.208657 3.199174 6.604636
v -0.032114 3.119213 6.812820
v -0.268869 3.004428 7.017490
v -0.498900 2.853404 7.216308
v -0.718469 2.667057 7.406053
v -0.923686 2.447830 7.583381
v -1.110581 2.199265 7.744880
v -1.275926 1.927612 7.887770
v -1.417334 1.638865 8.009988
v -1.625362 1.030056 8.189784
v -1.733992 0.406417 8.283602
v -1.747954 -0.217635 8.295649
v -1.668434 -0.842173 8.226998
v -1.490832 -1.458249 8.073514
v -1.364269 -1.754849 7.964123
v -1.213008 -2.037616 7.833397
v -1.038983 -2.300784 7.683011
v -0.844395 -2.538486 7.514868
v -0.632998 -2.745279 7.332195
v -0.408878 -2.917618 7.138506
v -0.175855 -3.053948 6.937086
v 0.062969 -3.154967 6.730611
v 0.546752 -3.255520 6.312230
v 1.030374 -3.230428 5.893870
v 1.502939 -3.086790 5.484879
v 1.937689 -2.839721 5.108047
v 2.318113 -2.515345 4.777682
v 2.639380 -2.132884 4.498307
v 2.903542 -1.693058 4.268625
v 3.107197 -1.185916 4.091864
v 3.237979 -0.614355 3.978645
v 3.137721 -1.185576 4.123499
v 2.953521 -1.692213 4.320185
v 2.714390 -2.131508 4.575314
v 2.423546 -2.513729 4.885594
v 2.079363 -2.838314 5.253014
v 1.686368 -3.085949 5.672911
v 1.259491 -3.230301 6.129332
v 0.822707 -3.256116 6.596450
v 0.385742 -3.156198 7.063823
v 0.170012 -3.055404 7.294600
v -0.040487 -2.919205 7.519802
v -0.242950 -2.746880 7.736423
v -0.433924 -2.539983 7.940764
v -0.609715 -2.302078 8.128862
v -0.766930 -2.038649 8.297077
v -0.903576 -1.755601 8.443278
v -1.017898 -1.458740 8.565589
v -1.178262 -0.842295 8.737169
v -1.249986 -0.217639 8.813945
v -1.237400 0.406436 8.800469
v -1.139384 1.030261 8.695567
v -0.951511 1.639510 8.494563
v -0.823770 1.928532 8.357893
v -0.674397 2.200460 8.198071
v -0.505555 2.449257 8.017410
v -0.320163 2.668627 7.819041
v -0.121810 2.855008 7.606810
v 0.085990 3.005950 7.384488
v 0.299854 3.120544 7.155699
v 0.517336 3.200232 6.923063
v 0.954949 3.261052 6.455020
v 1.390444 3.198686 5.989296
v 1.809604 3.020912 5.541200
v 2.188834 2.747227 5.136118
v 2.517044 2.403695 4.785833
v 2.792090 2.005346 4.492427
v 3.015368 1.546515 4.254169
v 3.180926 1.019226 4.077329
v 3.276821 0.431864 3.974769
v 3.112785 1.023355 3.990655
v 2.898966 1.558830 4.110136
v 2.609197 2.027726 4.273200
v 2.251474 2.432616 4.474947
v 1.825962 2.774783 4.714136
v 1.337114 3.039760 4.987278
v 0.799650 3.205012 5.285837
v 0.242610 3.254162 5.594475
v -0.315030 3.181005 5.903210
v -0.590785 3.096359 6.055749
v -0.861043 2.978285 6.205153
v -1.122796 2.825850 6.349763
v -1.372059 2.640096 6.487407
v -1.604716 2.423325 6.615848
v -1.816581 2.178744 6.732816
v -2.004244 1.911809 6.836453
v -2.165132 1.627789 6.925333
v -2.402934 1.026526 7.056684
v -2.528067 0.406083 7.125605
v -2.544246 -0.217578 7.134485
v -2.452441 -0.840080 7.083991
v -2.248951 -1.449829 6.971642
v -2.104705 -1.741943 6.891951
v -1.932818 -2.019883 6.797008
v -1.735405 -2.278552 6.687997
v -1.514847 -2.512780 6.566237
v -1.275093 -2.717787 6.433871
v -1.020445 -2.890363 6.293228
v -0.754958 -3.028938 6.146516
v -0.482015 -3.133832 5.995594
v 0.073781 -3.245283 5.687976
v 0.632062 -3.232608 5.378727
v 1.178847 -3.101224 5.075351
v 1.684542 -2.863895 4.793337
v 2.130041 -2.543095 4.543333
v 2.508152 -2.156507 4.330186
v 2.818847 -1.707576 4.155129
v 3.057074 -1.191758 4.021683
v 3.209261 -0.615339 3.937179
v 3.080124 -1.188035 4.057684
v 2.858404 -1.698325 4.213325
v 2.570366 -2.141453 4.416351
v 2.219989 -2.525411 4.663404
v 1.805705 -2.848490 4.954584
v 1.333192 -3.092026 5.285232
v 0.820362 -3.231219 5.642818
v 0.295904 -3.251807 6.008097
v -0.227874 -3.147300 6.372670
v -0.485986 -3.044875 6.552198
v -0.737566 -2.907731 6.727103
v -0.979312 -2.735307 6.895103
v -1.207195 -2.529161 7.053424
v -1.416917 -2.292719 7.199118
v -1.604525 -2.031183 7.329476
v -1.767689 -1.750168 7.442872
v -1.904350 -1.455195 7.537867
v -2.096484 -0.841414 7.671375
v -2.182762 -0.217615 7.731180
v -2.167591 0.406296 7.720678
v -2.049833 1.028775 7.638978
v -1.824971 1.634847 7.482687
v -1.672372 1.921879 7.376621
v -1.494089 2.191821 7.252735
v -1.292651 2.438941 7.112789
v -1.071458 2.657277 6.959123
v -0.834689 2.843409 6.794604
v -0.586443 2.994945 6.622049
v -0.330669 3.110923 6.444178
v -0.070266 3.192583 6.263002
v 0.454625 3.258311 5.897566
v 0.977658 3.201203 5.533215
v 1.481311 3.028410 5.181738
v 1.937424 2.758190 4.862138
v 2.332604 2.415200 4.584055
v 2.663974 2.014249 4.350327
v 2.932862 1.551414 4.160966
v 3.132126 1.020869 4.021327
v 3.247602 0.432013 3.940921
v 3.085802 1.030426 3.927130
v 2.848514 1.579923 4.004061
v 2.522166 2.066057 4.110721
v 2.116982 2.482149 4.243462
v 1.639082 2.821980 4.399466
v 1.098525 3.072044 4.574742
v 0.512969 3.215847 4.763334
v -0.089765 3.242362 4.956873
v -0.688385 3.148074 5.148982
v -0.981318 3.054938 5.242935
v -1.266355 2.930901 5.334315
v -1.540502 2.775909 5.422160
v -1.800212 2.591230 5.505348
v -2.041896 2.378910 5.582747
v -2.261944 2.141548 5.653223
v -2.457384 1.883166 5.715833
v -2.625839 1.607713 5.769807
v -2.877280 1.020128 5.850312
v -3.011504 0.405479 5.893089
v -3.029038 -0.217474 5.898649
v -2.930184 -0.836286 5.867209
v -2.714042 -1.434568 5.798064
v -2.562457 -1.718551 5.749501
v -2.382964 -1.987741 5.691993
v -2.177601 -2.238257 5.626208
v -1.948595 -2.466187 5.552869
v -1.699334 -2.667958 5.473040
v -1.433503 -2.840964 5.387880
v -1.154678 -2.983607 5.298517
v -0.866069 -3.095524 5.205977
v -0.271706 -3.226730 5.015274
v 0.331399 -3.236560 4.821662
v 0.925322 -3.127386 4.630642
v 1.481774 -2.907711 4.450606
v 1.979949 -2.593392 4.288284
v 2.407739 -2.199324 4.148208
v 2.758731 -1.733890 4.033337
v 3.024328 -1.202348 3.946982
v 3.191576 -0.617122 3.893173
v 3.038404 -1.196699 3.984562
v 2.785461 -1.719852 4.094867
v 2.453628 -2.176481 4.240554
v 2.049520 -2.566559 4.418070
v 1.575876 -2.884336 4.625059
v 1.042065 -3.113429 4.856655
v 0.468161 -3.234452 5.104151
v -0.116400 -3.236628 5.355761
v -0.695737 -3.115960 5.604912
v -0.978824 -3.007790 5.726538
v -1.253356 -2.867318 5.844413
v -1.515982 -2.694541 5.957109
v -1.762806 -2.491044 6.062980
v -1.989739 -2.259754 6.160313
v -2.193026 -2.004888 6.247530
v -2.370323 -1.731030 6.323618
v -2.519524 -1.442710 6.387658
v -2.731010 -0.838310 6.478343
v -2.827018 -0.217530 6.519307
v -2.810048 0.405801 6.512086
v -2.679418 1.023541 6.456249
v -2.432774 1.618423 6.350422
v -2.266628 1.898447 6.279110
v -2.073287 2.161391 6.196152
v -1.855268 2.402605 6.102636
v -1.615837 2.617299 5.999942
v -1.358979 2.802552 5.889743
v -1.088636 2.956180 5.773699
v -0.808652 3.077036 5.653434
v -0.522064 3.165642 5.530254
v 0.060184 3.248657 5.279770
v 0.643864 3.210067 5.028471
v 1.208730 3.054821 4.784529
v 1.725877 2.796801 4.559661
v 2.179152 2.455724 4.361190
v 2.561665 2.045608 4.193071
v 2.870723 1.568670 4.057577
v 3.097290 1.026654 3.959057
v 3.227345 0.432536 3.903132
v 3.215324 0.433438 3.850803
v 3.074793 1.036629 3.872304
v 2.824474 1.598427 3.910903
v 2.475058 2.099683 3.965054
v 2.038818 2.525603 4.032753
v 1.528530 2.863383 4.111781
v 0.960256 3.100364 4.199440
v 0.354044 3.225352 4.292567
v -0.265456 3.232009 4.387559
v -0.875740 3.119185 4.481150
v -1.171129 3.018600 4.526464
v -1.456363 2.889334 4.570229
v -1.728638 2.732098 4.612013
v -1.985110 2.548361 4.651376
v -2.222992 2.339947 4.687888
v -2.439541 2.108918 4.721128
v -2.632452 1.858039 4.750740
v -2.799701 1.590102 4.776405
v -3.051955 1.014515 4.815062
v -3.188574 0.404948 4.835900
v -3.206600 -0.217383 4.838636
v -3.105607 -0.832958 4.823261
v -2.887744 -1.421180 4.789908
v -2.736651 -1.698029 4.766732
v -2.558959 -1.959545 4.739460
v -2.356505 -2.202909 4.708382
v -2.131219 -2.425313 4.673802
v -1.885654 -2.624245 4.636111
v -1.622585 -2.797628 4.595738
v -1.344833 -2.943841 4.553116
v -1.055228 -3.061918 4.508683
v -0.451686 -3.210453 4.416115
v 0.167170 -3.240026 4.321229
v 0.780102 -3.150337 4.227151
v 1.362164 -2.946148 4.137483
v 1.891815 -2.637515 4.055546
v 2.351885 -2.236885 3.984169
v 2.728819 -1.756974 3.925707
v 3.010328 -1.211638 3.882219
v 3.184943 -0.618687 3.855433
v 3.015762 -1.207268 3.914453
v 2.741155 -1.746116 3.979543
v 2.375792 -2.219216 4.066632
v 1.930153 -2.616760 4.172900
v 1.414263 -2.928067 4.295413
v 0.842817 -3.139541 4.430308
v 0.237069 -3.238395 4.572565
v -0.376258 -3.218110 4.716376
v -0.977489 -3.077726 4.857333
v -1.267684 -2.962547 4.925354
v -1.547012 -2.818013 4.990818
v -1.812445 -2.644808 5.053013
v -2.060773 -2.444541 5.111193
v -2.288758 -2.219537 5.164608
v -2.493421 -1.972809 5.212567
v -2.672677 -1.707683 5.254573
v -2.824583 -1.427478 5.290159
v -3.042410 -0.834524 5.341096
v -3.142724 -0.217426 5.364411
v -3.124874 0.405198 5.360275
v -2.988928 1.017155 5.328612
v -2.736129 1.598386 5.269439
v -2.567652 1.869859 5.229961
v -2.372757 2.124268 5.184290
v -2.153652 2.358275 5.132953
v -1.912983 2.568527 5.076568
v -1.653935 2.752707 5.015872
v -1.379705 2.908888 4.951609
v -1.093500 3.035694 4.884527
v -0.798227 3.132775 4.815308
v -0.191467 3.236879 4.673048
v 0.422000 3.220881 4.529180
v 1.020175 3.087042 4.388530
v 1.576723 2.843907 4.256906
v 2.072718 2.505162 4.138934
v 2.495049 2.083865 4.038181
v 2.834231 1.589722 3.957426
v 3.078976 1.033711 3.899559
v 3.217362 0.433174 3.867173
v 3.325394 1.031751 4.158767
v 3.256030 1.583875 4.399242
v 3.159596 2.073239 4.730967
v 3.039457 2.491431 5.143296
v 2.898482 2.830824 5.628800
v 2.740552 3.078093 6.176227
v 2.571110 3.217877 6.767407
v 2.397459 3.240150 7.375057
v 2.225357 3.141903 7.977581
v 2.141361 3.047176 8.271785
v 2.059783 2.922023 8.557628
v 1.981470 2.766551 8.832145
v 1.907388 2.582073 9.091918
v 1.838503 2.370588 9.333506
v 1.775781 2.134578 9.553459
v 1.720029 1.877799 9.748928
v 1.671915 1.603952 9.917599
v 1.600011 1.018929 10.169879
v 1.561699 0.405365 10.304941
v 1.556710 -0.217455 10.322621
v 1.584888 -0.835575 10.223074
v 1.646701 -1.431708 10.006008
v 1.690023 -1.714167 9.854112
v 1.741260 -1.981718 9.674490
v 1.799825 -2.230707 9.469145
v 1.865091 -2.457456 9.240254
v 1.936151 -2.658621 8.991047
v 2.012020 -2.831707 8.725044
v 2.091730 -2.975113 8.445679
v 2.174386 -3.088345 8.156097
v 2.345101 -3.223253 7.558331
v 2.518763 -3.237300 6.950507
v 2.690284 -3.132289 6.351257
v 2.852352 -2.915921 5.788300
v 2.998918 -2.602817 5.282642
v 3.125670 -2.207347 4.847406
v 3.229585 -1.738821 4.490412
v 3.307514 -1.204332 4.220993
vt -2.792654 -10.890604 0.000000
vt -2.836982 -10.893692 0.000000
vt -2.772331 -10.892549 0.000000
vt -2.705863 -10.894203 0.000000
vt -2.751240 -10.890706 0.000000
vt -2.741122 -10.887712 0.000000
vt -2.736417 -10.885400 0.000000
vt -2.732141 -10.882393 0.000000
vt -2.699380 -10.882282 0.000000
vt -2.726927 -10.876967 0.000000
vt -2.723108 -10.870599 0.000000
vt -2.695651 -10.869287 0.000000
vt -2.720858 -10.863449 0.000000
vt -2.694489 -10.855677 0.000000
vt -2.720165 -10.855982 0.000000
vt -2.720614 -10.850356 0.000000
vt -2.695107 -10.845153 0.000000
vt -2.722028 -10.844940 0.000000
vt -2.724454 -10.839872 0.000000
vt -2.697146 -10.834825 0.000000
vt -2.727777 -10.835354 0.000000
vt -2.732848 -10.830810 0.000000
vt -2.700830 -10.825047 0.000000
vt -2.738735 -10.827354 0.000000
vt -2.751728 -10.822955 0.000000
vt -2.706312 -10.816093 0.000000
vt -2.748649 -10.813228 0.000000
vt -2.713670 -10.808263 0.000000
vt -2.745571 -10.803501 0.000000
vt -2.722464 -10.801991 0.000000
vt -2.732208 -10.797229 0.000000
vt -2.802273 -10.887530 0.000000
vt -2.806742 -10.885200 0.000000
vt -2.810795 -10.882241 0.000000
vt -2.843487 -10.881416 0.000000
vt -2.815968 -10.876725 0.000000
vt -2.819783 -10.870180 0.000000
vt -2.847213 -10.867870 0.000000
vt -2.821983 -10.862970 0.000000
vt -2.848345 -10.853848 0.000000
vt -2.822669 -10.855372 0.000000
vt -2.822295 -10.849911 0.000000
vt -2.847475 -10.841708 0.000000
vt -2.821088 -10.844575 0.000000
vt -2.818982 -10.839567 0.000000
vt -2.815971 -10.834999 0.000000
vt -2.844622 -10.829956 0.000000
vt -2.812224 -10.831084 0.000000
vt -2.807817 -10.827908 0.000000
vt -2.802928 -10.825552 0.000000
vt -2.839506 -10.819005 0.000000
vt -2.797703 -10.823971 0.000000
vt -2.800071 -10.814041 0.000000
vt -2.802439 -10.804111 0.000000
vt -2.826285 -10.804191 0.000000
vt -2.832209 -10.809434 0.000000
vt -2.804807 -10.794181 0.000000
vt -2.819582 -10.799990 0.000000
vt -2.827794 -10.904329 0.000000
vt -2.714736 -10.904430 0.000000
vt -2.726754 -10.913347 0.000000
vt -2.815320 -10.913386 0.000000
vt -2.740375 -10.919303 0.000000
vt -2.800996 -10.919387 0.000000
vt -2.785702 -10.922582 0.000000
vt -2.770098 -10.923519 0.000000
vt -2.755057 -10.922554 0.000000
vt -2.742493 -10.793775 0.000000
vt -2.782033 -10.984021 0.000000
vt -2.780754 -10.986758 0.000000
vt -2.755281 -10.976202 0.000000
vt -2.779608 -10.991156 0.000000
vt -2.753149 -11.007360 0.000000
vt -2.778910 -10.996691 0.000000
vt -2.778420 -11.010506 0.000000
vt -2.753149 -11.013889 0.000000
vt -2.778420 -11.015987 0.000000
vt -2.753149 -11.020418 0.000000
vt -2.778420 -11.021467 0.000000
vt -2.753149 11.017854 0.000000
vt -2.778420 11.016805 0.000000
vt -2.753149 11.011325 0.000000
vt -2.778420 11.011325 0.000000
vt -2.697026 11.001311 0.000000
vt -2.820639 11.011325 0.000000
vt -2.845808 10.997353 0.000000
vt -2.845808 11.013422 0.000000
vt -2.820639 11.016163 0.000000
vt -2.820639 11.021000 0.000000
vt -2.845808 11.029491 0.000000
vt -2.820639 11.025838 0.000000
vt -2.845808 -11.008781 0.000000
vt -2.820639 -11.012435 0.000000
vt -2.819624 -10.990817 0.000000
vt -2.845356 -10.987970 0.000000
vt -2.818748 -10.987412 0.000000
vt -2.817352 -10.984211 0.000000
vt -2.815422 -10.981287 0.000000
vt -2.843575 -10.973056 0.000000
vt -2.813027 -10.978739 0.000000
vt -2.810094 -10.976583 0.000000
vt -2.806811 -10.975082 0.000000
vt -2.803269 -10.974229 0.000000
vt -2.799631 -10.973969 0.000000
vt -2.796567 -10.974164 0.000000
vt -2.758029 -10.968080 0.000000
vt -2.841367 -10.966828 0.000000
vt -2.762334 -10.960622 0.000000
vt -2.838132 -10.961121 0.000000
vt -2.833944 -10.956022 0.000000
vt -2.768898 -10.953431 0.000000
vt -2.829012 -10.951639 0.000000
vt -2.776999 -10.947984 0.000000
vt -2.822475 -10.947606 0.000000
vt -2.815312 -10.944924 0.000000
vt -2.782443 -10.945632 0.000000
vt -2.788185 -10.944096 0.000000
vt -2.793574 -10.974780 0.000000
vt -2.790710 -10.975853 0.000000
vt -2.788061 -10.977369 0.000000
vt -2.785704 -10.979264 0.000000
vt -2.783688 -10.981495 0.000000
vt -2.697026 11.011325 0.000000
vt -2.800037 -10.943010 0.000000
vt -2.807745 -10.943453 0.000000
vt -2.697026 10.991297 0.000000
vt -2.845808 10.981284 0.000000
vt -2.697026 10.981284 0.000000
vt -2.820639 -11.017272 0.000000
vt -2.778420 -11.015987 0.000000
vt -2.778420 -11.021467 0.000000
vt -2.820639 -11.022110 0.000000
vt -2.778420 -11.026947 0.000000
vt -2.820639 -11.026947 0.000000
vt -2.788919 10.917170 0.000000
vt -2.762689 10.913576 0.000000
vt -2.791004 10.918855 0.000000
vt -2.765235 10.924815 0.000000
vt -2.793561 10.920270 0.000000
vt -2.796335 10.921221 0.000000
vt -2.802168 10.921901 0.000000
vt -2.805437 10.921693 0.000000
vt -2.841799 10.929059 0.000000
vt -2.808633 10.921002 0.000000
vt -2.844926 10.913905 0.000000
vt -2.811619 10.919749 0.000000
vt -2.814296 10.917891 0.000000
vt -2.816504 10.915535 0.000000
vt -2.818206 10.912773 0.000000
vt -2.819395 10.909748 0.000000
vt -2.820132 10.906570 0.000000
vt -2.845808 10.894384 0.000000
vt -2.820639 10.884634 0.000000
vt -2.845808 10.873287 0.000000
vt -2.820639 10.876813 0.000000
vt -2.820639 10.868992 0.000000
vt -2.820639 10.861170 0.000000
vt -2.845808 10.852190 0.000000
vt -2.782885 10.861170 0.000000
vt -2.697026 10.851144 0.000000
vt -2.759137 10.861170 0.000000
vt -2.697026 10.861170 0.000000
vt -2.787158 10.915171 0.000000
vt -2.785750 10.912895 0.000000
vt -2.784712 10.910428 0.000000
vt -2.729401 10.907280 0.000000
vt -2.783785 10.905774 0.000000
vt -2.751272 10.891439 0.000000
vt -2.783251 10.899532 0.000000
vt -2.782885 10.883416 0.000000
vt -2.782885 10.876000 0.000000
vt -2.757463 10.882400 0.000000
vt -2.756359 10.884926 0.000000
vt -2.754915 10.887281 0.000000
vt -2.758782 10.875628 0.000000
vt -2.782885 10.868585 0.000000
vt -2.759137 10.867265 0.000000
vt -2.759137 10.865234 0.000000
vt -2.759137 10.863202 0.000000
vt -2.697026 10.831093 0.000000
vt -2.697026 10.841119 0.000000
vt -2.845808 10.831093 0.000000
vt -2.757033 10.922074 0.000000
vt -2.697026 10.929008 0.000000
vt -2.750206 10.929668 0.000000
vt -2.697026 10.940986 0.000000
vt -2.726052 10.946773 0.000000
vt -2.697026 10.952964 0.000000
vt -2.697026 10.964943 0.000000
vt -2.769637 10.934674 0.000000
vt -2.839378 10.934241 0.000000
vt -2.836136 10.938905 0.000000
vt -2.772721 10.939090 0.000000
vt -2.832131 10.942974 0.000000
vt -2.776441 10.943017 0.000000
vt -2.827540 10.946367 0.000000
vt -2.782461 10.947444 0.000000
vt -2.822095 10.949270 0.000000
vt -2.789280 10.950566 0.000000
vt -2.816303 10.951308 0.000000
vt -2.796569 10.952323 0.000000
vt -2.804096 10.952864 0.000000
vt -2.810251 10.952491 0.000000
vt -2.989471 -10.816053 0.000000
vt -3.013264 -10.819651 0.000000
vt -2.979367 -10.817212 0.000000
vt -2.931084 -10.818179 0.000000
vt -2.967993 -10.815876 0.000000
vt -2.962666 -10.813907 0.000000
vt -2.957902 -10.810807 0.000000
vt -2.927752 -10.808200 0.000000
vt -2.954857 -10.807801 0.000000
vt -2.952420 -10.804298 0.000000
vt -2.950868 -10.800385 0.000000
vt -2.926695 -10.797588 0.000000
vt -2.950341 -10.796165 0.000000
vt -2.950717 -10.792419 0.000000
vt -2.927467 -10.788054 0.000000
vt -2.951912 -10.788844 0.000000
vt -2.953892 -10.785666 0.000000
vt -2.956532 -10.782943 0.000000
vt -2.929989 -10.778837 0.000000
vt -2.958688 -10.781402 0.000000
vt -2.961059 -10.780202 0.000000
vt -2.966161 -10.778631 0.000000
vt -2.976830 -10.777653 0.000000
vt -2.934360 -10.770443 0.000000
vt -3.020083 -10.771978 0.000000
vt -3.016497 -10.766953 0.000000
vt -2.940497 -10.763104 0.000000
vt -3.012249 -10.762442 0.000000
vt -2.948338 -10.756994 0.000000
vt -3.004622 -10.756652 0.000000
vt -2.996023 -10.752632 0.000000
vt -2.957374 -10.752737 0.000000
vt -2.986709 -10.750360 0.000000
vt -2.967096 -10.750382 0.000000
vt -2.977134 -10.749670 0.000000
vt -2.994222 -10.814302 0.000000
vt -3.018605 -10.814197 0.000000
vt -2.996396 -10.813051 0.000000
vt -2.998396 -10.811518 0.000000
vt -3.001130 -10.808623 0.000000
vt -3.022634 -10.807824 0.000000
vt -3.003191 -10.805271 0.000000
vt -3.004444 -10.801518 0.000000
vt -3.025078 -10.800646 0.000000
vt -3.004841 -10.797588 0.000000
vt -3.025849 -10.793114 0.000000
vt -3.004424 -10.793520 0.000000
vt -3.003126 -10.789699 0.000000
vt -3.024747 -10.783340 0.000000
vt -3.000949 -10.786256 0.000000
vt -2.998092 -10.783350 0.000000
vt -2.995833 -10.781733 0.000000
vt -2.993358 -10.780451 0.000000
vt -3.022878 -10.777502 0.000000
vt -2.988040 -10.778743 0.000000
vt -3.073430 -10.772810 0.000000
vt -3.039550 -10.770869 0.000000
vt -3.069134 -10.766614 0.000000
vt -3.040565 -10.761643 0.000000
vt -3.063394 -10.761194 0.000000
vt -3.056698 -10.757091 0.000000
vt -3.049314 -10.754213 0.000000
vt -3.041579 -10.752418 0.000000
vt -3.038535 -10.780094 0.000000
vt -3.076429 -10.779760 0.000000
vt -3.045327 -10.781678 0.000000
vt -3.048443 -10.783213 0.000000
vt -3.078108 -10.787145 0.000000
vt -3.051119 -10.785384 0.000000
vt -3.052961 -10.787786 0.000000
vt -3.054239 -10.790500 0.000000
vt -3.078623 -10.794741 0.000000
vt -3.054960 -10.793443 0.000000
vt -3.055179 -10.796470 0.000000
vt -3.054642 -10.800938 0.000000
vt -3.077572 -10.805889 0.000000
vt -3.053013 -10.805072 0.000000
vt -3.050386 -10.808726 0.000000
vt -3.074164 -10.816552 0.000000
vt -3.047060 -10.811773 0.000000
vt -3.043726 -10.813797 0.000000
vt -3.039938 -10.815345 0.000000
vt -3.031461 -10.817522 0.000000
vt -3.068399 -10.826027 0.000000
vt -2.936731 -10.827162 0.000000
vt -3.060558 -10.834084 0.000000
vt -2.944201 -10.834694 0.000000
vt -3.054264 -10.838500 0.000000
vt -2.950313 -10.838935 0.000000
vt -2.957035 -10.842237 0.000000
vt -3.047358 -10.841936 0.000000
vt -2.971417 -10.846536 0.000000
vt -3.032536 -10.846428 0.000000
vt -3.001593 -10.849225 0.000000
vt -2.815968 -10.876725 0.000000
vt -2.810795 -10.882241 0.000000
vt -2.732141 -10.882393 0.000000
vt -2.806742 -10.885200 0.000000
vt -2.736417 -10.885400 0.000000
vt -2.802273 -10.887530 0.000000
vt -2.741122 -10.887712 0.000000
vt -2.751240 -10.890706 0.000000
vt -2.792654 -10.890604 0.000000
vt -2.772331 -10.892549 0.000000
vt -2.726927 -10.876967 0.000000
vt -2.723108 -10.870599 0.000000
vt -2.819783 -10.870180 0.000000
vt -2.720858 -10.863449 0.000000
vt -2.821983 -10.862970 0.000000
vt -2.720165 -10.855982 0.000000
vt -2.822669 -10.855372 0.000000
vt -2.720614 -10.850356 0.000000
vt -2.822295 -10.849911 0.000000
vt -2.722028 -10.844940 0.000000
vt -2.821088 -10.844575 0.000000
vt -2.724454 -10.839872 0.000000
vt -2.818982 -10.839567 0.000000
vt -2.727777 -10.835354 0.000000
vt -2.815971 -10.834999 0.000000
vt -2.732848 -10.830810 0.000000
vt -2.812224 -10.831084 0.000000
vt -2.807817 -10.827908 0.000000
vt -2.738735 -10.827354 0.000000
vt -2.802928 -10.825552 0.000000
vt -2.797703 -10.823971 0.000000
vt -2.751728 -10.822955 0.000000
vt -2.800071 -10.814041 0.000000
vt -2.748649 -10.813228 0.000000
vt -2.802439 -10.804111 0.000000
vt -2.745571 -10.803501 0.000000
vt -2.804807 -10.794181 0.000000
vt -2.742493 -10.793775 0.000000
vt -2.927467 -10.788054 0.000000
vt -2.929989 -10.778837 0.000000
vt -2.934360 -10.770443 0.000000
vt -2.940497 -10.763104 0.000000
vt -2.948338 -10.756994 0.000000
vt -2.957374 -10.752737 0.000000
vt -3.161437 -10.646017 0.000000
vt -2.967096 -10.750382 0.000000
vt -3.195233 -10.678992 0.000000
vt -3.195233 -10.698904 0.000000
vt -0.161397 -11.019136 0.000000
vt -2.732208 -10.797229 0.000000
vt -2.722464 -10.801991 0.000000
vt -2.713670 -10.808263 0.000000
vt -2.706312 -10.816093 0.000000
vt -2.700830 -10.825047 0.000000
vt -2.697146 -10.834825 0.000000
vt -2.695107 -10.845153 0.000000
vt -2.694489 -10.855677 0.000000
vt -2.695651 -10.869287 0.000000
vt -2.699380 -10.882282 0.000000
vt -2.705863 -10.894203 0.000000
vt -2.714736 -10.904430 0.000000
vt -2.758029 -10.968080 0.000000
vt -2.755281 -10.976202 0.000000
vt -2.726754 -10.913347 0.000000
vt -2.762334 -10.960622 0.000000
vt -2.768898 -10.953431 0.000000
vt -2.740375 -10.919303 0.000000
vt -2.776999 -10.947984 0.000000
vt -2.755057 -10.922554 0.000000
vt -2.782443 -10.945632 0.000000
vt -2.788185 -10.944096 0.000000
vt -2.800037 -10.943010 0.000000
vt -2.929232 -10.935304 0.000000
vt -2.807745 -10.943453 0.000000
vt -2.815312 -10.944924 0.000000
vt -2.822475 -10.947606 0.000000
vt -2.829012 -10.951639 0.000000
vt -2.929232 -10.968641 0.000000
vt -2.833944 -10.956022 0.000000
vt -2.838132 -10.961121 0.000000
vt -2.841367 -10.966828 0.000000
vt -2.843575 -10.973056 0.000000
vt -3.257344 -10.973309 0.000000
vt -3.080551 -10.973715 0.000000
vt -3.257344 -10.980313 0.000000
vt -3.080551 -10.980854 0.000000
vt -3.257344 -10.987316 0.000000
vt -3.080551 -10.987992 0.000000
vt -3.257344 -10.994319 0.000000
vt -3.080551 -10.995131 0.000000
vt -3.285050 -10.999698 0.000000
vt -3.257344 -11.019082 0.000000
vt -3.285050 -11.014414 0.000000
vt -3.404761 -11.009442 0.000000
vt -3.310220 -11.014414 0.000000
vt -3.401525 -11.014615 0.000000
vt -3.310220 11.023859 0.000000
vt -3.401525 11.023658 0.000000
vt -3.310220 11.013507 0.000000
vt -3.396789 11.012391 0.000000
vt -3.310220 11.003155 0.000000
vt -3.394270 10.999317 0.000000
vt -3.310220 10.992803 0.000000
vt -3.393643 10.985800 0.000000
vt -3.161437 10.970880 0.000000
vt -3.187926 10.970880 0.000000
vt -3.269421 10.970880 0.000000
vt -3.259664 10.969989 0.000000
vt -2.770098 -10.923519 0.000000
vt -2.785702 -10.922582 0.000000
vt -2.800996 -10.919387 0.000000
vt -2.815320 -10.913386 0.000000
vt -2.929232 -10.901967 0.000000
vt -2.827794 -10.904329 0.000000
vt -2.836982 -10.893692 0.000000
vt -2.843487 -10.881416 0.000000
vt -2.929232 -10.868630 0.000000
vt -2.847213 -10.867870 0.000000
vt -2.955720 -10.868630 0.000000
vt -3.037215 -10.868630 0.000000
vt -3.027458 -10.869522 0.000000
vt -3.161155 -10.860620 0.000000
vt -2.848345 -10.853848 0.000000
vt -3.001593 -10.849225 0.000000
vt -2.971417 -10.846536 0.000000
vt -2.957035 -10.842237 0.000000
vt -2.847475 -10.841708 0.000000
vt -2.950313 -10.838935 0.000000
vt -2.944201 -10.834694 0.000000
vt -2.844622 -10.829956 0.000000
vt -2.936731 -10.827162 0.000000
vt -2.839506 -10.819005 0.000000
vt -2.931084 -10.818179 0.000000
vt -2.832209 -10.809434 0.000000
vt -2.927752 -10.808200 0.000000
vt -2.826285 -10.804191 0.000000
vt -2.926695 -10.797588 0.000000
vt -2.819582 -10.799990 0.000000
vt -2.753149 11.011325 0.000000
vt -2.697026 11.011325 0.000000
vt -2.753149 11.017854 0.000000
vt -0.161397 11.019136 0.000000
vt -2.753149 11.024383 0.000000
vt -2.753149 -11.013889 0.000000
vt -2.753149 -11.007360 0.000000
vt -2.697026 11.001311 0.000000
vt -2.697026 10.991297 0.000000
vt -2.697026 10.981284 0.000000
vt -2.697026 10.964943 0.000000
vt -2.845808 10.981284 0.000000
vt -3.021180 10.972707 0.000000
vt -3.039167 10.983918 0.000000
vt -2.845808 10.997353 0.000000
vt -3.055280 10.997269 0.000000
vt -3.257344 10.998182 0.000000
vt -3.075984 10.997269 0.000000
vt -3.285050 10.992803 0.000000
vt -2.926695 11.006301 0.000000
vt -2.845808 11.013422 0.000000
vt -2.926695 11.013304 0.000000
vt -2.926695 11.020307 0.000000
vt -2.845808 11.029491 0.000000
vt -2.926695 -11.017966 0.000000
vt -2.845808 -11.008781 0.000000
vt -2.926695 -11.010963 0.000000
vt -2.845356 -10.987970 0.000000
vt -2.697026 10.851144 0.000000
vt -2.697026 10.861170 0.000000
vt -2.697026 10.929008 0.000000
vt -2.729401 10.907280 0.000000
vt -2.697026 10.841119 0.000000
vt -2.697026 10.831093 0.000000
vt -0.161397 10.330440 0.000000
vt -3.161437 10.589354 0.000000
vt -3.161437 10.555759 0.000000
vt -2.845808 10.831093 0.000000
vt -2.927680 10.822087 0.000000
vt -2.930823 10.812612 0.000000
vt -2.936211 10.804120 0.000000
vt -2.845808 10.852190 0.000000
vt -2.927524 10.841744 0.000000
vt -2.926695 10.832160 0.000000
vt -2.845808 10.873287 0.000000
vt -2.941918 10.865894 0.000000
vt -2.935131 10.859091 0.000000
vt -2.930288 10.850938 0.000000
vt -2.845808 10.894384 0.000000
vt -3.002608 10.880521 0.000000
vt -2.970946 10.877866 0.000000
vt -2.955682 10.873569 0.000000
vt -2.844926 10.913905 0.000000
vt -3.049496 10.899715 0.000000
vt -3.075984 10.899715 0.000000
vt -3.161437 10.870872 0.000000
vt -3.034316 10.877882 0.000000
vt -3.049532 10.873616 0.000000
vt -3.056683 10.870301 0.000000
vt -3.063197 10.865996 0.000000
vt -3.312757 10.865792 0.000000
vt -3.070001 10.859239 0.000000
vt -3.074964 10.851000 0.000000
vt -3.158900 10.828501 0.000000
vt -3.077768 10.841829 0.000000
vt -3.078623 10.832160 0.000000
vt -3.077793 10.822571 0.000000
vt -3.158900 10.821487 0.000000
vt -3.158900 10.814473 0.000000
vt -2.929232 10.919718 0.000000
vt -2.841799 10.929059 0.000000
vt -2.929232 10.928889 0.000000
vt -2.839378 10.934241 0.000000
vt -2.929232 10.938059 0.000000
vt -2.836136 10.938905 0.000000
vt -2.832131 10.942974 0.000000
vt -2.929232 10.947230 0.000000
vt -2.827540 10.946367 0.000000
vt -2.822095 10.949270 0.000000
vt -2.816303 10.951308 0.000000
vt -2.973937 10.953676 0.000000
vt -2.810251 10.952491 0.000000
vt -2.804096 10.952864 0.000000
vt -2.796569 10.952323 0.000000
vt -2.726052 10.946773 0.000000
vt -2.789280 10.950566 0.000000
vt -2.782461 10.947444 0.000000
vt -2.776441 10.943017 0.000000
vt -2.772721 10.939090 0.000000
vt -2.750206 10.929668 0.000000
vt -2.769637 10.934674 0.000000
vt -2.765235 10.924815 0.000000
vt -2.762689 10.913576 0.000000
vt -2.757033 10.922074 0.000000
vt -2.697026 10.952964 0.000000
vt -2.697026 10.940986 0.000000
vt -2.757463 10.882400 0.000000
vt -2.751272 10.891439 0.000000
vt -2.756359 10.884926 0.000000
vt -2.754915 10.887281 0.000000
vt -2.758782 10.875628 0.000000
vt -2.759137 10.867265 0.000000
vt -2.759137 10.865234 0.000000
vt -2.759137 10.863202 0.000000
vt -2.759137 10.861170 0.000000
vt -3.078108 -10.787145 0.000000
vt -3.172626 -10.788665 0.000000
vt -3.078623 -10.794741 0.000000
vt -3.165852 -10.803232 0.000000
vt -3.077572 -10.805889 0.000000
vt -3.074164 -10.816552 0.000000
vt -3.160672 -10.821115 0.000000
vt -3.068399 -10.826027 0.000000
vt -3.158900 -10.839572 0.000000
vt -3.060558 -10.834084 0.000000
vt -3.054264 -10.838500 0.000000
vt -3.047358 -10.841936 0.000000
vt -3.032536 -10.846428 0.000000
vt -3.076429 -10.779760 0.000000
vt -3.181938 -10.775822 0.000000
vt -3.073430 -10.772810 0.000000
vt -3.241207 -10.775822 0.000000
vt -3.069134 -10.766614 0.000000
vt -3.161437 -10.763104 0.000000
vt -3.063394 -10.761194 0.000000
vt -3.056698 -10.757091 0.000000
vt -3.161437 -10.752449 0.000000
vt -3.049314 -10.754213 0.000000
vt -3.041579 -10.752418 0.000000
vt -3.040565 -10.761643 0.000000
vt -3.004622 -10.756652 0.000000
vt -2.996023 -10.752632 0.000000
vt -2.986709 -10.750360 0.000000
vt -3.039550 -10.770869 0.000000
vt -3.016497 -10.766953 0.000000
vt -3.012249 -10.762442 0.000000
vt -3.038535 -10.780094 0.000000
vt -3.022878 -10.777502 0.000000
vt -3.020083 -10.771978 0.000000
vt -3.024747 -10.783340 0.000000
vt -3.045327 -10.781678 0.000000
vt -3.048443 -10.783213 0.000000
vt -3.051119 -10.785384 0.000000
vt -3.052961 -10.787786 0.000000
vt -3.025849 -10.793114 0.000000
vt -3.054239 -10.790500 0.000000
vt -3.054960 -10.793443 0.000000
vt -3.055179 -10.796470 0.000000
vt -3.025078 -10.800646 0.000000
vt -3.054642 -10.800938 0.000000
vt -3.053013 -10.805072 0.000000
vt -3.022634 -10.807824 0.000000
vt -3.050386 -10.808726 0.000000
vt -3.047060 -10.811773 0.000000
vt -3.018605 -10.814197 0.000000
vt -3.043726 -10.813797 0.000000
vt -3.039938 -10.815345 0.000000
vt -3.031461 -10.817522 0.000000
vt -3.013264 -10.819651 0.000000
vt -2.977134 -10.749670 0.000000
vt -3.161437 -10.731140 0.000000
vt -3.161437 -10.741795 0.000000
vt -2.955720 -10.925295 0.000000
vt -2.955720 -10.906407 0.000000
vt -2.963636 -10.919458 0.000000
vt -2.980077 -10.902349 0.000000
vt -2.955720 -10.887518 0.000000
vt -2.999056 -10.883663 0.000000
vt -3.008190 -10.877257 0.000000
vt -3.018085 -10.872236 0.000000
vt -2.944033 -10.965333 0.000000
vt -3.034577 -10.965291 0.000000
vt -3.285050 -10.968641 0.000000
vt -2.957699 -10.958896 0.000000
vt -3.033629 -10.955817 0.000000
vt -2.975463 -10.944885 0.000000
vt -3.032682 -10.946343 0.000000
vt -3.031735 -10.936869 0.000000
vt -2.993372 -10.926818 0.000000
vt -3.041277 -10.935310 0.000000
vt -3.045727 -10.933545 0.000000
vt -3.047767 -10.932301 0.000000
vt -3.049597 -10.930778 0.000000
vt -3.052041 -10.927769 0.000000
vt -3.053748 -10.924267 0.000000
vt -3.054691 -10.920481 0.000000
vt -3.054976 -10.916564 0.000000
vt -3.054715 -10.912686 0.000000
vt -3.017730 -10.903161 0.000000
vt -3.053836 -10.908910 0.000000
vt -3.052234 -10.905435 0.000000
vt -3.049851 -10.902400 0.000000
vt -3.046730 -10.899986 0.000000
vt -3.026047 -10.898903 0.000000
vt -3.043094 -10.898377 0.000000
vt -3.030554 -10.897693 0.000000
vt -3.039184 -10.897521 0.000000
vt -3.035186 -10.897271 0.000000
vt -3.310220 -10.968641 0.000000
vt -3.044053 -10.963706 0.000000
vt -3.053220 -10.960747 0.000000
vt -3.061555 -10.956033 0.000000
vt -3.393643 -10.958795 0.000000
vt -3.542425 -10.958795 0.000000
vt -3.484471 -10.985306 0.000000
vt -3.466613 -10.984271 0.000000
vt -3.065203 -10.952932 0.000000
vt -3.068372 -10.949355 0.000000
vt -3.393643 -10.939946 0.000000
vt -3.073082 -10.941789 0.000000
vt -3.076285 -10.933524 0.000000
vt -3.393643 -10.921096 0.000000
vt -3.078077 -10.924776 0.000000
vt -3.078623 -10.915853 0.000000
vt -3.078026 -10.906451 0.000000
vt -3.216060 -10.913034 0.000000
vt -3.236336 -10.915143 0.000000
vt -3.257632 -10.912857 0.000000
vt -3.267901 -10.909804 0.000000
vt -3.076014 -10.897271 0.000000
vt -3.188264 -10.901600 0.000000
vt -3.196705 -10.906410 0.000000
vt -3.180641 -10.895564 0.000000
vt -3.072282 -10.888692 0.000000
vt -3.174093 -10.888425 0.000000
vt -3.066749 -10.881225 0.000000
vt -3.168694 -10.880311 0.000000
vt -3.060510 -10.875757 0.000000
vt -3.164216 -10.870750 0.000000
vt -3.053356 -10.871748 0.000000
vt -3.045443 -10.869371 0.000000
vt -2.926695 -11.031971 0.000000
vt -3.257344 11.019190 0.000000
vt -3.257344 11.012188 0.000000
vt -3.257344 11.005185 0.000000
vt -3.049496 10.964587 0.000000
vt -3.049496 10.942963 0.000000
vt -3.022133 10.946288 0.000000
vt -2.992155 10.932460 0.000000
vt -3.049496 10.921339 0.000000
vt -2.961241 10.923434 0.000000
vt -3.161437 10.904208 0.000000
vt -3.075984 10.932233 0.000000
vt -3.161437 10.937544 0.000000
vt -3.075984 10.964751 0.000000
vt -3.056847 10.794076 0.000000
vt -3.063400 10.798409 0.000000
vt -3.158900 10.807458 0.000000
vt -3.070186 10.805217 0.000000
vt -3.075027 10.813372 0.000000
vt -2.948495 10.870232 0.000000
vt -2.943389 10.797087 0.000000
vt -2.949771 10.792968 0.000000
vt -2.956845 10.789891 0.000000
vt -2.971791 10.786071 0.000000
vt -3.161437 10.677242 0.000000
vt -3.161437 10.667687 0.000000
vt -3.002912 10.783763 0.000000
vt -3.161437 10.764262 0.000000
vt -3.161437 10.754730 0.000000
vt -3.161437 10.745198 0.000000
vt -3.034480 10.786430 0.000000
vt -3.310829 10.773794 0.000000
vt -3.161437 10.773794 0.000000
vt -3.049690 10.790739 0.000000
vt -3.312757 10.844355 0.000000
vt -3.311626 -10.571129 0.000000
vt -3.904000 -10.330440 0.000000
vt -3.307581 -10.585587 0.000000
vt -3.310220 -10.673054 0.000000
vt -3.304867 -10.591051 0.000000
vt -3.301445 -10.596099 0.000000
vt -3.297321 -10.600549 0.000000
vt -3.292510 -10.604296 0.000000
vt -3.287605 -10.607071 0.000000
vt -3.282356 -10.609130 0.000000
vt -3.276880 -10.610374 0.000000
vt -3.204148 -10.630348 0.000000
vt -3.271248 -10.610785 0.000000
vt -3.209847 -10.616201 0.000000
vt -3.262810 -10.609935 0.000000
vt -3.254751 -10.607252 0.000000
vt -3.210795 -10.606388 0.000000
vt -3.247543 -10.602839 0.000000
vt -3.211742 -10.596576 0.000000
vt -3.241309 -10.596988 0.000000
vt -3.235989 -10.589192 0.000000
vt -3.212689 -10.586763 0.000000
vt -3.232092 -10.580678 0.000000
vt -3.200878 -10.583193 0.000000
vt -3.195562 -10.580106 0.000000
vt -3.312757 -10.556067 0.000000
vt -3.310290 -10.533536 0.000000
vt -3.306533 -10.522897 0.000000
vt -3.303822 -10.518001 0.000000
vt -3.300477 -10.513493 0.000000
vt -3.293707 -10.507100 0.000000
vt -3.285786 -10.502420 0.000000
vt -3.276938 -10.499565 0.000000
vt -3.267696 -10.498464 0.000000
vt -3.267256 -10.508583 0.000000
vt -3.233063 -10.503489 0.000000
vt -3.228471 -10.500157 0.000000
vt -3.222962 -10.497353 0.000000
vt -3.266817 -10.518701 0.000000
vt -3.243592 -10.516774 0.000000
vt -3.237154 -10.507432 0.000000
vt -3.266377 -10.528820 0.000000
vt -3.250129 -10.533742 0.000000
vt -3.270999 -10.529860 0.000000
vt -3.275462 -10.531507 0.000000
vt -3.279519 -10.533911 0.000000
vt -3.282868 -10.537171 0.000000
vt -3.285392 -10.541499 0.000000
vt -3.254299 -10.549514 0.000000
vt -3.286910 -10.546306 0.000000
vt -3.287892 -10.556374 0.000000
vt -3.258886 -10.566131 0.000000
vt -3.286783 -10.567182 0.000000
vt -3.261419 -10.572599 0.000000
vt -3.285135 -10.572341 0.000000
vt -3.282513 -10.577047 0.000000
vt -3.264245 -10.577353 0.000000
vt -3.280715 -10.579084 0.000000
vt -3.266087 -10.579214 0.000000
vt -3.278524 -10.580629 0.000000
vt -3.268259 -10.580668 0.000000
vt -3.277283 -10.581180 0.000000
vt -3.270679 -10.581560 0.000000
vt -3.275981 -10.581564 0.000000
vt -3.273278 -10.581854 0.000000
vt -3.217082 -10.495491 0.000000
vt -3.204773 -10.494154 0.000000
vt -3.198440 -10.494609 0.000000
vt -0.161397 -10.330440 0.000000
vt -3.192277 -10.495985 0.000000
vt -3.186361 -10.498262 0.000000
vt -3.180822 -10.501337 0.000000
vt -3.175514 -10.505375 0.000000
vt -3.170949 -10.510182 0.000000
vt -3.167175 -10.515671 0.000000
vt -3.164228 -10.521644 0.000000
vt -3.159955 -10.537650 0.000000
vt -3.158799 -10.554326 0.000000
vt -3.161499 -10.577486 0.000000
vt -3.161437 -10.613136 0.000000
vt -3.165525 -10.588376 0.000000
vt -3.171840 -10.598010 0.000000
vt -3.179733 -10.605326 0.000000
vt -3.188981 -10.610692 0.000000
vt -3.199193 -10.614241 0.000000
vt -3.191072 -10.575972 0.000000
vt -3.187816 -10.571104 0.000000
vt -3.226593 -10.562823 0.000000
vt -3.185674 -10.565681 0.000000
vt -3.184515 -10.559909 0.000000
vt -3.184171 -10.554019 0.000000
vt -3.220098 -10.538554 0.000000
vt -3.185395 -10.542380 0.000000
vt -3.187267 -10.536860 0.000000
vt -3.217541 -10.532679 0.000000
vt -3.190311 -10.531945 0.000000
vt -3.215815 -10.529971 0.000000
vt -3.193231 -10.528933 0.000000
vt -3.213653 -10.527641 0.000000
vt -3.196638 -10.526550 0.000000
vt -3.211670 -10.526255 0.000000
vt -3.209457 -10.525262 0.000000
vt -3.200522 -10.525021 0.000000
vt -3.207103 -10.524693 0.000000
vt -3.204672 -10.524515 0.000000
vt -3.310220 -10.694326 0.000000
vt -3.501779 -10.838861 0.000000
vt -3.310220 -10.704961 0.000000
vt -3.269015 -10.777755 0.000000
vt -3.310220 -10.683690 0.000000
vt -3.514595 -10.844657 0.000000
vt -3.904000 -11.019136 0.000000
vt -3.525883 -10.853086 0.000000
vt -3.530401 -10.857958 0.000000
vt -3.534240 -10.863390 0.000000
vt -3.539584 -10.875537 0.000000
vt -3.541869 -10.889147 0.000000
vt -3.542425 -10.903872 0.000000
vt -3.542425 -10.922179 0.000000
vt -3.542425 -10.940487 0.000000
vt -3.501779 -10.989143 0.000000
vt -3.161437 -10.624096 0.000000
vt -3.161437 -10.635057 0.000000
vt -3.195233 -10.659079 0.000000
vt -3.195233 -10.718817 0.000000
vt -3.286408 -10.849911 0.000000
vt -3.184577 -10.841503 0.000000
vt -3.287080 -10.841198 0.000000
vt -3.241207 -10.840690 0.000000
vt -3.286745 -10.835446 0.000000
vt -3.285645 -10.829798 0.000000
vt -3.241207 -10.819067 0.000000
vt -3.283667 -10.824436 0.000000
vt -3.280737 -10.819499 0.000000
vt -3.277249 -10.815472 0.000000
vt -3.273110 -10.812103 0.000000
vt -3.268464 -10.809503 0.000000
vt -3.263433 -10.807655 0.000000
vt -3.241207 -10.797445 0.000000
vt -3.265294 -10.797688 0.000000
vt -3.267155 -10.787722 0.000000
vt -3.185322 -10.850155 0.000000
vt -3.284192 -10.858291 0.000000
vt -3.187762 -10.858480 0.000000
vt -3.191969 -10.865961 0.000000
vt -3.280214 -10.865992 0.000000
vt -3.197821 -10.872388 0.000000
vt -3.274597 -10.872541 0.000000
vt -3.201989 -10.875589 0.000000
vt -3.270749 -10.875651 0.000000
vt -3.266526 -10.878212 0.000000
vt -3.257336 -10.881781 0.000000
vt -3.216460 -10.881801 0.000000
vt -3.206532 -10.878190 0.000000
vt -3.247536 -10.883635 0.000000
vt -3.237554 -10.884170 0.000000
vt -3.216140 -10.840690 0.000000
vt -3.185542 -10.831843 0.000000
vt -3.216140 -10.829204 0.000000
vt -3.188281 -10.822548 0.000000
vt -3.216140 -10.817718 0.000000
vt -3.192188 -10.814066 0.000000
vt -3.216140 -10.806232 0.000000
vt -3.197263 -10.806232 0.000000
vt -3.277642 -10.905395 0.000000
vt -3.393643 -10.902247 0.000000
vt -3.286165 -10.899943 0.000000
vt -3.293702 -10.893283 0.000000
vt -3.394270 -10.888721 0.000000
vt -3.300135 -10.885499 0.000000
vt -3.305348 -10.876858 0.000000
vt -3.396789 -10.875639 0.000000
vt -3.308869 -10.868431 0.000000
vt -3.401525 -10.864362 0.000000
vt -3.311153 -10.859533 0.000000
vt -3.404761 -10.859184 0.000000
vt -3.408663 -10.854509 0.000000
vt -3.414428 -10.849348 0.000000
vt -3.312757 -10.841198 0.000000
vt -3.420839 -10.844991 0.000000
vt -3.434949 -10.838556 0.000000
vt -3.450616 -10.834973 0.000000
vt -3.466613 -10.833983 0.000000
vt -3.310353 -10.818473 0.000000
vt -3.484472 -10.835019 0.000000
vt -3.306785 -10.807656 0.000000
vt -3.301136 -10.797843 0.000000
vt -3.294654 -10.790625 0.000000
vt -3.286984 -10.784822 0.000000
vt -3.278300 -10.780528 0.000000
vt -3.408663 -11.004772 0.000000
vt -3.310220 -10.999698 0.000000
vt -3.414429 -10.999616 0.000000
vt -3.420840 -10.995264 0.000000
vt -3.310220 -10.989345 0.000000
vt -3.434949 -10.988838 0.000000
vt -3.450617 -10.985260 0.000000
vt -3.310220 -10.978993 0.000000
vt -3.310232 10.933078 0.000000
vt -3.393643 10.929262 0.000000
vt -3.310829 10.923678 0.000000
vt -3.542425 10.929262 0.000000
vt -3.310282 10.914754 0.000000
vt -3.308491 10.906005 0.000000
vt -3.305288 10.897738 0.000000
vt -3.300578 10.890169 0.000000
vt -3.297409 10.886591 0.000000
vt -3.293762 10.883489 0.000000
vt -3.285427 10.878772 0.000000
vt -3.276260 10.875810 0.000000
vt -3.266783 10.874223 0.000000
vt -3.176239 10.874182 0.000000
vt -3.308220 10.942255 0.000000
vt -3.393643 10.948108 0.000000
vt -3.304488 10.950831 0.000000
vt -3.298954 10.958294 0.000000
vt -3.393643 10.966954 0.000000
vt -3.292715 10.963759 0.000000
vt -3.285561 10.967765 0.000000
vt -3.277648 10.970140 0.000000
vt -3.250291 10.967277 0.000000
vt -3.240396 10.962260 0.000000
vt -3.187926 10.951999 0.000000
vt -3.231262 10.955858 0.000000
vt -3.212283 10.937180 0.000000
vt -3.187926 10.933117 0.000000
vt -3.195842 10.920074 0.000000
vt -3.187926 10.914236 0.000000
vt -3.189905 10.880623 0.000000
vt -3.265835 10.883702 0.000000
vt -3.207659 10.894632 0.000000
vt -3.264888 10.893181 0.000000
vt -3.263941 10.902660 0.000000
vt -3.225578 10.912713 0.000000
vt -3.273483 10.904220 0.000000
vt -3.277933 10.905985 0.000000
vt -3.279973 10.907229 0.000000
vt -3.281803 10.908753 0.000000
vt -3.284247 10.911762 0.000000
vt -3.285954 10.915264 0.000000
vt -3.286897 10.919050 0.000000
vt -3.287182 10.922967 0.000000
vt -3.286921 10.926845 0.000000
vt -3.249935 10.936368 0.000000
vt -3.286042 10.930620 0.000000
vt -3.284439 10.934094 0.000000
vt -3.282057 10.937129 0.000000
vt -3.278936 10.939542 0.000000
vt -3.258253 10.940624 0.000000
vt -3.275299 10.941151 0.000000
vt -3.262760 10.941834 0.000000
vt -3.271390 10.942006 0.000000
vt -3.267391 10.942256 0.000000
vt -3.312757 10.851501 0.000000
vt -3.312757 10.858646 0.000000
vt -3.279046 10.720921 0.000000
vt -3.287029 10.732573 0.000000
vt -3.310829 10.750592 0.000000
vt -3.297654 10.743320 0.000000
vt -3.303963 10.747481 0.000000
vt -3.310829 10.758326 0.000000
vt -3.904000 11.019136 0.000000
vt -3.904000 10.330440 0.000000
vt -3.304496 10.602753 0.000000
vt -3.308226 10.594113 0.000000
vt -3.310234 10.584874 0.000000
vt -3.310829 10.575417 0.000000
vt -3.310283 10.566427 0.000000
vt -3.308493 10.557612 0.000000
vt -3.305291 10.549275 0.000000
vt -3.300578 10.541634 0.000000
vt -3.297419 10.538035 0.000000
vt -3.293779 10.534908 0.000000
vt -3.285450 10.530146 0.000000
vt -3.276277 10.527152 0.000000
vt -3.266783 10.525547 0.000000
vt -3.161437 10.522164 0.000000
vt -3.176247 10.525508 0.000000
vt -3.310829 10.766060 0.000000
vt -3.268914 10.745198 0.000000
vt -3.256055 10.727865 0.000000
vt -3.247297 10.708229 0.000000
vt -3.189956 10.677242 0.000000
vt -3.273176 10.708229 0.000000
vt -3.189956 10.667687 0.000000
vt -3.285575 10.619808 0.000000
vt -3.189956 10.658131 0.000000
vt -3.277657 10.622202 0.000000
vt -3.189956 10.648576 0.000000
vt -3.269421 10.622949 0.000000
vt -3.187926 10.622949 0.000000
vt -3.259662 10.622052 0.000000
vt -3.250291 10.619323 0.000000
vt -3.298954 10.610281 0.000000
vt -3.292725 10.615775 0.000000
vt -3.161437 10.658131 0.000000
vt -3.161437 10.648576 0.000000
vt -3.161437 10.622949 0.000000
vt -3.249935 10.588202 0.000000
vt -3.286922 10.578603 0.000000
vt -3.225578 10.564365 0.000000
vt -3.287182 10.574700 0.000000
vt -3.286898 10.570758 0.000000
vt -3.258248 10.592487 0.000000
vt -3.278942 10.591396 0.000000
vt -3.282057 10.588969 0.000000
vt -3.284443 10.585906 0.000000
vt -3.275306 10.593017 0.000000
vt -3.262757 10.593707 0.000000
vt -3.271395 10.593880 0.000000
vt -3.267391 10.594132 0.000000
vt -3.286044 10.582404 0.000000
vt -3.285956 10.566944 0.000000
vt -3.284250 10.563412 0.000000
vt -3.281803 10.560373 0.000000
vt -3.279977 10.558841 0.000000
vt -3.277940 10.557587 0.000000
vt -3.273493 10.555807 0.000000
vt -3.263941 10.554231 0.000000
vt -3.207647 10.546125 0.000000
vt -3.264888 10.544669 0.000000
vt -3.265836 10.535108 0.000000
vt -3.189905 10.532003 0.000000
vt -3.240392 10.614271 0.000000
vt -3.187926 10.603933 0.000000
vt -3.231262 10.607829 0.000000
vt -3.212283 10.589020 0.000000
vt -3.187926 10.584917 0.000000
vt -3.195842 10.571784 0.000000
vt -3.187926 10.565900 0.000000
vt -0.161397 9.641744 0.000000
vt -3.904000 9.641744 0.000000
vt -0.161397 8.953048 0.000000
vt -3.904000 8.953048 0.000000
vt -0.161397 8.264352 0.000000
vt -3.904000 8.264352 0.000000
vt -0.161397 7.575656 0.000000
vt -3.904000 7.575656 0.000000
vt -0.161397 6.886960 0.000000
vt -3.904000 6.886960 0.000000
vt -0.161397 6.198264 0.000000
vt -3.904000 6.198264 0.000000
vt -0.161397 5.509568 0.000000
vt -3.904000 5.509568 0.000000
vt -0.161397 4.820872 0.000000
vt -3.904000 4.820872 0.000000
vt -0.161397 4.132176 0.000000
vt -3.904000 4.132176 0.000000
vt -0.161397 3.443480 0.000000
vt -3.904000 3.443480 0.000000
vt -0.161397 2.754784 0.000000
vt -3.904000 2.754784 0.000000
vt -0.161397 2.066088 0.000000
vt -3.904000 2.066088 0.000000
vt -0.161397 1.377392 0.000000
vt -3.904000 1.377392 0.000000
vt -0.161397 0.688696 0.000000
vt -3.904000 0.688696 0.000000
vt -0.161397 0.000000 0.000000
vt -3.904000 0.000000 0.000000
vt -0.161397 -0.688696 0.000000
vt -3.904000 -0.688696 0.000000
vt -0.161397 -1.377392 0.000000
vt -3.904000 -1.377392 0.000000
vt -0.161397 -2.066088 0.000000
vt -3.904000 -2.066088 0.000000
vt -0.161397 -2.754784 0.000000
vt -3.904000 -2.754784 0.000000
vt -0.161397 -3.443480 0.000000
vt -3.904000 -3.443480 0.000000
vt -0.161397 -4.132176 0.000000
vt -3.904000 -4.132176 0.000000
vt -0.161397 -4.820872 0.000000
vt -3.904000 -4.820872 0.000000
vt -0.161397 -5.509568 0.000000
vt -3.904000 -5.509568 0.000000
vt -0.161397 -6.198264 0.000000
vt -3.904000 -6.198264 0.000000
vt -0.161397 -6.886960 0.000000
vt -3.904000 -6.886960 0.000000
vt -0.161397 -7.575656 0.000000
vt -3.904000 -7.575656 0.000000
vt -0.161397 -8.264352 0.000000
vt -3.904000 -8.264352 0.000000
vt -0.161397 -8.953048 0.000000
vt -3.904000 -8.953048 0.000000
vt -0.161397 -9.641744 0.000000
vt -3.904000 -9.641744 0.000000
vt -3.542425 10.947567 0.000000
vt -3.542425 10.965871 0.000000
vt -3.542425 10.984176 0.000000
vt -3.541869 10.998893 0.000000
vt -3.539584 11.012492 0.000000
vt -3.539584 -11.025780 0.000000
vt -3.534240 -11.013643 0.000000
vt -3.530401 -11.008218 0.000000
vt -3.525883 -11.003351 0.000000
vt -3.514594 -10.994931 0.000000
vt -2.996396 -10.813051 0.000000
vt -2.962666 -10.813907 0.000000
vt -2.998396 -10.811518 0.000000
vt -2.957902 -10.810807 0.000000
vt -3.001130 -10.808623 0.000000
vt -2.954857 -10.807801 0.000000
vt -3.003191 -10.805271 0.000000
vt -2.952420 -10.804298 0.000000
vt -3.004444 -10.801518 0.000000
vt -2.950868 -10.800385 0.000000
vt -3.004841 -10.797588 0.000000
vt -2.950341 -10.796165 0.000000
vt -3.004424 -10.793520 0.000000
vt -2.950717 -10.792419 0.000000
vt -3.003126 -10.789699 0.000000
vt -2.951912 -10.788844 0.000000
vt -3.000949 -10.786256 0.000000
vt -2.953892 -10.785666 0.000000
vt -2.998092 -10.783350 0.000000
vt -2.956532 -10.782943 0.000000
vt -2.995833 -10.781733 0.000000
vt -2.993358 -10.780451 0.000000
vt -2.961059 -10.780202 0.000000
vt -2.988040 -10.778743 0.000000
vt -2.976830 -10.777653 0.000000
vt -2.966161 -10.778631 0.000000
vt -2.994222 -10.814302 0.000000
vt -2.989471 -10.816053 0.000000
vt -2.967993 -10.815876 0.000000
vt -2.979367 -10.817212 0.000000
vt -2.958688 -10.781402 0.000000
vt -2.955720 -10.868630 0.000000
vt -2.955720 -10.887518 0.000000
vt -2.929232 -10.868630 0.000000
vt -2.929232 -10.901967 0.000000
vt -2.955720 -10.906407 0.000000
vt -2.955720 -10.925295 0.000000
vt -2.963636 -10.919458 0.000000
vt -2.993372 -10.926818 0.000000
vt -2.929232 -10.935304 0.000000
vt -3.017730 -10.903161 0.000000
vt -2.980077 -10.902349 0.000000
vt -3.026047 -10.898903 0.000000
vt -3.030554 -10.897693 0.000000
vt -3.072282 -10.888692 0.000000
vt -3.035186 -10.897271 0.000000
vt -3.076014 -10.897271 0.000000
vt -3.039184 -10.897521 0.000000
vt -3.043094 -10.898377 0.000000
vt -3.046730 -10.899986 0.000000
vt -3.049851 -10.902400 0.000000
vt -3.078026 -10.906451 0.000000
vt -3.052234 -10.905435 0.000000
vt -3.053836 -10.908910 0.000000
vt -3.054715 -10.912686 0.000000
vt -3.078623 -10.915853 0.000000
vt -3.054976 -10.916564 0.000000
vt -3.054691 -10.920481 0.000000
vt -3.078077 -10.924776 0.000000
vt -3.053748 -10.924267 0.000000
vt -3.052041 -10.927769 0.000000
vt -3.076285 -10.933524 0.000000
vt -3.049597 -10.930778 0.000000
vt -3.047767 -10.932301 0.000000
vt -3.045727 -10.933545 0.000000
vt -3.073082 -10.941789 0.000000
vt -3.041277 -10.935310 0.000000
vt -3.031735 -10.936869 0.000000
vt -3.032682 -10.946343 0.000000
vt -3.068372 -10.949355 0.000000
vt -3.065203 -10.952932 0.000000
vt -2.999056 -10.883663 0.000000
vt -3.066749 -10.881225 0.000000
vt -3.008190 -10.877257 0.000000
vt -3.060510 -10.875757 0.000000
vt -3.018085 -10.872236 0.000000
vt -3.053356 -10.871748 0.000000
vt -3.027458 -10.869522 0.000000
vt -3.045443 -10.869371 0.000000
vt -3.037215 -10.868630 0.000000
vt -3.033629 -10.955817 0.000000
vt -3.061555 -10.956033 0.000000
vt -3.053220 -10.960747 0.000000
vt -3.044053 -10.963706 0.000000
vt -3.034577 -10.965291 0.000000
vt -2.975463 -10.944885 0.000000
vt -2.957699 -10.958896 0.000000
vt -2.929232 -10.968641 0.000000
vt -2.944033 -10.965333 0.000000
vt -2.926695 -11.031971 0.000000
vt -2.926695 -11.024968 0.000000
vt -3.080551 -10.995131 0.000000
vt -2.926695 -11.017966 0.000000
vt -2.926695 -11.010963 0.000000
vt -3.080551 -10.973715 0.000000
vt -3.080551 -10.980854 0.000000
vt -3.080551 -10.987992 0.000000
vt -3.049496 10.899715 0.000000
vt -3.049496 10.921339 0.000000
vt -3.075984 10.899715 0.000000
vt -3.075984 10.932233 0.000000
vt -3.049496 10.942963 0.000000
vt -3.075984 10.964751 0.000000
vt -3.049496 10.964587 0.000000
vt -3.021180 10.972707 0.000000
vt -2.973937 10.953676 0.000000
vt -3.022133 10.946288 0.000000
vt -2.929232 10.947230 0.000000
vt -2.929232 10.938059 0.000000
vt -2.992155 10.932460 0.000000
vt -2.929232 10.928889 0.000000
vt -2.961241 10.923434 0.000000
vt -2.929232 10.919718 0.000000
vt -3.039167 10.983918 0.000000
vt -3.075984 10.997269 0.000000
vt -3.055280 10.997269 0.000000
vt -3.050516 10.821682 0.000000
vt -3.051678 10.822911 0.000000
vt -3.077793 10.822571 0.000000
vt -3.053102 10.824980 0.000000
vt -3.054147 10.827244 0.000000
vt -3.054775 10.829668 0.000000
vt -3.078623 10.832160 0.000000
vt -3.054976 10.832160 0.000000
vt -3.054774 10.834652 0.000000
vt -3.054150 10.837053 0.000000
vt -3.077768 10.841829 0.000000
vt -3.053100 10.839313 0.000000
vt -3.051678 10.841357 0.000000
vt -3.050393 10.842661 0.000000
vt -3.048907 10.843782 0.000000
vt -3.045626 10.845570 0.000000
vt -3.074964 10.851000 0.000000
vt -3.038586 10.848013 0.000000
vt -3.022002 10.850174 0.000000
vt -3.002608 10.850655 0.000000
vt -2.930288 10.850938 0.000000
vt -2.935131 10.859091 0.000000
vt -2.981472 10.850013 0.000000
vt -2.965463 10.847708 0.000000
vt -2.959049 10.845424 0.000000
vt -2.927524 10.841744 0.000000
vt -2.956119 10.843704 0.000000
vt -2.954801 10.842636 0.000000
vt -2.953640 10.841408 0.000000
vt -2.952216 10.839339 0.000000
vt -2.951170 10.837076 0.000000
vt -2.926695 10.832160 0.000000
vt -2.950543 10.834652 0.000000
vt -2.950341 10.832160 0.000000
vt -2.950539 10.829673 0.000000
vt -2.927680 10.822087 0.000000
vt -2.951152 10.827273 0.000000
vt -2.952185 10.825012 0.000000
vt -2.953589 10.822962 0.000000
vt -2.954862 10.821654 0.000000
vt -2.930823 10.812612 0.000000
vt -2.956339 10.820532 0.000000
vt -2.959603 10.818745 0.000000
vt -2.966630 10.816303 0.000000
vt -2.983214 10.814142 0.000000
vt -3.002608 10.813660 0.000000
vt -3.075027 10.813372 0.000000
vt -3.039854 10.816608 0.000000
vt -3.046269 10.818894 0.000000
vt -3.049198 10.820614 0.000000
vt -3.070186 10.805217 0.000000
vt -2.936211 10.804120 0.000000
vt -3.063400 10.798409 0.000000
vt -2.943389 10.797087 0.000000
vt -3.056847 10.794076 0.000000
vt -2.949771 10.792968 0.000000
vt -3.049690 10.790739 0.000000
vt -2.956845 10.789891 0.000000
vt -3.034480 10.786430 0.000000
vt -2.971791 10.786071 0.000000
vt -3.002912 10.783763 0.000000
vt -2.941918 10.865894 0.000000
vt -3.063197 10.865996 0.000000
vt -3.070001 10.859239 0.000000
vt -3.056683 10.870301 0.000000
vt -2.948495 10.870232 0.000000
vt -3.049532 10.873616 0.000000
vt -2.955682 10.873569 0.000000
vt -3.034316 10.877882 0.000000
vt -2.970946 10.877866 0.000000
vt -3.002608 10.880521 0.000000
vt -3.311626 -10.571129 0.000000
vt -3.286783 -10.567182 0.000000
vt -3.312757 -10.556067 0.000000
vt -3.287892 -10.556374 0.000000
vt -3.286910 -10.546306 0.000000
vt -3.285135 -10.572341 0.000000
vt -3.307581 -10.585587 0.000000
vt -3.282513 -10.577047 0.000000
vt -3.280715 -10.579084 0.000000
vt -3.278524 -10.580629 0.000000
vt -3.277283 -10.581180 0.000000
vt -3.275981 -10.581564 0.000000
vt -3.273278 -10.581854 0.000000
vt -3.235989 -10.589192 0.000000
vt -3.270679 -10.581560 0.000000
vt -3.232092 -10.580678 0.000000
vt -3.268259 -10.580668 0.000000
vt -3.266087 -10.579214 0.000000
vt -3.264245 -10.577353 0.000000
vt -3.261419 -10.572599 0.000000
vt -3.258886 -10.566131 0.000000
vt -3.226593 -10.562823 0.000000
vt -3.254299 -10.549514 0.000000
vt -3.220098 -10.538554 0.000000
vt -3.250129 -10.533742 0.000000
vt -3.217541 -10.532679 0.000000
vt -3.215815 -10.529971 0.000000
vt -3.304867 -10.591051 0.000000
vt -3.241309 -10.596988 0.000000
vt -3.301445 -10.596099 0.000000
vt -3.297321 -10.600549 0.000000
vt -3.247543 -10.602839 0.000000
vt -3.292510 -10.604296 0.000000
vt -3.254751 -10.607252 0.000000
vt -3.287605 -10.607071 0.000000
vt -3.282356 -10.609130 0.000000
vt -3.262810 -10.609935 0.000000
vt -3.276880 -10.610374 0.000000
vt -3.271248 -10.610785 0.000000
vt -3.213653 -10.527641 0.000000
vt -3.211670 -10.526255 0.000000
vt -3.209457 -10.525262 0.000000
vt -3.243592 -10.516774 0.000000
vt -3.207103 -10.524693 0.000000
vt -3.204672 -10.524515 0.000000
vt -3.164228 -10.521644 0.000000
vt -3.200522 -10.525021 0.000000
vt -3.196638 -10.526550 0.000000
vt -3.193231 -10.528933 0.000000
vt -3.159955 -10.537650 0.000000
vt -3.190311 -10.531945 0.000000
vt -3.187267 -10.536860 0.000000
vt -3.185395 -10.542380 0.000000
vt -3.158799 -10.554326 0.000000
vt -3.184171 -10.554019 0.000000
vt -3.184515 -10.559909 0.000000
vt -3.185674 -10.565681 0.000000
vt -3.161499 -10.577486 0.000000
vt -3.187816 -10.571104 0.000000
vt -3.191072 -10.575972 0.000000
vt -3.195562 -10.580106 0.000000
vt -3.165525 -10.588376 0.000000
vt -3.200878 -10.583193 0.000000
vt -3.212689 -10.586763 0.000000
vt -3.211742 -10.596576 0.000000
vt -3.171840 -10.598010 0.000000
vt -3.179733 -10.605326 0.000000
vt -3.210795 -10.606388 0.000000
vt -3.188981 -10.610692 0.000000
vt -3.209847 -10.616201 0.000000
vt -3.199193 -10.614241 0.000000
vt -3.167175 -10.515671 0.000000
vt -3.170949 -10.510182 0.000000
vt -3.237154 -10.507432 0.000000
vt -3.175514 -10.505375 0.000000
vt -3.233063 -10.503489 0.000000
vt -3.180822 -10.501337 0.000000
vt -3.228471 -10.500157 0.000000
vt -3.186361 -10.498262 0.000000
vt -3.222962 -10.497353 0.000000
vt -3.217082 -10.495491 0.000000
vt -3.192277 -10.495985 0.000000
vt -3.198440 -10.494609 0.000000
vt -3.204773 -10.494154 0.000000
vt -3.310290 -10.533536 0.000000
vt -3.285392 -10.541499 0.000000
vt -3.282868 -10.537171 0.000000
vt -3.279519 -10.533911 0.000000
vt -3.275462 -10.531507 0.000000
vt -3.270999 -10.529860 0.000000
vt -3.266377 -10.528820 0.000000
vt -3.306533 -10.522897 0.000000
vt -3.266817 -10.518701 0.000000
vt -3.303822 -10.518001 0.000000
vt -3.300477 -10.513493 0.000000
vt -3.267256 -10.508583 0.000000
vt -3.293707 -10.507100 0.000000
vt -3.285786 -10.502420 0.000000
vt -3.276938 -10.499565 0.000000
vt -3.267696 -10.498464 0.000000
vt -3.220301 -10.682362 0.000000
vt -3.195233 -10.678992 0.000000
vt -3.220301 -10.668770 0.000000
vt -3.195233 -10.659079 0.000000
vt -3.310220 -10.673054 0.000000
vt -3.161437 -10.646017 0.000000
vt -3.204148 -10.630348 0.000000
vt -3.161437 -10.635057 0.000000
vt -3.161437 -10.624096 0.000000
vt -3.195233 -10.698904 0.000000
vt -3.220301 -10.695954 0.000000
vt -3.220301 -10.709546 0.000000
vt -3.275510 -10.689368 0.000000
vt -3.310220 -10.694326 0.000000
vt -3.310220 -10.704961 0.000000
vt -3.161437 -10.763104 0.000000
vt -3.310220 -10.683690 0.000000
vt -3.195233 -10.718817 0.000000
vt -3.161437 -10.752449 0.000000
vt -3.161437 -10.741795 0.000000
vt -3.161437 -10.731140 0.000000
vt -3.161437 -10.613136 0.000000
vt -3.280214 -10.865992 0.000000
vt -3.308869 -10.868431 0.000000
vt -3.274597 -10.872541 0.000000
vt -3.305348 -10.876858 0.000000
vt -3.270749 -10.875651 0.000000
vt -3.266526 -10.878212 0.000000
vt -3.300135 -10.885499 0.000000
vt -3.257336 -10.881781 0.000000
vt -3.247536 -10.883635 0.000000
vt -3.237554 -10.884170 0.000000
vt -3.174093 -10.888425 0.000000
vt -3.216460 -10.881801 0.000000
vt -3.168694 -10.880311 0.000000
vt -3.206532 -10.878190 0.000000
vt -3.201989 -10.875589 0.000000
vt -3.197821 -10.872388 0.000000
vt -3.164216 -10.870750 0.000000
vt -3.191969 -10.865961 0.000000
vt -3.161155 -10.860620 0.000000
vt -3.187762 -10.858480 0.000000
vt -3.185322 -10.850155 0.000000
vt -3.158900 -10.839572 0.000000
vt -3.184577 -10.841503 0.000000
vt -3.185542 -10.831843 0.000000
vt -3.160672 -10.821115 0.000000
vt -3.188281 -10.822548 0.000000
vt -3.192188 -10.814066 0.000000
vt -3.165852 -10.803232 0.000000
vt -3.197263 -10.806232 0.000000
vt -3.216140 -10.806232 0.000000
vt -3.241207 -10.797445 0.000000
vt -3.241207 -10.819067 0.000000
vt -3.311153 -10.859533 0.000000
vt -3.284192 -10.858291 0.000000
vt -3.286408 -10.849911 0.000000
vt -3.312757 -10.841198 0.000000
vt -3.287080 -10.841198 0.000000
vt -3.286745 -10.835446 0.000000
vt -3.285645 -10.829798 0.000000
vt -3.310353 -10.818473 0.000000
vt -3.283667 -10.824436 0.000000
vt -3.280737 -10.819499 0.000000
vt -3.277249 -10.815472 0.000000
vt -3.273110 -10.812103 0.000000
vt -3.306785 -10.807656 0.000000
vt -3.268464 -10.809503 0.000000
vt -3.263433 -10.807655 0.000000
vt -3.301136 -10.797843 0.000000
vt -3.265294 -10.797688 0.000000
vt -3.294654 -10.790625 0.000000
vt -3.267155 -10.787722 0.000000
vt -3.286984 -10.784822 0.000000
vt -3.278300 -10.780528 0.000000
vt -3.269015 -10.777755 0.000000
vt -3.293702 -10.893283 0.000000
vt -3.180641 -10.895564 0.000000
vt -3.286165 -10.899943 0.000000
vt -3.188264 -10.901600 0.000000
vt -3.277642 -10.905395 0.000000
vt -3.196705 -10.906410 0.000000
vt -3.267901 -10.909804 0.000000
vt -3.216060 -10.913034 0.000000
vt -3.257632 -10.912857 0.000000
vt -3.236336 -10.915143 0.000000
vt -3.172626 -10.788665 0.000000
vt -3.241207 -10.775822 0.000000
vt -3.181938 -10.775822 0.000000
vt -3.241207 -10.840690 0.000000
vt -3.216140 -10.829204 0.000000
vt -3.216140 -10.817718 0.000000
vt -3.216140 -10.840690 0.000000
vt -3.285050 -10.999698 0.000000
vt -3.257344 -10.994319 0.000000
vt -3.310220 -10.999698 0.000000
vt -3.310220 -10.989345 0.000000
vt -3.257344 -10.987316 0.000000
vt -3.310220 -10.978993 0.000000
vt -3.257344 -10.980313 0.000000
vt -3.257344 -10.973309 0.000000
vt -3.285050 -10.968641 0.000000
vt -3.310220 -10.968641 0.000000
vt -3.285050 10.992803 0.000000
vt -3.257344 10.998182 0.000000
vt -3.310220 10.992803 0.000000
vt -3.310220 11.003155 0.000000
vt -3.257344 11.005185 0.000000
vt -3.310220 11.013507 0.000000
vt -3.257344 11.012188 0.000000
vt -3.257344 11.019190 0.000000
vt -3.285050 11.023859 0.000000
vt -3.310220 11.023859 0.000000
vt -3.304488 10.950831 0.000000
vt -3.231262 10.955858 0.000000
vt -3.298954 10.958294 0.000000
vt -3.240396 10.962260 0.000000
vt -3.292715 10.963759 0.000000
vt -3.250291 10.967277 0.000000
vt -3.285561 10.967765 0.000000
vt -3.259664 10.969989 0.000000
vt -3.277648 10.970140 0.000000
vt -3.269421 10.970880 0.000000
vt -3.308220 10.942255 0.000000
vt -3.267391 10.942256 0.000000
vt -3.262760 10.941834 0.000000
vt -3.212283 10.937180 0.000000
vt -3.258253 10.940624 0.000000
vt -3.249935 10.936368 0.000000
vt -3.310232 10.933078 0.000000
vt -3.282057 10.937129 0.000000
vt -3.278936 10.939542 0.000000
vt -3.275299 10.941151 0.000000
vt -3.310829 10.923678 0.000000
vt -3.286921 10.926845 0.000000
vt -3.286042 10.930620 0.000000
vt -3.284439 10.934094 0.000000
vt -3.310282 10.914754 0.000000
vt -3.286897 10.919050 0.000000
vt -3.287182 10.922967 0.000000
vt -3.308491 10.906005 0.000000
vt -3.284247 10.911762 0.000000
vt -3.285954 10.915264 0.000000
vt -3.305288 10.897738 0.000000
vt -3.277933 10.905985 0.000000
vt -3.279973 10.907229 0.000000
vt -3.281803 10.908753 0.000000
vt -3.300578 10.890169 0.000000
vt -3.264888 10.893181 0.000000
vt -3.263941 10.902660 0.000000
vt -3.273483 10.904220 0.000000
vt -3.297409 10.886591 0.000000
vt -3.265835 10.883702 0.000000
vt -3.293762 10.883489 0.000000
vt -3.285427 10.878772 0.000000
vt -3.276260 10.875810 0.000000
vt -3.266783 10.874223 0.000000
vt -3.271390 10.942006 0.000000
vt -3.195842 10.920074 0.000000
vt -3.225578 10.912713 0.000000
vt -3.187926 10.914236 0.000000
vt -3.161437 10.904208 0.000000
vt -3.161437 10.937544 0.000000
vt -3.207659 10.894632 0.000000
vt -3.189905 10.880623 0.000000
vt -3.161437 10.870872 0.000000
vt -3.176239 10.874182 0.000000
vt -3.161437 10.970880 0.000000
vt -3.187926 10.951999 0.000000
vt -3.187926 10.933117 0.000000
vt -3.187926 10.970880 0.000000
vt -3.312757 10.865792 0.000000
vt -3.312757 10.858646 0.000000
vt -3.158900 10.828501 0.000000
vt -3.312757 10.851501 0.000000
vt -3.312757 10.844355 0.000000
vt -3.158900 10.807458 0.000000
vt -3.158900 10.814473 0.000000
vt -3.158900 10.821487 0.000000
vt -3.303963 10.747481 0.000000
vt -3.161437 10.745198 0.000000
vt -3.310829 10.750592 0.000000
vt -3.161437 10.754730 0.000000
vt -3.310829 10.758326 0.000000
vt -3.161437 10.764262 0.000000
vt -3.310829 10.766060 0.000000
vt -3.161437 10.773794 0.000000
vt -3.310829 10.773794 0.000000
vt -3.268914 10.745198 0.000000
vt -3.297654 10.743320 0.000000
vt -3.287029 10.732573 0.000000
vt -3.256055 10.727865 0.000000
vt -3.279046 10.720921 0.000000
vt -3.247297 10.708229 0.000000
vt -3.273176 10.708229 0.000000
vt -3.161437 10.677242 0.000000
vt -3.189956 10.677242 0.000000
vt -3.161437 10.667687 0.000000
vt -3.189956 10.667687 0.000000
vt -3.161437 10.658131 0.000000
vt -3.189956 10.658131 0.000000
vt -3.161437 10.648576 0.000000
vt -3.189956 10.648576 0.000000
vt -3.225578 10.564365 0.000000
vt -3.195842 10.571784 0.000000
vt -3.249935 10.588202 0.000000
vt -3.212283 10.589020 0.000000
vt -3.258248 10.592487 0.000000
vt -3.262757 10.593707 0.000000
vt -3.304496 10.602753 0.000000
vt -3.267391 10.594132 0.000000
vt -3.308226 10.594113 0.000000
vt -3.271395 10.593880 0.000000
vt -3.275306 10.593017 0.000000
vt -3.278942 10.591396 0.000000
vt -3.282057 10.588969 0.000000
vt -3.310234 10.584874 0.000000
vt -3.284443 10.585906 0.000000
vt -3.286044 10.582404 0.000000
vt -3.286922 10.578603 0.000000
vt -3.310829 10.575417 0.000000
vt -3.287182 10.574700 0.000000
vt -3.286898 10.570758 0.000000
vt -3.310283 10.566427 0.000000
vt -3.285956 10.566944 0.000000
vt -3.284250 10.563412 0.000000
vt -3.308493 10.557612 0.000000
vt -3.281803 10.560373 0.000000
vt -3.279977 10.558841 0.000000
vt -3.277940 10.557587 0.000000
vt -3.305291 10.549275 0.000000
vt -3.273493 10.555807 0.000000
vt -3.263941 10.554231 0.000000
vt -3.264888 10.544669 0.000000
vt -3.300578 10.541634 0.000000
vt -3.297419 10.538035 0.000000
vt -3.207647 10.546125 0.000000
vt -3.161437 10.555759 0.000000
vt -3.187926 10.565900 0.000000
vt -3.189905 10.532003 0.000000
vt -3.161437 10.522164 0.000000
vt -3.176247 10.525508 0.000000
vt -3.161437 10.589354 0.000000
vt -3.187926 10.584917 0.000000
vt -3.187926 10.603933 0.000000
vt -3.161437 10.622949 0.000000
vt -3.187926 10.622949 0.000000
vt -3.231262 10.607829 0.000000
vt -3.298954 10.610281 0.000000
vt -3.240392 10.614271 0.000000
vt -3.292725 10.615775 0.000000
vt -3.250291 10.619323 0.000000
vt -3.285575 10.619808 0.000000
vt -3.259662 10.622052 0.000000
vt -3.277657 10.622202 0.000000
vt -3.269421 10.622949 0.000000
vt -3.265836 10.535108 0.000000
vt -3.293779 10.534908 0.000000
vt -3.285450 10.530146 0.000000
vt -3.276277 10.527152 0.000000
vt -3.266783 10.525547 0.000000
vt -3.420132 -10.888132 0.000000
vt -3.418711 -10.906309 0.000000
vt -3.393643 -10.902247 0.000000
vt -3.418711 -10.913788 0.000000
vt -3.393643 -10.921096 0.000000
vt -3.418711 -10.921268 0.000000
vt -3.418711 -10.928747 0.000000
vt -3.393643 -10.939946 0.000000
vt -3.517256 -10.928747 0.000000
vt -3.542425 -10.940487 0.000000
vt -3.542425 -10.922179 0.000000
vt -3.517256 -10.924246 0.000000
vt -3.517256 -10.919745 0.000000
vt -3.517256 -10.915244 0.000000
vt -3.542425 -10.903872 0.000000
vt -3.515835 -10.890569 0.000000
vt -3.541869 -10.889147 0.000000
vt -3.513290 -10.883114 0.000000
vt -3.539584 -10.875537 0.000000
vt -3.511302 -10.879712 0.000000
vt -3.508833 -10.876654 0.000000
vt -3.505694 -10.873833 0.000000
vt -3.502174 -10.871507 0.000000
vt -3.494421 -10.868122 0.000000
vt -3.534240 -10.863390 0.000000
vt -3.481941 -10.865701 0.000000
vt -3.467933 -10.865075 0.000000
vt -3.401525 -10.864362 0.000000
vt -3.453767 -10.865702 0.000000
vt -3.440683 -10.868122 0.000000
vt -3.432975 -10.871149 0.000000
vt -3.396789 -10.875639 0.000000
vt -3.429427 -10.873274 0.000000
vt -3.426322 -10.875994 0.000000
vt -3.424203 -10.878703 0.000000
vt -3.422478 -10.881669 0.000000
vt -3.394270 -10.888721 0.000000
vt -3.542425 -10.958795 0.000000
vt -3.393643 -10.958795 0.000000
vt -3.404761 -10.859184 0.000000
vt -3.530401 -10.857958 0.000000
vt -3.408663 -10.854509 0.000000
vt -3.525883 -10.853086 0.000000
vt -3.414428 -10.849348 0.000000
vt -3.420839 -10.844991 0.000000
vt -3.434949 -10.838556 0.000000
vt -3.501779 -10.838861 0.000000
vt -3.514595 -10.844657 0.000000
vt -3.450616 -10.834973 0.000000
vt -3.484472 -10.835019 0.000000
vt -3.466613 -10.833983 0.000000
vt -3.422478 11.006366 0.000000
vt -3.420132 10.999908 0.000000
vt -3.394270 10.999317 0.000000
vt -3.418711 10.981740 0.000000
vt -3.393643 10.985800 0.000000
vt -3.418711 10.974263 0.000000
vt -3.393643 10.966954 0.000000
vt -3.418711 10.966786 0.000000
vt -3.418711 10.959309 0.000000
vt -3.393643 10.948108 0.000000
vt -3.517256 10.959309 0.000000
vt -3.542425 10.947567 0.000000
vt -3.542425 10.965871 0.000000
vt -3.517256 10.963809 0.000000
vt -3.517256 10.968309 0.000000
vt -3.517256 10.972809 0.000000
vt -3.542425 10.984176 0.000000
vt -3.515835 10.997472 0.000000
vt -3.541869 10.998893 0.000000
vt -3.513289 11.004922 0.000000
vt -3.539584 11.012492 0.000000
vt -3.511302 11.008321 0.000000
vt -3.508833 11.011376 0.000000
vt -3.505693 11.014195 0.000000
vt -3.502173 11.016519 0.000000
vt -3.494421 11.019901 0.000000
vt -3.534240 11.024629 0.000000
vt -3.481941 11.022319 0.000000
vt -3.534240 -11.013643 0.000000
vt -3.481941 -11.015953 0.000000
vt -3.467933 -11.015327 0.000000
vt -3.401525 -11.014615 0.000000
vt -3.453767 -11.015953 0.000000
vt -3.440683 -11.018372 0.000000
vt -3.432975 -11.021395 0.000000
vt -3.396789 -11.025882 0.000000
vt -3.396789 11.012391 0.000000
vt -3.432975 11.016877 0.000000
vt -3.429428 11.014754 0.000000
vt -3.426322 11.012036 0.000000
vt -3.424203 11.009329 0.000000
vt -3.542425 10.929262 0.000000
vt -3.393643 10.929262 0.000000
vt -3.404761 -11.009442 0.000000
vt -3.530401 -11.008218 0.000000
vt -3.408663 -11.004772 0.000000
vt -3.525883 -11.003351 0.000000
vt -3.414429 -10.999616 0.000000
vt -3.420840 -10.995264 0.000000
vt -3.434949 -10.988838 0.000000
vt -3.501779 -10.989143 0.000000
vt -3.514594 -10.994931 0.000000
vt -3.450617 -10.985260 0.000000
vt -3.484471 -10.985306 0.000000
vt -3.466613 -10.984271 0.000000
vt -3.440683 11.019901 0.000000
vt -3.502173 11.016519 0.000000
vt -3.494421 11.019901 0.000000
vt -3.453767 11.022319 0.000000
vt -3.481941 11.022319 0.000000
vt -3.467933 11.022945 0.000000
vt 3.273371 -0.651114 0.000000
vt 3.440104 -0.684279 0.000000
vt 3.337500 0.000000 0.000000
vt 3.507500 -0.000000 0.000000
vt 3.273371 0.651114 0.000000
vt 3.440104 0.684279 0.000000
vt 3.083448 1.277206 0.000000
vt 3.240507 1.342262 0.000000
vt 2.775030 1.854216 0.000000
vt 2.916380 1.948663 0.000000
vt 2.359969 2.359969 0.000000
vt 2.480177 2.480177 0.000000
vt 1.854216 2.775030 0.000000
vt 1.948663 2.916380 0.000000
vt 1.277206 3.083448 0.000000
vt 1.342262 3.240507 0.000000
vt 0.651114 3.273371 0.000000
vt 0.684279 3.440104 0.000000
vt -0.000000 3.337500 0.000000
vt -0.000000 3.507500 0.000000
vt -0.684279 3.440104 0.000000
vt 3.083448 -1.277206 0.000000
vt 3.240507 -1.342262 0.000000
vt 2.775030 -1.854216 0.000000
vt 2.916380 -1.948663 0.000000
vt 2.359969 -2.359969 0.000000
vt 2.480177 -2.480177 0.000000
vt 1.854216 -2.775030 0.000000
vt 1.948663 -2.916380 0.000000
vt 1.277206 -3.083448 0.000000
vt 1.342262 -3.240507 0.000000
vt 0.651114 -3.273371 0.000000
vt 0.684279 -3.440104 0.000000
vt -0.000000 -3.337500 0.000000
vt -0.000000 -3.507500 0.000000
vt -0.684279 -3.440104 0.000000
vt -0.651114 -3.273371 0.000000
vt -1.342262 -3.240507 0.000000
vt -1.277206 -3.083448 0.000000
vt -1.948663 -2.916380 0.000000
vt -1.854216 -2.775030 0.000000
vt -2.480177 -2.480177 0.000000
vt -2.359969 -2.359969 0.000000
vt -2.916380 -1.948663 0.000000
vt -2.775030 -1.854216 0.000000
vt -3.240507 -1.342262 0.000000
vt -3.083448 -1.277206 0.000000
vt -3.440104 -0.684279 0.000000
vt -3.273371 -0.651114 0.000000
vt -3.507500 0.000000 0.000000
vt -3.337500 0.000000 0.000000
vt -3.273371 0.651114 0.000000
vt -3.440104 0.684279 0.000000
vt -3.083448 1.277206 0.000000
vt -3.240507 1.342262 0.000000
vt -2.775030 1.854216 0.000000
vt -2.916380 1.948663 0.000000
vt -2.359969 2.359969 0.000000
vt -2.480177 2.480177 0.000000
vt -1.854216 2.775030 0.000000
vt -1.948663 2.916380 0.000000
vt -1.277206 3.083448 0.000000
vt -1.342262 3.240507 0.000000
vt -0.651114 3.273371 0.000000
vt -3.273371 -0.651114 0.000000
vt -3.337500 0.000000 0.000000
vt -3.507500 0.000000 0.000000
vt -3.273371 0.651114 0.000000
vt -3.440104 0.684279 0.000000
vt -3.083448 1.277206 0.000000
vt -3.240507 1.342262 0.000000
vt -2.775030 1.854216 0.000000
vt -2.916380 1.948663 0.000000
vt -2.359969 2.359969 0.000000
vt -2.480177 2.480177 0.000000
vt -1.854216 2.775030 0.000000
vt -1.948663 2.916380 0.000000
vt -1.277206 3.083448 0.000000
vt -1.342262 3.240507 0.000000
vt -0.651114 3.273371 0.000000
vt -0.684279 3.440104 0.000000
vt 0.000000 3.337500 0.000000
vt 0.000000 3.507500 0.000000
vt 0.684279 3.440104 0.000000
vt 0.651114 3.273371 0.000000
vt 1.342262 3.240507 0.000000
vt 1.277206 3.083448 0.000000
vt 1.948663 2.916380 0.000000
vt 1.854216 2.775030 0.000000
vt 2.480177 2.480177 0.000000
vt 2.359969 2.359969 0.000000
vt 2.916380 1.948663 0.000000
vt 2.775030 1.854216 0.000000
vt 3.240507 1.342262 0.000000
vt 3.083448 1.277206 0.000000
vt 3.440104 0.684279 0.000000
vt 3.273371 0.651114 0.000000
vt 3.507500 0.000000 0.000000
vt 3.337500 0.000000 0.000000
vt 3.440104 -0.684279 0.000000
vt 3.273371 -0.651114 0.000000
vt 3.083448 -1.277206 0.000000
vt 3.240507 -1.342262 0.000000
vt 2.775030 -1.854216 0.000000
vt 2.916380 -1.948663 0.000000
vt 2.359969 -2.359969 0.000000
vt 2.480177 -2.480177 0.000000
vt 1.854216 -2.775030 0.000000
vt 1.948663 -2.916380 0.000000
vt 1.277206 -3.083448 0.000000
vt 1.342262 -3.240507 0.000000
vt 0.651114 -3.273371 0.000000
vt 0.684279 -3.440104 0.000000
vt 0.000000 -3.337500 0.000000
vt 0.000000 -3.507500 0.000000
vt -0.684279 -3.440104 0.000000
vt -0.651114 -3.273371 0.000000
vt -1.342262 -3.240507 0.000000
vt -1.277206 -3.083448 0.000000
vt -1.948663 -2.916380 0.000000
vt -1.854216 -2.775030 0.000000
vt -2.480177 -2.480177 0.000000
vt -2.359969 -2.359969 0.000000
vt -2.916380 -1.948663 0.000000
vt -2.775030 -1.854216 0.000000
vt -3.240507 -1.342262 0.000000
vt -3.083448 -1.277206 0.000000
vt -3.440104 -0.684279 0.000000
vt 0.228712 -10.221367 0.000000
vt 0.190593 -10.221367 0.000000
vt 0.228712 -10.902791 0.000000
vt 0.190593 -10.902791 0.000000
vt 0.228712 10.902791 0.000000
vt 0.190593 10.902791 0.000000
vt 0.228712 10.221367 0.000000
vt 0.190593 10.221367 0.000000
vt 0.228712 9.539942 0.000000
vt 0.190593 9.539942 0.000000
vt 0.228712 8.858518 0.000000
vt 0.190593 8.858518 0.000000
vt 0.228712 8.177093 0.000000
vt 0.190593 8.177093 0.000000
vt 0.228712 7.495669 0.000000
vt 0.190593 7.495669 0.000000
vt 0.228712 6.814244 0.000000
vt 0.190593 6.814244 0.000000
vt 0.228712 6.132820 0.000000
vt 0.190593 6.132820 0.000000
vt 0.228712 5.451395 0.000000
vt 0.190593 5.451395 0.000000
vt 0.228712 4.769971 0.000000
vt 0.190593 4.769971 0.000000
vt 0.228712 4.088547 0.000000
vt 0.190593 4.088547 0.000000
vt 0.228712 3.407122 0.000000
vt 0.190593 3.407122 0.000000
vt 0.228712 2.725698 0.000000
vt 0.190593 2.725698 0.000000
vt 0.228712 2.044273 0.000000
vt 0.190593 2.044273 0.000000
vt 0.228712 1.362849 0.000000
vt 0.190593 1.362849 0.000000
vt 0.228712 0.681424 0.000000
vt 0.190593 0.681424 0.000000
vt 0.228712 -0.000000 0.000000
vt 0.190593 -0.000000 0.000000
vt 0.228712 -0.681424 0.000000
vt 0.190593 -0.681424 0.000000
vt 0.228712 -1.362849 0.000000
vt 0.190593 -1.362849 0.000000
vt 0.228712 -2.044273 0.000000
vt 0.190593 -2.044273 0.000000
vt 0.228712 -2.725698 0.000000
vt 0.190593 -2.725698 0.000000
vt 0.228712 -3.407122 0.000000
vt 0.190593 -3.407122 0.000000
vt 0.228712 -4.088547 0.000000
vt 0.190593 -4.088547 0.000000
vt 0.228712 -4.769971 0.000000
vt 0.190593 -4.769971 0.000000
vt 0.228712 -5.451395 0.000000
vt 0.190593 -5.451395 0.000000
vt 0.228712 -6.132820 0.000000
vt 0.190593 -6.132820 0.000000
vt 0.228712 -6.814244 0.000000
vt 0.190593 -6.814244 0.000000
vt 0.228712 -7.495669 0.000000
vt 0.190593 -7.495669 0.000000
vt 0.228712 -8.177093 0.000000
vt 0.190593 -8.177093 0.000000
vt 0.228712 -8.858518 0.000000
vt 0.190593 -8.858518 0.000000
vt 0.228712 -9.539942 0.000000
vt 0.190593 -9.539942 0.000000
vt 0.000000 10.221367 0.000000
vt 0.038119 10.221367 0.000000
vt 0.000000 10.902791 0.000000
vt 0.038119 10.902791 0.000000
vt 0.000000 -10.902791 0.000000
vt 0.038119 -10.902791 0.000000
vt 0.000000 -10.221367 0.000000
vt 0.038119 -10.221367 0.000000
vt 0.000000 -9.539942 0.000000
vt 0.038119 -9.539942 0.000000
vt 0.000000 -8.858518 0.000000
vt 0.038119 -8.858518 0.000000
vt 0.000000 -8.177093 0.000000
vt 0.038119 -8.177093 0.000000
vt 0.000000 -7.495669 0.000000
vt 0.038119 -7.495669 0.000000
vt 0.000000 -6.814244 0.000000
vt 0.038119 -6.814244 0.000000
vt 0.000000 -6.132820 0.000000
vt 0.038119 -6.132820 0.000000
vt 0.000000 -5.451395 0.000000
vt 0.038119 -5.451395 0.000000
vt 0.000000 -4.769971 0.000000
vt 0.038119 -4.769971 0.000000
vt 0.000000 -4.088547 0.000000
vt 0.038119 -4.088547 0.000000
vt 0.000000 -3.407122 0.000000
vt 0.038119 -3.407122 0.000000
vt 0.000000 -2.725698 0.000000
vt 0.038119 -2.725698 0.000000
vt 0.000000 -2.044273 0.000000
vt 0.038119 -2.044273 0.000000
vt 0.000000 -1.362849 0.000000
vt 0.038119 -1.362849 0.000000
vt 0.000000 -0.681424 0.000000
vt 0.038119 -0.681424 0.000000
vt 0.000000 -0.000000 0.000000
vt 0.038119 -0.000000 0.000000
vt 0.000000 0.681424 0.000000
vt 0.038119 0.681424 0.000000
vt 0.000000 1.362849 0.000000
vt 0.038119 1.362849 0.000000
vt 0.000000 2.044273 0.000000
vt 0.038119 2.044273 0.000000
vt 0.000000 2.725698 0.000000
vt 0.038119 2.725698 0.000000
vt 0.000000 3.407122 0.000000
vt 0.038119 3.407122 0.000000
vt 0.000000 4.088547 0.000000
vt 0.038119 4.088547 0.000000
vt 0.000000 4.769971 0.000000
vt 0.038119 4.769971 0.000000
vt 0.000000 5.451395 0.000000
vt 0.038119 5.451395 0.000000
vt 0.000000 6.132820 0.000000
vt 0.038119 6.132820 0.000000
vt 0.000000 6.814244 0.000000
vt 0.038119 6.814244 0.000000
vt 0.000000 7.495669 0.000000
vt 0.038119 7.495669 0.000000
vt 0.000000 8.177093 0.000000
vt 0.038119 8.177093 0.000000
vt 0.000000 8.858518 0.000000
vt 0.038119 8.858518 0.000000
vt 0.000000 9.539942 0.000000
vt 0.038119 9.539942 0.000000
vt 0.152474 10.902791 0.000000
vt 0.152474 10.221367 0.000000
vt 0.152474 9.539942 0.000000
vt 0.152474 8.858518 0.000000
vt 0.152474 8.177093 0.000000
vt 0.152474 7.495669 0.000000
vt 0.152474 6.814244 0.000000
vt 0.152474 6.132820 0.000000
vt 0.152474 5.451395 0.000000
vt 0.152474 4.769971 0.000000
vt 0.152474 4.088547 0.000000
vt 0.152474 3.407122 0.000000
vt 0.152474 2.725698 0.000000
vt 0.152474 2.044273 0.000000
vt 0.152474 1.362849 0.000000
vt 0.152474 0.681424 0.000000
vt 0.152474 -0.000000 0.000000
vt 0.152474 -0.681424 0.000000
vt 0.152474 -1.362849 0.000000
vt 0.152474 -2.044273 0.000000
vt 0.152474 -2.725698 0.000000
vt 0.152474 -3.407122 0.000000
vt 0.152474 -4.088547 0.000000
vt 0.152474 -4.769971 0.000000
vt 0.152474 -5.451395 0.000000
vt 0.152474 -6.132820 0.000000
vt 0.152474 -6.814244 0.000000
vt 0.152474 -7.495669 0.000000
vt 0.152474 -8.177093 0.000000
vt 0.152474 -8.858518 0.000000
vt 0.152474 -9.539942 0.000000
vt 0.152474 -10.221367 0.000000
vt 0.152474 -10.902791 0.000000
vt 0.114356 10.902791 0.000000
vt 0.114356 10.221367 0.000000
vt 0.114356 9.539942 0.000000
vt 0.114356 8.858518 0.000000
vt 0.114356 8.177093 0.000000
vt 0.114356 7.495669 0.000000
vt 0.114356 6.814244 0.000000
vt 0.114356 6.132820 0.000000
vt 0.114356 5.451395 0.000000
vt 0.114356 4.769971 0.000000
vt 0.114356 4.088547 0.000000
vt 0.114356 3.407122 0.000000
vt 0.114356 2.725698 0.000000
vt 0.114356 2.044273 0.000000
vt 0.114356 1.362849 0.000000
vt 0.114356 0.681424 0.000000
vt 0.114356 -0.000000 0.000000
vt 0.114356 -0.681424 0.000000
vt 0.114356 -1.362849 0.000000
vt 0.114356 -2.044273 0.000000
vt 0.114356 -2.725698 0.000000
vt 0.114356 -3.407122 0.000000
vt 0.114356 -4.088547 0.000000
vt 0.114356 -4.769971 0.000000
vt 0.114356 -5.451395 0.000000
vt 0.114356 -6.132820 0.000000
vt 0.114356 -6.814244 0.000000
vt 0.114356 -7.495669 0.000000
vt 0.114356 -8.177093 0.000000
vt 0.114356 -8.858518 0.000000
vt 0.114356 -9.539942 0.000000
vt 0.114356 -10.221367 0.000000
vt 0.114356 -10.902791 0.000000
vt 0.076237 10.902791 0.000000
vt 0.076237 10.221367 0.000000
vt 0.076237 9.539942 0.000000
vt 0.076237 8.858518 0.000000
vt 0.076237 8.177093 0.000000
vt 0.076237 7.495669 0.000000
vt 0.076237 6.814244 0.000000
vt 0.076237 6.132820 0.000000
vt 0.076237 5.451395 0.000000
vt 0.076237 4.769971 0.000000
vt 0.076237 4.088547 0.000000
vt 0.076237 3.407122 0.000000
vt 0.076237 2.725698 0.000000
vt 0.076237 2.044273 0.000000
vt 0.076237 1.362849 0.000000
vt 0.076237 0.681424 0.000000
vt 0.076237 -0.000000 0.000000
vt 0.076237 -0.681424 0.000000
vt 0.076237 -1.362849 0.000000
vt 0.076237 -2.044273 0.000000
vt 0.076237 -2.725698 0.000000
vt 0.076237 -3.407122 0.000000
vt 0.076237 -4.088547 0.000000
vt 0.076237 -4.769971 0.000000
vt 0.076237 -5.451395 0.000000
vt 0.076237 -6.132820 0.000000
vt 0.076237 -6.814244 0.000000
vt 0.076237 -7.495669 0.000000
vt 0.076237 -8.177093 0.000000
vt 0.076237 -8.858518 0.000000
vt 0.076237 -9.539942 0.000000
vt 0.076237 -10.221367 0.000000
vt 0.076237 -10.902791 0.000000
vt -0.534071 9.641191 0.000000
vt -0.495952 9.681489 0.000000
vt -0.534071 10.306101 0.000000
vt -0.495952 10.306101 0.000000
vt -0.534071 -10.306101 0.000000
vt -0.495952 -10.306101 0.000000
vt -0.495952 -9.681489 0.000000
vt -0.457834 -10.306101 0.000000
vt -0.457834 -9.681489 0.000000
vt -0.419715 -10.306101 0.000000
vt -0.419715 -9.681489 0.000000
vt -0.381596 -10.306101 0.000000
vt -0.381596 -9.681489 0.000000
vt -0.343478 -10.306101 0.000000
vt -0.343478 -9.681489 0.000000
vt -0.305359 -10.306101 0.000000
vt -0.305359 -9.661970 0.000000
vt -0.495952 9.056877 0.000000
vt -0.534071 8.976282 0.000000
vt -0.495952 8.432264 0.000000
vt -0.534071 8.311372 0.000000
vt -0.495952 7.807652 0.000000
vt -0.534071 7.646462 0.000000
vt -0.495952 7.183040 0.000000
vt -0.534071 6.981552 0.000000
vt -0.495952 6.558428 0.000000
vt -0.534071 6.316643 0.000000
vt -0.495952 5.933816 0.000000
vt -0.534071 5.651733 0.000000
vt -0.495952 5.309204 0.000000
vt -0.534071 4.986823 0.000000
vt -0.495952 4.684591 0.000000
vt -0.534071 4.321913 0.000000
vt -0.495952 4.059979 0.000000
vt -0.534071 3.657004 0.000000
vt -0.495952 3.435367 0.000000
vt -0.534071 2.992094 0.000000
vt -0.495952 2.810755 0.000000
vt -0.534071 2.327184 0.000000
vt -0.495952 2.186143 0.000000
vt -0.534071 1.662274 0.000000
vt -0.495952 1.561530 0.000000
vt -0.534071 0.997365 0.000000
vt -0.495952 0.936918 0.000000
vt -0.534071 0.332455 0.000000
vt -0.495952 0.312306 0.000000
vt -0.534071 -0.332455 0.000000
vt -0.495952 -0.312306 0.000000
vt -0.495952 -0.936918 0.000000
vt -0.457834 -0.936918 0.000000
vt -0.457834 -1.561530 0.000000
vt -0.419715 -1.561530 0.000000
vt -0.419715 -2.186143 0.000000
vt -0.381596 -2.186143 0.000000
vt -0.381596 -2.810755 0.000000
vt -0.343478 -2.810755 0.000000
vt -0.343478 -3.435367 0.000000
vt -0.305359 -3.220657 0.000000
vt -0.305359 -3.864788 0.000000
vt -0.343478 -4.059979 0.000000
vt -0.305359 -4.508919 0.000000
vt -0.343478 -4.684591 0.000000
vt -0.305359 -5.153051 0.000000
vt -0.343478 -5.309204 0.000000
vt -0.305359 -5.797182 0.000000
vt -0.343478 -5.933816 0.000000
vt -0.305359 -6.441313 0.000000
vt -0.343478 -6.558428 0.000000
vt -0.305359 -7.085444 0.000000
vt -0.343478 -7.183040 0.000000
vt -0.305359 -7.729576 0.000000
vt -0.343478 -7.807652 0.000000
vt -0.305359 -8.373707 0.000000
vt -0.343478 -8.432264 0.000000
vt -0.305359 -9.017838 0.000000
vt -0.343478 -9.056877 0.000000
vt -0.534071 -0.997365 0.000000
vt -0.495952 -1.561530 0.000000
vt -0.457834 -2.186143 0.000000
vt -0.419715 -2.810755 0.000000
vt -0.381596 -3.435367 0.000000
vt -0.534071 -1.662274 0.000000
vt -0.495952 -2.186143 0.000000
vt -0.457834 -2.810755 0.000000
vt -0.419715 -3.435367 0.000000
vt -0.381596 -4.059979 0.000000
vt -0.534071 -2.327184 0.000000
vt -0.495952 -2.810755 0.000000
vt -0.457834 -3.435367 0.000000
vt -0.419715 -4.059979 0.000000
vt -0.381596 -4.684591 0.000000
vt -0.534071 -2.992094 0.000000
vt -0.495952 -3.435367 0.000000
vt -0.457834 -4.059979 0.000000
vt -0.419715 -4.684591 0.000000
vt -0.381596 -5.309204 0.000000
vt -0.534071 -3.657004 0.000000
vt -0.495952 -4.059979 0.000000
vt -0.457834 -4.684591 0.000000
vt -0.419715 -5.309204 0.000000
vt -0.381596 -5.933816 0.000000
vt -0.534071 -4.321913 0.000000
vt -0.495952 -4.684591 0.000000
vt -0.457834 -5.309204 0.000000
vt -0.419715 -5.933816 0.000000
vt -0.381596 -6.558428 0.000000
vt -0.534071 -4.986823 0.000000
vt -0.495952 -5.309204 0.000000
vt -0.457834 -5.933816 0.000000
vt -0.419715 -6.558428 0.000000
vt -0.381596 -7.183040 0.000000
vt -0.534071 -5.651733 0.000000
vt -0.495952 -5.933816 0.000000
vt -0.457834 -6.558428 0.000000
vt -0.419715 -7.183040 0.000000
vt -0.381596 -7.807652 0.000000
vt -0.534071 -6.316643 0.000000
vt -0.495952 -6.558428 0.000000
vt -0.457834 -7.183040 0.000000
vt -0.419715 -7.807652 0.000000
vt -0.381596 -8.432264 0.000000
vt -0.534071 -6.981552 0.000000
vt -0.495952 -7.183040 0.000000
vt -0.457834 -7.807652 0.000000
vt -0.419715 -8.432264 0.000000
vt -0.381596 -9.056877 0.000000
vt -0.534071 -7.646462 0.000000
vt -0.495952 -7.807652 0.000000
vt -0.457834 -8.432264 0.000000
vt -0.419715 -9.056877 0.000000
vt -0.534071 -8.311372 0.000000
vt -0.495952 -8.432264 0.000000
vt -0.457834 -9.056877 0.000000
vt -0.534071 -8.976282 0.000000
vt -0.495952 -9.056877 0.000000
vt -0.534071 -9.641191 0.000000
vt -0.305359 5.797182 0.000000
vt -0.343478 5.309204 0.000000
vt -0.305359 5.153051 0.000000
vt -0.343478 4.684591 0.000000
vt -0.305359 4.508919 0.000000
vt -0.343478 4.059979 0.000000
vt -0.305359 3.864788 0.000000
vt -0.343478 3.435367 0.000000
vt -0.305359 3.220657 0.000000
vt -0.343478 2.810755 0.000000
vt -0.305359 2.576525 0.000000
vt -0.343478 2.186143 0.000000
vt -0.305359 1.932394 0.000000
vt -0.343478 1.561530 0.000000
vt -0.305359 1.288263 0.000000
vt -0.343478 0.936918 0.000000
vt -0.305359 0.644131 0.000000
vt -0.343478 0.312306 0.000000
vt -0.305359 -0.000000 0.000000
vt -0.343478 -0.312306 0.000000
vt -0.305359 -0.644131 0.000000
vt -0.343478 -0.936918 0.000000
vt -0.305359 -1.288263 0.000000
vt -0.343478 -1.561530 0.000000
vt -0.305359 -1.932394 0.000000
vt -0.343478 -2.186143 0.000000
vt -0.305359 -2.576525 0.000000
vt -0.343478 5.933816 0.000000
vt -0.305359 6.441313 0.000000
vt -0.343478 6.558428 0.000000
vt -0.305359 7.085444 0.000000
vt -0.343478 7.183040 0.000000
vt -0.305359 7.729576 0.000000
vt -0.343478 7.807652 0.000000
vt -0.305359 8.373707 0.000000
vt -0.343478 8.432264 0.000000
vt -0.305359 9.017838 0.000000
vt -0.343478 9.056877 0.000000
vt -0.305359 9.661970 0.000000
vt -0.343478 9.681489 0.000000
vt -0.305359 10.306101 0.000000
vt -0.343478 10.306101 0.000000
vt -0.457834 10.306101 0.000000
vt -0.457834 9.681489 0.000000
vt -0.457834 9.056877 0.000000
vt -0.457834 8.432264 0.000000
vt -0.457834 7.807652 0.000000
vt -0.457834 7.183040 0.000000
vt -0.457834 6.558428 0.000000
vt -0.457834 5.933816 0.000000
vt -0.457834 5.309204 0.000000
vt -0.457834 4.684591 0.000000
vt -0.457834 4.059979 0.000000
vt -0.457834 3.435367 0.000000
vt -0.457834 2.810755 0.000000
vt -0.457834 2.186143 0.000000
vt -0.457834 1.561530 0.000000
vt -0.457834 0.936918 0.000000
vt -0.457834 0.312306 0.000000
vt -0.457834 -0.312306 0.000000
vt -0.419715 10.306101 0.000000
vt -0.419715 9.681489 0.000000
vt -0.419715 9.056877 0.000000
vt -0.419715 8.432264 0.000000
vt -0.419715 7.807652 0.000000
vt -0.419715 7.183040 0.000000
vt -0.419715 6.558428 0.000000
vt -0.419715 5.933816 0.000000
vt -0.419715 5.309204 0.000000
vt -0.419715 4.684591 0.000000
vt -0.419715 4.059979 0.000000
vt -0.419715 3.435367 0.000000
vt -0.419715 2.810755 0.000000
vt -0.419715 2.186143 0.000000
vt -0.419715 1.561530 0.000000
vt -0.419715 0.936918 0.000000
vt -0.419715 0.312306 0.000000
vt -0.419715 -0.312306 0.000000
vt -0.419715 -0.936918 0.000000
vt -0.381596 10.306101 0.000000
vt -0.381596 9.681489 0.000000
vt -0.381596 9.056877 0.000000
vt -0.381596 8.432264 0.000000
vt -0.381596 7.807652 0.000000
vt -0.381596 7.183040 0.000000
vt -0.381596 6.558428 0.000000
vt -0.381596 5.933816 0.000000
vt -0.381596 5.309204 0.000000
vt -0.381596 4.684591 0.000000
vt -0.381596 4.059979 0.000000
vt -0.381596 3.435367 0.000000
vt -0.381596 2.810755 0.000000
vt -0.381596 2.186143 0.000000
vt -0.381596 1.561530 0.000000
vt -0.381596 0.936918 0.000000
vt -0.381596 0.312306 0.000000
vt -0.381596 -0.312306 0.000000
vt -0.381596 -0.936918 0.000000
vt -0.381596 -1.561530 0.000000
vt -0.305359 -9.661970 0.000000
vt -0.343478 -9.681489 0.000000
vt -0.305359 -10.306101 0.000000
vt -0.343478 -10.306101 0.000000
vt -0.305359 10.306101 0.000000
vt -0.343478 10.306101 0.000000
vt -0.343478 9.681489 0.000000
vt -0.381596 10.306101 0.000000
vt -0.381596 9.681489 0.000000
vt -0.419715 10.306101 0.000000
vt -0.419715 9.681489 0.000000
vt -0.457834 10.306101 0.000000
vt -0.457834 9.681489 0.000000
vt -0.495952 10.306101 0.000000
vt -0.495952 9.681489 0.000000
vt -0.534071 10.306101 0.000000
vt -0.534071 9.661970 0.000000
vt -0.343478 -9.056877 0.000000
vt -0.305359 -9.017838 0.000000
vt -0.343478 -8.432264 0.000000
vt -0.305359 -8.373707 0.000000
vt -0.343478 -7.807652 0.000000
vt -0.305359 -7.729576 0.000000
vt -0.343478 -7.183040 0.000000
vt -0.305359 -7.085444 0.000000
vt -0.343478 -6.558428 0.000000
vt -0.305359 -6.441313 0.000000
vt -0.343478 -5.933816 0.000000
vt -0.305359 -5.797182 0.000000
vt -0.343478 -5.309204 0.000000
vt -0.305359 -5.153051 0.000000
vt -0.343478 -4.684591 0.000000
vt -0.305359 -4.508919 0.000000
vt -0.343478 -4.059979 0.000000
vt -0.305359 -3.864788 0.000000
vt -0.343478 -3.435367 0.000000
vt -0.305359 -3.220657 0.000000
vt -0.343478 -2.810755 0.000000
vt -0.305359 -2.576525 0.000000
vt -0.343478 -2.186143 0.000000
vt -0.305359 -1.932394 0.000000
vt -0.343478 -1.561530 0.000000
vt -0.305359 -1.288263 0.000000
vt -0.343478 -0.936918 0.000000
vt -0.305359 -0.644131 0.000000
vt -0.343478 -0.312306 0.000000
vt -0.305359 0.000000 0.000000
vt -0.343478 0.312306 0.000000
vt -0.305359 0.644131 0.000000
vt -0.343478 0.936918 0.000000
vt -0.305359 1.288263 0.000000
vt -0.343478 1.561530 0.000000
vt -0.305359 1.932394 0.000000
vt -0.343478 2.186143 0.000000
vt -0.305359 2.576525 0.000000
vt -0.343478 2.810755 0.000000
vt -0.305359 3.220657 0.000000
vt -0.343478 3.435367 0.000000
vt -0.305359 3.864788 0.000000
vt -0.343478 4.059979 0.000000
vt -0.305359 4.508919 0.000000
vt -0.343478 4.684591 0.000000
vt -0.305359 5.153051 0.000000
vt -0.343478 5.309204 0.000000
vt -0.305359 5.797182 0.000000
vt -0.343478 5.933816 0.000000
vt -0.305359 6.441313 0.000000
vt -0.343478 6.558428 0.000000
vt -0.305359 7.085444 0.000000
vt -0.343478 7.183040 0.000000
vt -0.305359 7.729576 0.000000
vt -0.343478 7.807652 0.000000
vt -0.305359 8.373707 0.000000
vt -0.343478 8.432264 0.000000
vt -0.305359 9.017838 0.000000
vt -0.343478 9.056877 0.000000
vt -0.305359 9.661970 0.000000
vt -0.495952 9.056877 0.000000
vt -0.534071 9.017838 0.000000
vt -0.495952 8.432264 0.000000
vt -0.534071 8.373707 0.000000
vt -0.495952 7.807652 0.000000
vt -0.534071 7.729576 0.000000
vt -0.495952 7.183040 0.000000
vt -0.534071 7.085444 0.000000
vt -0.495952 6.558428 0.000000
vt -0.534071 6.441313 0.000000
vt -0.495952 5.933816 0.000000
vt -0.534071 5.797182 0.000000
vt -0.495952 5.309204 0.000000
vt -0.534071 5.153051 0.000000
vt -0.495952 4.684591 0.000000
vt -0.534071 4.508919 0.000000
vt -0.495952 4.059979 0.000000
vt -0.534071 3.864788 0.000000
vt -0.495952 3.435367 0.000000
vt -0.534071 3.220657 0.000000
vt -0.495952 2.810755 0.000000
vt -0.534071 2.576525 0.000000
vt -0.495952 2.186143 0.000000
vt -0.534071 1.932394 0.000000
vt -0.495952 1.561530 0.000000
vt -0.534071 1.288263 0.000000
vt -0.495952 0.936918 0.000000
vt -0.534071 0.644131 0.000000
vt -0.495952 0.312306 0.000000
vt -0.534071 -0.000000 0.000000
vt -0.495952 -0.312306 0.000000
vt -0.534071 -0.644131 0.000000
vt -0.495952 -0.936918 0.000000
vt -0.534071 -1.288263 0.000000
vt -0.495952 -1.561530 0.000000
vt -0.534071 -1.932394 0.000000
vt -0.495952 -2.186143 0.000000
vt -0.534071 -2.576525 0.000000
vt -0.495952 -2.810755 0.000000
vt -0.534071 -3.220657 0.000000
vt -0.495952 -3.435367 0.000000
vt -0.534071 -3.864788 0.000000
vt -0.495952 -4.059979 0.000000
vt -0.534071 -4.508919 0.000000
vt -0.495952 -4.684591 0.000000
vt -0.534071 -5.153051 0.000000
vt -0.495952 -5.309204 0.000000
vt -0.534071 -5.797182 0.000000
vt -0.495952 -5.933816 0.000000
vt -0.534071 -6.441313 0.000000
vt -0.495952 -6.558428 0.000000
vt -0.534071 -7.085444 0.000000
vt -0.495952 -7.183040 0.000000
vt -0.534071 -7.729576 0.000000
vt -0.495952 -7.807652 0.000000
vt -0.534071 -8.373707 0.000000
vt -0.495952 -8.432264 0.000000
vt -0.534071 -9.017838 0.000000
vt -0.495952 -9.056877 0.000000
vt -0.534071 -9.661970 0.000000
vt -0.495952 -9.681489 0.000000
vt -0.534071 -10.306101 0.000000
vt -0.495952 -10.306101 0.000000
vt -0.381596 -10.306101 0.000000
vt -0.381596 -9.681489 0.000000
vt -0.381596 -9.056877 0.000000
vt -0.381596 -8.432264 0.000000
vt -0.381596 -7.807652 0.000000
vt -0.381596 -7.183040 0.000000
vt -0.381596 -6.558428 0.000000
vt -0.381596 -5.933816 0.000000
vt -0.381596 -5.309204 0.000000
vt -0.381596 -4.684591 0.000000
vt -0.381596 -4.059979 0.000000
vt -0.381596 -3.435367 0.000000
vt -0.381596 -2.810755 0.000000
vt -0.381596 -2.186143 0.000000
vt -0.381596 -1.561530 0.000000
vt -0.381596 -0.936918 0.000000
vt -0.381596 -0.312306 0.000000
vt -0.381596 0.312306 0.000000
vt -0.381596 0.936918 0.000000
vt -0.381596 1.561530 0.000000
vt -0.381596 2.186143 0.000000
vt -0.381596 2.810755 0.000000
vt -0.381596 3.435367 0.000000
vt -0.381596 4.059979 0.000000
vt -0.381596 4.684591 0.000000
vt -0.381596 5.309204 0.000000
vt -0.381596 5.933816 0.000000
vt -0.381596 6.558428 0.000000
vt -0.381596 7.183040 0.000000
vt -0.381596 7.807652 0.000000
vt -0.381596 8.432264 0.000000
vt -0.381596 9.056877 0.000000
vt -0.419715 -10.306101 0.000000
vt -0.419715 -9.681489 0.000000
vt -0.419715 -9.056877 0.000000
vt -0.419715 -8.432264 0.000000
vt -0.419715 -7.807652 0.000000
vt -0.419715 -7.183040 0.000000
vt -0.419715 -6.558428 0.000000
vt -0.419715 -5.933816 0.000000
vt -0.419715 -5.309204 0.000000
vt -0.419715 -4.684591 0.000000
vt -0.419715 -4.059979 0.000000
vt -0.419715 -3.435367 0.000000
vt -0.419715 -2.810755 0.000000
vt -0.419715 -2.186143 0.000000
vt -0.419715 -1.561530 0.000000
vt -0.419715 -0.936918 0.000000
vt -0.419715 -0.312306 0.000000
vt -0.419715 0.312306 0.000000
vt -0.419715 0.936918 0.000000
vt -0.419715 1.561530 0.000000
vt -0.419715 2.186143 0.000000
vt -0.419715 2.810755 0.000000
vt -0.419715 3.435367 0.000000
vt -0.419715 4.059979 0.000000
vt -0.419715 4.684591 0.000000
vt -0.419715 5.309204 0.000000
vt -0.419715 5.933816 0.000000
vt -0.419715 6.558428 0.000000
vt -0.419715 7.183040 0.000000
vt -0.419715 7.807652 0.000000
vt -0.419715 8.432264 0.000000
vt -0.419715 9.056877 0.000000
vt -0.457834 -10.306101 0.000000
vt -0.457834 -9.681489 0.000000
vt -0.457834 -9.056877 0.000000
vt -0.457834 -8.432264 0.000000
vt -0.457834 -7.807652 0.000000
vt -0.457834 -7.183040 0.000000
vt -0.457834 -6.558428 0.000000
vt -0.457834 -5.933816 0.000000
vt -0.457834 -5.309204 0.000000
vt -0.457834 -4.684591 0.000000
vt -0.457834 -4.059979 0.000000
vt -0.457834 -3.435367 0.000000
vt -0.457834 -2.810755 0.000000
vt -0.457834 -2.186143 0.000000
vt -0.457834 -1.561530 0.000000
vt -0.457834 -0.936918 0.000000
vt -0.457834 -0.312306 0.000000
vt -0.457834 0.312306 0.000000
vt -0.457834 0.936918 0.000000
vt -0.457834 1.561530 0.000000
vt -0.457834 2.186143 0.000000
vt -0.457834 2.810755 0.000000
vt -0.457834 3.435367 0.000000
vt -0.457834 4.059979 0.000000
vt -0.457834 4.684591 0.000000
vt -0.457834 5.309204 0.000000
vt -0.457834 5.933816 0.000000
vt -0.457834 6.558428 0.000000
vt -0.457834 7.183040 0.000000
vt -0.457834 7.807652 0.000000
vt -0.457834 8.432264 0.000000
vt -0.457834 9.056877 0.000000
vt -0.170000 9.552896 0.000000
vt -0.161397 10.189756 0.000000
vt -0.170000 10.189756 0.000000
vt -0.170000 -10.189756 0.000000
vt -0.161397 -10.189756 0.000000
vt -0.161397 -9.552896 0.000000
vt -0.170000 -9.552896 0.000000
vt -0.161397 -8.916036 0.000000
vt -0.170000 -8.916036 0.000000
vt -0.161397 -8.279177 0.000000
vt -0.170000 -8.279177 0.000000
vt -0.161397 -7.642317 0.000000
vt -0.170000 -7.642317 0.000000
vt -0.161397 -7.005457 0.000000
vt -0.170000 -7.005457 0.000000
vt -0.161397 -6.368597 0.000000
vt -0.170000 -6.368597 0.000000
vt -0.161397 -5.731738 0.000000
vt -0.170000 -5.731738 0.000000
vt -0.161397 -5.094878 0.000000
vt -0.170000 -5.094878 0.000000
vt -0.161397 -4.458018 0.000000
vt -0.170000 -4.458018 0.000000
vt -0.161397 -3.821158 0.000000
vt -0.170000 -3.821158 0.000000
vt -0.161397 -3.184299 0.000000
vt -0.170000 -3.184299 0.000000
vt -0.161397 -2.547439 0.000000
vt -0.170000 -2.547439 0.000000
vt -0.161397 -1.910579 0.000000
vt -0.170000 -1.910579 0.000000
vt -0.161397 -1.273719 0.000000
vt -0.170000 -1.273719 0.000000
vt -0.161397 -0.636860 0.000000
vt -0.170000 -0.636860 0.000000
vt -0.161397 0.000000 0.000000
vt -0.170000 0.000000 0.000000
vt -0.161397 0.636860 0.000000
vt -0.170000 0.636860 0.000000
vt -0.161397 1.273719 0.000000
vt -0.170000 1.273719 0.000000
vt -0.161397 1.910579 0.000000
vt -0.170000 1.910579 0.000000
vt -0.161397 2.547439 0.000000
vt -0.170000 2.547439 0.000000
vt -0.161397 3.184299 0.000000
vt -0.170000 3.184299 0.000000
vt -0.161397 3.821158 0.000000
vt -0.170000 3.821158 0.000000
vt -0.161397 4.458018 0.000000
vt -0.170000 4.458018 0.000000
vt -0.161397 5.094878 0.000000
vt -0.170000 5.094878 0.000000
vt -0.161397 5.731738 0.000000
vt -0.170000 5.731738 0.000000
vt -0.161397 6.368597 0.000000
vt -0.170000 6.368597 0.000000
vt -0.161397 7.005457 0.000000
vt -0.170000 7.005457 0.000000
vt -0.161397 7.642317 0.000000
vt -0.170000 7.642317 0.000000
vt -0.161397 8.279177 0.000000
vt -0.170000 8.279177 0.000000
vt -0.161397 8.916036 0.000000
vt -0.170000 8.916036 0.000000
vt -0.161397 9.552896 0.000000
vt -0.000000 -10.221367 0.000000
vt -0.038119 -10.221367 0.000000
vt -0.000000 -10.902791 0.000000
vt -0.038119 -10.902791 0.000000
vt -0.000000 10.902791 0.000000
vt -0.038119 10.902791 0.000000
vt -0.000000 10.221367 0.000000
vt -0.038119 10.221367 0.000000
vt -0.000000 9.539942 0.000000
vt -0.038119 9.539942 0.000000
vt -0.000000 8.858518 0.000000
vt -0.038119 8.858518 0.000000
vt -0.000000 8.177093 0.000000
vt -0.038119 8.177093 0.000000
vt -0.000000 7.495669 0.000000
vt -0.038119 7.495669 0.000000
vt -0.000000 6.814244 0.000000
vt -0.038119 6.814244 0.000000
vt -0.000000 6.132820 0.000000
vt -0.038119 6.132820 0.000000
vt -0.000000 5.451395 0.000000
vt -0.038119 5.451395 0.000000
vt -0.000000 4.769971 0.000000
vt -0.038119 4.769971 0.000000
vt -0.000000 4.088547 0.000000
vt -0.038119 4.088547 0.000000
vt -0.000000 3.407122 0.000000
vt -0.038119 3.407122 0.000000
vt -0.000000 2.725698 0.000000
vt -0.038119 2.725698 0.000000
vt -0.000000 2.044273 0.000000
vt -0.038119 2.044273 0.000000
vt -0.000000 1.362849 0.000000
vt -0.038119 1.362849 0.000000
vt -0.000000 0.681424 0.000000
vt -0.038119 0.681424 0.000000
vt -0.000000 0.000000 0.000000
vt -0.038119 0.000000 0.000000
vt -0.000000 -0.681424 0.000000
vt -0.038119 -0.681424 0.000000
vt -0.000000 -1.362849 0.000000
vt -0.038119 -1.362849 0.000000
vt -0.000000 -2.044273 0.000000
vt -0.038119 -2.044273 0.000000
vt -0.000000 -2.725698 0.000000
vt -0.038119 -2.725698 0.000000
vt -0.000000 -3.407122 0.000000
vt -0.038119 -3.407122 0.000000
vt -0.000000 -4.088547 0.000000
vt -0.038119 -4.088547 0.000000
vt -0.000000 -4.769971 0.000000
vt -0.038119 -4.769971 0.000000
vt -0.000000 -5.451395 0.000000
vt -0.038119 -5.451395 0.000000
vt -0.000000 -6.132820 0.000000
vt -0.038119 -6.132820 0.000000
vt -0.000000 -6.814244 0.000000
vt -0.038119 -6.814244 0.000000
vt -0.000000 -7.495669 0.000000
vt -0.038119 -7.495669 0.000000
vt -0.000000 -8.177093 0.000000
vt -0.038119 -8.177093 0.000000
vt -0.000000 -8.858518 0.000000
vt -0.038119 -8.858518 0.000000
vt -0.000000 -9.539942 0.000000
vt -0.038119 -9.539942 0.000000
vt -0.228712 10.221367 0.000000
vt -0.190593 10.221367 0.000000
vt -0.228712 10.902791 0.000000
vt -0.190593 10.902791 0.000000
vt -0.228712 -10.902791 0.000000
vt -0.190593 -10.902791 0.000000
vt -0.228712 -10.221367 0.000000
vt -0.190593 -10.221367 0.000000
vt -0.228712 -9.539942 0.000000
vt -0.190593 -9.539942 0.000000
vt -0.228712 -8.858518 0.000000
vt -0.190593 -8.858518 0.000000
vt -0.228712 -8.177093 0.000000
vt -0.190593 -8.177093 0.000000
vt -0.228712 -7.495669 0.000000
vt -0.190593 -7.495669 0.000000
vt -0.228712 -6.814244 0.000000
vt -0.190593 -6.814244 0.000000
vt -0.228712 -6.132820 0.000000
vt -0.190593 -6.132820 0.000000
vt -0.228712 -5.451395 0.000000
vt -0.190593 -5.451395 0.000000
vt -0.228712 -4.769971 0.000000
vt -0.190593 -4.769971 0.000000
vt -0.228712 -4.088547 0.000000
vt -0.190593 -4.088547 0.000000
vt -0.228712 -3.407122 0.000000
vt -0.190593 -3.407122 0.000000
vt -0.228712 -2.725698 0.000000
vt -0.190593 -2.725698 0.000000
vt -0.228712 -2.044273 0.000000
vt -0.190593 -2.044273 0.000000
vt -0.228712 -1.362849 0.000000
vt -0.190593 -1.362849 0.000000
vt -0.228712 -0.681424 0.000000
vt -0.190593 -0.681424 0.000000
vt -0.228712 0.000000 0.000000
vt -0.190593 0.000000 0.000000
vt -0.228712 0.681424 0.000000
vt -0.190593 0.681424 0.000000
vt -0.228712 1.362849 0.000000
vt -0.190593 1.362849 0.000000
vt -0.228712 2.044273 0.000000
vt -0.190593 2.044273 0.000000
vt -0.228712 2.725698 0.000000
vt -0.190593 2.725698 0.000000
vt -0.228712 3.407122 0.000000
vt -0.190593 3.407122 0.000000
vt -0.228712 4.088547 0.000000
vt -0.190593 4.088547 0.000000
vt -0.228712 4.769971 0.000000
vt -0.190593 4.769971 0.000000
vt -0.228712 5.451395 0.000000
vt -0.190593 5.451395 0.000000
vt -0.228712 6.132820 0.000000
vt -0.190593 6.132820 0.000000
vt -0.228712 6.814244 0.000000
vt -0.190593 6.814244 0.000000
vt -0.228712 7.495669 0.000000
vt -0.190593 7.495669 0.000000
vt -0.228712 8.177093 0.000000
vt -0.190593 8.177093 0.000000
vt -0.228712 8.858518 0.000000
vt -0.190593 8.858518 0.000000
vt -0.228712 9.539942 0.000000
vt -0.190593 9.539942 0.000000
vt -0.076237 10.902791 0.000000
vt -0.076237 10.221367 0.000000
vt -0.076237 9.539942 0.000000
vt -0.076237 8.858518 0.000000
vt -0.076237 8.177093 0.000000
vt -0.076237 7.495669 0.000000
vt -0.076237 6.814244 0.000000
vt -0.076237 6.132820 0.000000
vt -0.076237 5.451395 0.000000
vt -0.076237 4.769971 0.000000
vt -0.076237 4.088547 0.000000
vt -0.076237 3.407122 0.000000
vt -0.076237 2.725698 0.000000
vt -0.076237 2.044273 0.000000
vt -0.076237 1.362849 0.000000
vt -0.076237 0.681424 0.000000
vt -0.076237 0.000000 0.000000
vt -0.076237 -0.681424 0.000000
vt -0.076237 -1.362849 0.000000
vt -0.076237 -2.044273 0.000000
vt -0.076237 -2.725698 0.000000
vt -0.076237 -3.407122 0.000000
vt -0.076237 -4.088547 0.000000
vt -0.076237 -4.769971 0.000000
vt -0.076237 -5.451395 0.000000
vt -0.076237 -6.132820 0.000000
vt -0.076237 -6.814244 0.000000
vt -0.076237 -7.495669 0.000000
vt -0.076237 -8.177093 0.000000
vt -0.076237 -8.858518 0.000000
vt -0.076237 -9.539942 0.000000
vt -0.076237 -10.221367 0.000000
vt -0.076237 -10.902791 0.000000
vt -0.114356 10.902791 0.000000
vt -0.114356 10.221367 0.000000
vt -0.114356 9.539942 0.000000
vt -0.114356 8.858518 0.000000
vt -0.114356 8.177093 0.000000
vt -0.114356 7.495669 0.000000
vt -0.114356 6.814244 0.000000
vt -0.114356 6.132820 0.000000
vt -0.114356 5.451395 0.000000
vt -0.114356 4.769971 0.000000
vt -0.114356 4.088547 0.000000
vt -0.114356 3.407122 0.000000
vt -0.114356 2.725698 0.000000
vt -0.114356 2.044273 0.000000
vt -0.114356 1.362849 0.000000
vt -0.114356 0.681424 0.000000
vt -0.114356 0.000000 0.000000
vt -0.114356 -0.681424 0.000000
vt -0.114356 -1.362849 0.000000
vt -0.114356 -2.044273 0.000000
vt -0.114356 -2.725698 0.000000
vt -0.114356 -3.407122 0.000000
vt -0.114356 -4.088547 0.000000
vt -0.114356 -4.769971 0.000000
vt -0.114356 -5.451395 0.000000
vt -0.114356 -6.132820 0.000000
vt -0.114356 -6.814244 0.000000
vt -0.114356 -7.495669 0.000000
vt -0.114356 -8.177093 0.000000
vt -0.114356 -8.858518 0.000000
vt -0.114356 -9.539942 0.000000
vt -0.114356 -10.221367 0.000000
vt -0.114356 -10.902791 0.000000
vt -0.152474 10.902791 0.000000
vt -0.152474 10.221367 0.000000
vt -0.152474 9.539942 0.000000
vt -0.152474 8.858518 0.000000
vt -0.152474 8.177093 0.000000
vt -0.152474 7.495669 0.000000
vt -0.152474 6.814244 0.000000
vt -0.152474 6.132820 0.000000
vt -0.152474 5.451395 0.000000
vt -0.152474 4.769971 0.000000
vt -0.152474 4.088547 0.000000
vt -0.152474 3.407122 0.000000
vt -0.152474 2.725698 0.000000
vt -0.152474 2.044273 0.000000
vt -0.152474 1.362849 0.000000
vt -0.152474 0.681424 0.000000
vt -0.152474 0.000000 0.000000
vt -0.152474 -0.681424 0.000000
vt -0.152474 -1.362849 0.000000
vt -0.152474 -2.044273 0.000000
vt -0.152474 -2.725698 0.000000
vt -0.152474 -3.407122 0.000000
vt -0.152474 -4.088547 0.000000
vt -0.152474 -4.769971 0.000000
vt -0.152474 -5.451395 0.000000
vt -0.152474 -6.132820 0.000000
vt -0.152474 -6.814244 0.000000
vt -0.152474 -7.495669 0.000000
vt -0.152474 -8.177093 0.000000
vt -0.152474 -8.858518 0.000000
vt -0.152474 -9.539942 0.000000
vt -0.152474 -10.221367 0.000000
vt -0.152474 -10.902791 0.000000
vt 0.170000 -10.330440 0.000000
vt -3.564000 -10.330440 0.000000
vt 0.170000 -11.019136 0.000000
vt -3.564000 -11.019136 0.000000
vt 0.170000 11.019136 0.000000
vt -3.564000 11.019136 0.000000
vt 0.170000 10.330440 0.000000
vt -3.564000 10.330440 0.000000
vt 0.170000 9.641744 0.000000
vt -3.564000 9.641744 0.000000
vt 0.170000 8.953048 0.000000
vt -3.564000 8.953048 0.000000
vt 0.170000 8.264352 0.000000
vt -3.564000 8.264352 0.000000
vt 0.170000 7.575656 0.000000
vt -3.564000 7.575656 0.000000
vt 0.170000 6.886960 0.000000
vt -3.564000 6.886960 0.000000
vt 0.170000 6.198264 0.000000
vt -3.564000 6.198264 0.000000
vt 0.170000 5.509568 0.000000
vt -3.564000 5.509568 0.000000
vt 0.170000 4.820872 0.000000
vt -3.564000 4.820872 0.000000
vt 0.170000 4.132176 0.000000
vt -3.564000 4.132176 0.000000
vt 0.170000 3.443480 0.000000
vt -3.564000 3.443480 0.000000
vt 0.170000 2.754784 0.000000
vt -3.564000 2.754784 0.000000
vt 0.170000 2.066088 0.000000
vt -3.564000 2.066088 0.000000
vt 0.170000 1.377392 0.000000
vt -3.564000 1.377392 0.000000
vt 0.170000 0.688696 0.000000
vt -3.564000 0.688696 0.000000
vt 0.170000 0.000000 0.000000
vt -3.564000 0.000000 0.000000
vt 0.170000 -0.688696 0.000000
vt -3.564000 -0.688696 0.000000
vt 0.170000 -1.377392 0.000000
vt -3.564000 -1.377392 0.000000
vt 0.170000 -2.066088 0.000000
vt -3.564000 -2.066088 0.000000
vt 0.170000 -2.754784 0.000000
vt -3.564000 -2.754784 0.000000
vt 0.170000 -3.443480 0.000000
vt -3.564000 -3.443480 0.000000
vt 0.170000 -4.132176 0.000000
vt -3.564000 -4.132176 0.000000
vt 0.170000 -4.820872 0.000000
vt -3.564000 -4.820872 0.000000
vt 0.170000 -5.509568 0.000000
vt -3.564000 -5.509568 0.000000
vt 0.170000 -6.198264 0.000000
vt -3.564000 -6.198264 0.000000
vt 0.170000 -6.886960 0.000000
vt -3.564000 -6.886960 0.000000
vt 0.170000 -7.575656 0.000000
vt -3.564000 -7.575656 0.000000
vt 0.170000 -8.264352 0.000000
vt -3.564000 -8.264352 0.000000
vt 0.170000 -8.953048 0.000000
vt -3.564000 -8.953048 0.000000
vt 0.170000 -9.641744 0.000000
vt -3.564000 -9.641744 0.000000
vt 3.273371 -0.651114 0.000000
vt 3.337500 -0.000000 0.000000
vt 3.073500 0.000000 0.000000
vt 3.273371 0.651114 0.000000
vt 3.006337 0.639017 0.000000
vt 3.083448 1.277206 0.000000
vt 2.807782 1.250105 0.000000
vt 2.775030 1.854216 0.000000
vt 2.486514 1.806558 0.000000
vt 2.359969 2.359969 0.000000
vt 2.056573 2.284056 0.000000
vt 1.854216 2.775030 0.000000
vt 1.536750 2.661729 0.000000
vt 1.277206 3.083448 0.000000
vt 0.949764 2.923072 0.000000
vt 0.651114 3.273371 0.000000
vt 0.321268 3.056663 0.000000
vt -0.000000 3.337500 0.000000
vt -0.321268 3.056663 0.000000
vt -0.651114 3.273371 0.000000
vt -0.949764 2.923072 0.000000
vt -1.277206 3.083448 0.000000
vt -1.536750 2.661729 0.000000
vt -1.854216 2.775030 0.000000
vt -2.056573 2.284056 0.000000
vt -2.359969 2.359969 0.000000
vt -2.486514 1.806558 0.000000
vt -2.775030 1.854216 0.000000
vt -2.807782 1.250105 0.000000
vt -3.083448 1.277206 0.000000
vt -3.006337 0.639017 0.000000
vt -3.273371 0.651114 0.000000
vt -3.073500 0.000000 0.000000
vt -3.337500 0.000000 0.000000
vt -3.273371 -0.651114 0.000000
vt -3.006337 -0.639017 0.000000
vt -3.083448 -1.277206 0.000000
vt -2.807782 -1.250105 0.000000
vt -2.775030 -1.854216 0.000000
vt -2.486514 -1.806558 0.000000
vt -2.359969 -2.359969 0.000000
vt -2.056573 -2.284056 0.000000
vt -1.854216 -2.775030 0.000000
vt -1.536750 -2.661729 0.000000
vt -1.277206 -3.083448 0.000000
vt -0.949764 -2.923072 0.000000
vt -0.651114 -3.273371 0.000000
vt -0.321268 -3.056663 0.000000
vt -0.000000 -3.337500 0.000000
vt 0.321268 -3.056663 0.000000
vt 0.651114 -3.273371 0.000000
vt 0.949764 -2.923072 0.000000
vt 1.277206 -3.083448 0.000000
vt 1.536750 -2.661729 0.000000
vt 1.854216 -2.775030 0.000000
vt 2.056573 -2.284056 0.000000
vt 2.359969 -2.359969 0.000000
vt 2.486514 -1.806558 0.000000
vt 2.775030 -1.854216 0.000000
vt 2.807782 -1.250105 0.000000
vt 3.083448 -1.277206 0.000000
vt 3.006337 -0.639017 0.000000
vt -0.170000 9.829749 0.000000
vt 3.564000 9.829749 0.000000
vt -0.170000 10.485065 0.000000
vt 3.564000 10.485065 0.000000
vt -0.170000 -10.485065 0.000000
vt 3.564000 -10.485065 0.000000
vt -0.170000 -9.829749 0.000000
vt 3.564000 -9.829749 0.000000
vt 3.564000 -9.174432 0.000000
vt -0.170000 9.174432 0.000000
vt 3.564000 9.174432 0.000000
vt -0.170000 8.519116 0.000000
vt 3.564000 8.519116 0.000000
vt -0.170000 7.863799 0.000000
vt 3.564000 7.863799 0.000000
vt -0.170000 7.208483 0.000000
vt 3.564000 7.208483 0.000000
vt -0.170000 6.553166 0.000000
vt 3.564000 6.553166 0.000000
vt -0.170000 5.897849 0.000000
vt 3.564000 5.897849 0.000000
vt -0.170000 5.242533 0.000000
vt 3.564000 5.242533 0.000000
vt -0.170000 4.587216 0.000000
vt 3.564000 4.587216 0.000000
vt -0.170000 3.931900 0.000000
vt 3.564000 3.931900 0.000000
vt -0.170000 3.276583 0.000000
vt 3.564000 3.276583 0.000000
vt -0.170000 2.621266 0.000000
vt 3.564000 2.621266 0.000000
vt -0.170000 1.965950 0.000000
vt 3.564000 1.965950 0.000000
vt -0.170000 1.310633 0.000000
vt 3.564000 1.310633 0.000000
vt -0.170000 0.655317 0.000000
vt 3.564000 0.655317 0.000000
vt -0.170000 0.000000 0.000000
vt 3.564000 0.000000 0.000000
vt -0.170000 -0.655317 0.000000
vt 3.564000 -0.655317 0.000000
vt -0.170000 -1.310633 0.000000
vt 3.564000 -1.310633 0.000000
vt -0.170000 -1.965950 0.000000
vt 3.564000 -1.965950 0.000000
vt -0.170000 -2.621266 0.000000
vt 3.564000 -2.621266 0.000000
vt -0.170000 -3.276583 0.000000
vt 3.564000 -3.276583 0.000000
vt -0.170000 -3.931900 0.000000
vt 3.564000 -3.931900 0.000000
vt -0.170000 -4.587216 0.000000
vt 3.564000 -4.587216 0.000000
vt -0.170000 -5.242533 0.000000
vt 3.564000 -5.242533 0.000000
vt -0.170000 -5.897849 0.000000
vt 3.564000 -5.897849 0.000000
vt -0.170000 -6.553166 0.000000
vt 3.564000 -6.553166 0.000000
vt -0.170000 -7.208483 0.000000
vt 3.564000 -7.208483 0.000000
vt -0.170000 -7.863799 0.000000
vt 3.564000 -7.863799 0.000000
vt -0.170000 -8.519116 0.000000
vt 3.564000 -8.519116 0.000000
vt -0.170000 -9.174432 0.000000
vt -3.273371 0.651114 0.000000
vt -3.337500 0.000000 0.000000
vt -3.073500 0.000000 0.000000
vt -3.273371 -0.651114 0.000000
vt -3.006337 -0.639017 0.000000
vt -3.083448 -1.277206 0.000000
vt -2.807782 -1.250105 0.000000
vt -2.775030 -1.854216 0.000000
vt -2.486514 -1.806558 0.000000
vt -2.359969 -2.359969 0.000000
vt -2.056573 -2.284056 0.000000
vt -1.854216 -2.775030 0.000000
vt -1.536750 -2.661729 0.000000
vt -1.277206 -3.083448 0.000000
vt -0.949764 -2.923072 0.000000
vt -0.651114 -3.273371 0.000000
vt -0.321268 -3.056663 0.000000
vt 0.000000 -3.337500 0.000000
vt 0.321268 -3.056663 0.000000
vt 0.651114 -3.273371 0.000000
vt 0.949764 -2.923072 0.000000
vt 1.277206 -3.083448 0.000000
vt 1.536750 -2.661729 0.000000
vt 1.854216 -2.775030 0.000000
vt 2.056573 -2.284056 0.000000
vt 2.359969 -2.359969 0.000000
vt 2.486514 -1.806558 0.000000
vt 2.775030 -1.854216 0.000000
vt 2.807782 -1.250105 0.000000
vt 3.083448 -1.277206 0.000000
vt 3.006337 -0.639017 0.000000
vt 3.273371 -0.651114 0.000000
vt 3.073500 0.000000 0.000000
vt 3.337500 0.000000 0.000000
vt 3.273371 0.651114 0.000000
vt 3.006337 0.639017 0.000000
vt 3.083448 1.277206 0.000000
vt 2.807782 1.250105 0.000000
vt 2.775030 1.854216 0.000000
vt 2.486514 1.806558 0.000000
vt 2.359969 2.359969 0.000000
vt 2.056573 2.284056 0.000000
vt 1.854216 2.775030 0.000000
vt 1.536750 2.661729 0.000000
vt 1.277206 3.083448 0.000000
vt 0.949764 2.923072 0.000000
vt 0.651114 3.273371 0.000000
vt 0.321268 3.056663 0.000000
vt 0.000000 3.337500 0.000000
vt -0.321268 3.056663 0.000000
vt -0.651114 3.273371 0.000000
vt -0.949764 2.923072 0.000000
vt -1.277206 3.083448 0.000000
vt -1.536750 2.661729 0.000000
vt -1.854216 2.775030 0.000000
vt -2.056573 2.284056 0.000000
vt -2.359969 2.359969 0.000000
vt -2.486514 1.806558 0.000000
vt -2.775030 1.854216 0.000000
vt -2.807782 1.250105 0.000000
vt -3.083448 1.277206 0.000000
vt -3.006337 0.639017 0.000000
vt 3.904000 -9.829749 0.000000
vt 0.170000 -9.829749 0.000000
vt 3.904000 -10.485065 0.000000
vt 0.170000 -10.485065 0.000000
vt 3.904000 10.485065 0.000000
vt 0.170000 10.485065 0.000000
vt 3.904000 9.829749 0.000000
vt 0.170000 9.829749 0.000000
vt 0.170000 9.174432 0.000000
vt 3.904000 -9.174432 0.000000
vt 0.170000 -9.174432 0.000000
vt 3.904000 -8.519116 0.000000
vt 0.170000 -8.519116 0.000000
vt 3.904000 -7.863799 0.000000
vt 0.170000 -7.863799 0.000000
vt 3.904000 -7.208483 0.000000
vt 0.170000 -7.208483 0.000000
vt 3.904000 -6.553166 0.000000
vt 0.170000 -6.553166 0.000000
vt 3.904000 -5.897849 0.000000
vt 0.170000 -5.897849 0.000000
vt 3.904000 -5.242533 0.000000
vt 0.170000 -5.242533 0.000000
vt 3.904000 -4.587216 0.000000
vt 0.170000 -4.587216 0.000000
vt 3.904000 -3.931900 0.000000
vt 0.170000 -3.931900 0.000000
vt 3.904000 -3.276583 0.000000
vt 0.170000 -3.276583 0.000000
vt 3.904000 -2.621266 0.000000
vt 0.170000 -2.621266 0.000000
vt 3.904000 -1.965950 0.000000
vt 0.170000 -1.965950 0.000000
vt 3.904000 -1.310633 0.000000
vt 0.170000 -1.310633 0.000000
vt 3.904000 -0.655317 0.000000
vt 0.170000 -0.655317 0.000000
vt 3.904000 0.000000 0.000000
vt 0.170000 0.000000 0.000000
vt 3.904000 0.655317 0.000000
vt 0.170000 0.655317 0.000000
vt 3.904000 1.310633 0.000000
vt 0.170000 1.310633 0.000000
vt 3.904000 1.965950 0.000000
vt 0.170000 1.965950 0.000000
vt 3.904000 2.621266 0.000000
vt 0.170000 2.621266 0.000000
vt 3.904000 3.276583 0.000000
vt 0.170000 3.276583 0.000000
vt 3.904000 3.931900 0.000000
vt 0.170000 3.931900 0.000000
vt 3.904000 4.587216 0.000000
vt 0.170000 4.587216 0.000000
vt 3.904000 5.242533 0.000000
vt 0.170000 5.242533 0.000000
vt 3.904000 5.897849 0.000000
vt 0.170000 5.897849 0.000000
vt 3.904000 6.553166 0.000000
vt 0.170000 6.553166 0.000000
vt 3.904000 7.208483 0.000000
vt 0.170000 7.208483 0.000000
vt 3.904000 7.863799 0.000000
vt 0.170000 7.863799 0.000000
vt 3.904000 8.519116 0.000000
vt 0.170000 8.519116 0.000000
vt 3.904000 9.174432 0.000000
vt 0.000000 1.430097 0.000000
vt 0.000000 0.000000 0.000000
vt 0.407018 0.494383 0.000000
vt 0.643371 0.000000 0.000000
vt 0.814037 0.494383 0.000000
vt 1.286742 0.000000 0.000000
vt 1.213688 0.494383 0.000000
vt 1.613339 0.494383 0.000000
vt 1.213688 0.988766 0.000000
vt 1.613339 0.988766 0.000000
vt 1.213688 1.847880 0.000000
vt 1.613339 1.847880 0.000000
vt 1.213688 2.706993 0.000000
vt 1.613339 2.706993 0.000000
vt 1.213688 3.192714 0.000000
vt 1.613339 3.192714 0.000000
vt 1.213688 3.678435 0.000000
vt 1.613339 3.678435 0.000000
vt 1.213688 4.164157 0.000000
vt 1.613339 4.164157 0.000000
vt 1.213688 4.649878 0.000000
vt 1.613339 4.649878 0.000000
vt 1.213688 5.331256 0.000000
vt 1.613339 5.331256 0.000000
vt 1.213688 6.012634 0.000000
vt 1.613339 6.012634 0.000000
vt 1.213688 6.694013 0.000000
vt 1.613339 6.694013 0.000000
vt 1.213688 7.375391 0.000000
vt 1.613339 7.375391 0.000000
vt 1.213688 8.056769 0.000000
vt 1.613339 8.056769 0.000000
vt 1.213688 8.738147 0.000000
vt 1.613339 8.738147 0.000000
vt 1.213688 9.419526 0.000000
vt 1.613339 9.419526 0.000000
vt 1.213688 10.100904 0.000000
vt 1.613339 10.100904 0.000000
vt 1.213688 10.770864 0.000000
vt 1.613339 10.770864 0.000000
vt 1.286742 11.440825 0.000000
vt 1.930113 11.440825 0.000000
vt 2.012990 10.770864 0.000000
vt 2.412641 10.770864 0.000000
vt 2.412641 10.100904 0.000000
vt 3.015802 10.100904 0.000000
vt 3.015802 9.419526 0.000000
vt 3.618962 9.419526 0.000000
vt 3.618962 8.738147 0.000000
vt 4.222123 8.738147 0.000000
vt 4.222123 8.056769 0.000000
vt 4.825283 8.056769 0.000000
vt 4.825283 7.375391 0.000000
vt 5.435811 7.375391 0.000000
vt 5.435811 6.694013 0.000000
vt 5.886339 6.694013 0.000000
vt 5.886339 6.012634 0.000000
vt 6.336867 6.012634 0.000000
vt 6.336867 5.331256 0.000000
vt 6.787396 5.331256 0.000000
vt 6.787396 4.649878 0.000000
vt 7.237924 4.649878 0.000000
vt 7.237924 4.164157 0.000000
vt 7.590382 4.164157 0.000000
vt 7.590382 3.678435 0.000000
vt 7.942839 3.678435 0.000000
vt 7.942839 3.192714 0.000000
vt 8.295297 3.192714 0.000000
vt 8.295297 2.706993 0.000000
vt 8.647754 2.706993 0.000000
vt 8.647754 1.847880 0.000000
vt 9.000212 1.847880 0.000000
vt 9.000212 0.988766 0.000000
vt 9.352669 0.988766 0.000000
vt 9.352669 0.494383 0.000000
vt 9.705127 0.494383 0.000000
vt 9.650566 0.000000 0.000000
vt 10.057584 0.494383 0.000000
vt 10.293937 0.000000 0.000000
vt 10.558990 0.494383 0.000000
vt 10.937308 0.000000 0.000000
vt 11.060396 0.494383 0.000000
vt 11.580679 0.000000 0.000000
vt 11.561802 0.494383 0.000000
vt 12.063207 0.494383 0.000000
vt 11.561802 0.988766 0.000000
vt 12.063207 0.988766 0.000000
vt 11.561802 1.847880 0.000000
vt 12.063207 1.847880 0.000000
vt 11.561802 2.706993 0.000000
vt 12.063207 2.706993 0.000000
vt 11.561802 3.192714 0.000000
vt 12.063207 3.192714 0.000000
vt 11.561802 3.678435 0.000000
vt 12.063207 3.678435 0.000000
vt 11.561802 4.164157 0.000000
vt 12.063207 4.164157 0.000000
vt 11.561802 4.649878 0.000000
vt 12.063207 4.649878 0.000000
vt 11.561802 5.331256 0.000000
vt 12.063207 5.331256 0.000000
vt 11.561802 6.012634 0.000000
vt 12.063207 6.012634 0.000000
vt 11.561802 6.694013 0.000000
vt 12.063207 6.694013 0.000000
vt 11.561802 7.375391 0.000000
vt 12.063207 7.375391 0.000000
vt 11.561802 8.056769 0.000000
vt 12.063207 8.056769 0.000000
vt 11.561802 8.738147 0.000000
vt 12.063207 8.738147 0.000000
vt 11.561802 9.419526 0.000000
vt 12.063207 9.419526 0.000000
vt 11.561802 10.100904 0.000000
vt 12.063207 10.100904 0.000000
vt 11.561802 10.770864 0.000000
vt 12.063207 10.770864 0.000000
vt 11.580679 11.440825 0.000000
vt 12.224050 11.440825 0.000000
vt 12.364788 10.770864 0.000000
vt 12.666368 10.770864 0.000000
vt 12.666368 10.100904 0.000000
vt 12.967948 10.100904 0.000000
vt 12.967948 9.419526 0.000000
vt 13.269528 9.419526 0.000000
vt 13.269528 8.738147 0.000000
vt 13.872688 8.738147 0.000000
vt 13.872688 8.056769 0.000000
vt 14.475849 8.056769 0.000000
vt 14.475849 7.375391 0.000000
vt 15.079009 7.375391 0.000000
vt 15.079009 6.694013 0.000000
vt 15.682170 6.694013 0.000000
vt 15.682170 6.012634 0.000000
vt 16.285330 6.012634 0.000000
vt 16.285330 5.331256 0.000000
vt 16.888490 5.331256 0.000000
vt 16.888490 4.649878 0.000000
vt 17.491651 4.649878 0.000000
vt 17.491651 4.164157 0.000000
vt 18.094811 4.164157 0.000000
vt 18.094811 3.678435 0.000000
vt 18.697971 3.678435 0.000000
vt 18.697971 3.192714 0.000000
vt 19.301132 4.289422 0.000000
vt 19.301132 2.859472 0.000000
vt 18.697971 2.706993 0.000000
vt 18.697971 1.847880 0.000000
vt 18.094811 2.706993 0.000000
vt 18.094811 1.847880 0.000000
vt 17.491651 2.706993 0.000000
vt 17.491651 1.847880 0.000000
vt 16.888490 2.706993 0.000000
vt 16.888490 1.847880 0.000000
vt 16.285330 2.706993 0.000000
vt 16.285330 1.847880 0.000000
vt 15.682170 2.706993 0.000000
vt 15.682170 1.847880 0.000000
vt 15.079009 2.706993 0.000000
vt 15.079009 1.847880 0.000000
vt 14.475849 2.706993 0.000000
vt 14.475849 1.847880 0.000000
vt 13.872688 2.706993 0.000000
vt 13.872688 1.847880 0.000000
vt 13.269528 2.706993 0.000000
vt 13.269528 1.847880 0.000000
vt 12.967948 2.706993 0.000000
vt 12.967948 1.847880 0.000000
vt 12.666368 2.706993 0.000000
vt 12.666368 1.847880 0.000000
vt 12.364788 2.706993 0.000000
vt 12.364788 1.847880 0.000000
vt 1.930113 0.000000 0.000000
vt 2.012990 0.494383 0.000000
vt 2.012990 0.988766 0.000000
vt 2.012990 1.847880 0.000000
vt 2.012990 2.706993 0.000000
vt 2.012990 3.192714 0.000000
vt 2.012990 3.678435 0.000000
vt 2.012990 4.164157 0.000000
vt 2.012990 4.649878 0.000000
vt 2.012990 5.331256 0.000000
vt 2.012990 6.012634 0.000000
vt 2.012990 6.694013 0.000000
vt 2.012990 7.375391 0.000000
vt 2.012990 8.056769 0.000000
vt 2.012990 8.738147 0.000000
vt 2.012990 9.419526 0.000000
vt 2.012990 10.100904 0.000000
vt 2.412641 0.494383 0.000000
vt 2.573484 0.000000 0.000000
vt 3.015802 0.494383 0.000000
vt 3.216855 0.000000 0.000000
vt 3.618962 0.494383 0.000000
vt 3.860226 0.000000 0.000000
vt 4.222123 0.494383 0.000000
vt 4.503597 0.000000 0.000000
vt 4.825283 0.494383 0.000000
vt 5.146968 0.000000 0.000000
vt 5.435811 0.494383 0.000000
vt 5.790340 0.000000 0.000000
vt 5.886339 0.494383 0.000000
vt 6.336867 0.494383 0.000000
vt 5.886339 0.988766 0.000000
vt 6.336867 0.988766 0.000000
vt 5.886339 1.847880 0.000000
vt 6.336867 1.847880 0.000000
vt 5.886339 2.706993 0.000000
vt 6.336867 2.706993 0.000000
vt 5.886339 3.192714 0.000000
vt 6.336867 3.192714 0.000000
vt 5.886339 3.678435 0.000000
vt 6.336867 3.678435 0.000000
vt 5.886339 4.164157 0.000000
vt 6.336867 4.164157 0.000000
vt 5.886339 4.649878 0.000000
vt 6.336867 4.649878 0.000000
vt 5.886339 5.331256 0.000000
vt 6.433711 0.000000 0.000000
vt 6.787396 0.494383 0.000000
vt 6.787396 0.988766 0.000000
vt 6.787396 1.847880 0.000000
vt 6.787396 2.706993 0.000000
vt 6.787396 3.192714 0.000000
vt 6.787396 3.678435 0.000000
vt 6.787396 4.164157 0.000000
vt 7.077082 0.000000 0.000000
vt 7.237924 0.494383 0.000000
vt 7.237924 0.988766 0.000000
vt 7.237924 1.847880 0.000000
vt 7.237924 2.706993 0.000000
vt 7.237924 3.192714 0.000000
vt 7.237924 3.678435 0.000000
vt 7.720453 0.000000 0.000000
vt 7.590382 0.494383 0.000000
vt 7.590382 0.988766 0.000000
vt 7.590382 1.847880 0.000000
vt 7.590382 2.706993 0.000000
vt 7.590382 3.192714 0.000000
vt 7.942839 0.494383 0.000000
vt 8.363824 0.000000 0.000000
vt 8.295297 0.494383 0.000000
vt 8.647754 0.494383 0.000000
vt 8.295297 0.988766 0.000000
vt 8.647754 0.988766 0.000000
vt 8.295297 1.847880 0.000000
vt 9.007195 0.000000 0.000000
vt 9.000212 0.494383 0.000000
vt 12.224050 0.000000 0.000000
vt 12.364788 0.494383 0.000000
vt 12.364788 0.988766 0.000000
vt 12.666368 0.494383 0.000000
vt 12.867421 0.000000 0.000000
vt 12.967948 0.494383 0.000000
vt 13.269528 0.494383 0.000000
vt 12.967948 0.988766 0.000000
vt 13.269528 0.988766 0.000000
vt 13.510792 0.000000 0.000000
vt 13.872688 0.494383 0.000000
vt 13.872688 0.988766 0.000000
vt 14.154163 0.000000 0.000000
vt 14.475849 0.494383 0.000000
vt 14.475849 0.988766 0.000000
vt 14.797534 0.000000 0.000000
vt 15.079009 0.494383 0.000000
vt 15.079009 0.988766 0.000000
vt 15.440905 0.000000 0.000000
vt 15.682170 0.494383 0.000000
vt 15.682170 0.988766 0.000000
vt 16.084276 0.000000 0.000000
vt 16.285330 0.494383 0.000000
vt 16.285330 0.988766 0.000000
vt 16.727647 0.000000 0.000000
vt 16.888490 0.494383 0.000000
vt 16.888490 0.988766 0.000000
vt 17.371019 0.000000 0.000000
vt 17.491651 0.494383 0.000000
vt 17.491651 0.988766 0.000000
vt 18.014390 0.000000 0.000000
vt 18.094811 0.494383 0.000000
vt 18.094811 0.988766 0.000000
vt 18.657761 0.000000 0.000000
vt 18.697971 0.494383 0.000000
vt 18.697971 0.988766 0.000000
vt 19.301132 0.000000 0.000000
vt 19.301132 1.430097 0.000000
vt 19.301132 5.720541 0.000000
vt 18.697971 4.649878 0.000000
vt 18.697971 4.164157 0.000000
vt 19.301132 7.150589 0.000000
vt 18.697971 6.012634 0.000000
vt 18.697971 5.331256 0.000000
vt 18.094811 5.331256 0.000000
vt 18.094811 4.649878 0.000000
vt 17.491651 5.331256 0.000000
vt 19.301132 8.582641 0.000000
vt 18.697971 7.375391 0.000000
vt 18.697971 6.694013 0.000000
vt 18.094811 6.694013 0.000000
vt 18.094811 6.012634 0.000000
vt 17.491651 6.694013 0.000000
vt 17.491651 6.012634 0.000000
vt 16.888490 6.694013 0.000000
vt 16.888490 6.012634 0.000000
vt 16.285330 6.694013 0.000000
vt 19.301132 10.011584 0.000000
vt 18.697971 8.738147 0.000000
vt 18.697971 8.056769 0.000000
vt 18.094811 8.056769 0.000000
vt 18.094811 7.375391 0.000000
vt 17.491651 8.056769 0.000000
vt 17.491651 7.375391 0.000000
vt 16.888490 8.056769 0.000000
vt 16.888490 7.375391 0.000000
vt 16.285330 8.056769 0.000000
vt 16.285330 7.375391 0.000000
vt 15.682170 8.056769 0.000000
vt 15.682170 7.375391 0.000000
vt 15.079009 8.056769 0.000000
vt 19.301132 11.440825 0.000000
vt 18.697971 10.100904 0.000000
vt 18.697971 9.419526 0.000000
vt 18.094811 9.419526 0.000000
vt 18.094811 8.738147 0.000000
vt 17.491651 9.419526 0.000000
vt 17.491651 8.738147 0.000000
vt 16.888490 9.419526 0.000000
vt 16.888490 8.738147 0.000000
vt 16.285330 9.419526 0.000000
vt 16.285330 8.738147 0.000000
vt 15.682170 9.419526 0.000000
vt 15.682170 8.738147 0.000000
vt 15.079009 9.419526 0.000000
vt 15.079009 8.738147 0.000000
vt 14.475849 9.419526 0.000000
vt 14.475849 8.738147 0.000000
vt 13.872688 9.419526 0.000000
vt 18.697971 10.770864 0.000000
vt 18.657761 11.440825 0.000000
vt 18.094811 10.770864 0.000000
vt 18.014390 11.440825 0.000000
vt 17.491651 10.770864 0.000000
vt 17.371019 11.440825 0.000000
vt 16.888490 10.770864 0.000000
vt 16.727647 11.440825 0.000000
vt 16.285330 10.770864 0.000000
vt 16.084276 11.440825 0.000000
vt 15.682170 10.770864 0.000000
vt 15.440905 11.440825 0.000000
vt 15.079009 10.770864 0.000000
vt 14.797534 11.440825 0.000000
vt 14.475849 10.770864 0.000000
vt 14.154163 11.440825 0.000000
vt 13.872688 10.770864 0.000000
vt 13.510792 11.440825 0.000000
vt 13.269528 10.770864 0.000000
vt 12.867421 11.440825 0.000000
vt 12.967948 10.770864 0.000000
vt 11.060396 10.770864 0.000000
vt 10.937308 11.440825 0.000000
vt 10.558990 10.770864 0.000000
vt 10.293937 11.440825 0.000000
vt 10.057584 10.770864 0.000000
vt 9.650566 11.440825 0.000000
vt 9.705127 10.770864 0.000000
vt 9.352669 10.770864 0.000000
vt 9.705127 10.100904 0.000000
vt 9.352669 10.100904 0.000000
vt 9.705127 9.419526 0.000000
vt 9.352669 9.419526 0.000000
vt 9.705127 8.738147 0.000000
vt 9.352669 8.738147 0.000000
vt 9.705127 8.056769 0.000000
vt 9.352669 8.056769 0.000000
vt 9.705127 7.375391 0.000000
vt 9.352669 7.375391 0.000000
vt 9.705127 6.694013 0.000000
vt 9.352669 6.694013 0.000000
vt 9.705127 6.012634 0.000000
vt 9.352669 6.012634 0.000000
vt 9.705127 5.331256 0.000000
vt 9.352669 5.331256 0.000000
vt 9.705127 4.649878 0.000000
vt 9.352669 4.649878 0.000000
vt 9.705127 4.164157 0.000000
vt 9.352669 4.164157 0.000000
vt 9.705127 3.678435 0.000000
vt 9.352669 3.678435 0.000000
vt 9.705127 3.192714 0.000000
vt 9.352669 3.192714 0.000000
vt 9.705127 2.706993 0.000000
vt 9.352669 2.706993 0.000000
vt 9.705127 1.847880 0.000000
vt 9.352669 1.847880 0.000000
vt 9.705127 0.988766 0.000000
vt 9.007195 11.440825 0.000000
vt 9.000212 10.770864 0.000000
vt 9.000212 10.100904 0.000000
vt 9.000212 9.419526 0.000000
vt 9.000212 8.738147 0.000000
vt 9.000212 8.056769 0.000000
vt 9.000212 7.375391 0.000000
vt 9.000212 6.694013 0.000000
vt 9.000212 6.012634 0.000000
vt 9.000212 5.331256 0.000000
vt 9.000212 4.649878 0.000000
vt 9.000212 4.164157 0.000000
vt 9.000212 3.678435 0.000000
vt 9.000212 3.192714 0.000000
vt 9.000212 2.706993 0.000000
vt 8.647754 10.770864 0.000000
vt 8.363824 11.440825 0.000000
vt 8.295297 10.770864 0.000000
vt 7.942839 10.770864 0.000000
vt 8.295297 10.100904 0.000000
vt 7.942839 10.100904 0.000000
vt 8.295297 9.419526 0.000000
vt 7.942839 9.419526 0.000000
vt 8.295297 8.738147 0.000000
vt 7.942839 8.738147 0.000000
vt 8.295297 8.056769 0.000000
vt 7.942839 8.056769 0.000000
vt 8.295297 7.375391 0.000000
vt 7.942839 7.375391 0.000000
vt 8.295297 6.694013 0.000000
vt 7.942839 6.694013 0.000000
vt 8.295297 6.012634 0.000000
vt 7.942839 6.012634 0.000000
vt 8.295297 5.331256 0.000000
vt 7.942839 5.331256 0.000000
vt 8.295297 4.649878 0.000000
vt 7.942839 4.649878 0.000000
vt 8.295297 4.164157 0.000000
vt 7.942839 4.164157 0.000000
vt 8.295297 3.678435 0.000000
vt 7.720453 11.440825 0.000000
vt 7.590382 10.770864 0.000000
vt 7.590382 10.100904 0.000000
vt 7.590382 9.419526 0.000000
vt 7.590382 8.738147 0.000000
vt 7.590382 8.056769 0.000000
vt 7.590382 7.375391 0.000000
vt 7.590382 6.694013 0.000000
vt 7.590382 6.012634 0.000000
vt 7.590382 5.331256 0.000000
vt 7.590382 4.649878 0.000000
vt 7.237924 10.770864 0.000000
vt 7.077082 11.440825 0.000000
vt 6.787396 10.770864 0.000000
vt 6.433711 11.440825 0.000000
vt 6.336867 10.770864 0.000000
vt 5.790340 11.440825 0.000000
vt 5.886339 10.770864 0.000000
vt 5.435811 10.770864 0.000000
vt 5.886339 10.100904 0.000000
vt 5.435811 10.100904 0.000000
vt 5.886339 9.419526 0.000000
vt 5.435811 9.419526 0.000000
vt 5.886339 8.738147 0.000000
vt 5.435811 8.738147 0.000000
vt 5.886339 8.056769 0.000000
vt 5.435811 8.056769 0.000000
vt 5.886339 7.375391 0.000000
vt 5.146968 11.440825 0.000000
vt 4.825283 10.770864 0.000000
vt 4.825283 10.100904 0.000000
vt 4.825283 9.419526 0.000000
vt 4.825283 8.738147 0.000000
vt 4.503597 11.440825 0.000000
vt 4.222123 10.770864 0.000000
vt 4.222123 10.100904 0.000000
vt 4.222123 9.419526 0.000000
vt 3.860226 11.440825 0.000000
vt 3.618962 10.770864 0.000000
vt 3.618962 10.100904 0.000000
vt 3.216855 11.440825 0.000000
vt 3.015802 10.770864 0.000000
vt 2.573484 11.440825 0.000000
vt 0.814037 10.770864 0.000000
vt 0.643371 11.440825 0.000000
vt 0.407018 10.770864 0.000000
vt 0.000000 11.440825 0.000000
vt 0.000000 10.011584 0.000000
vt 0.000000 8.582641 0.000000
vt 0.407018 9.419526 0.000000
vt 0.407018 10.100904 0.000000
vt 0.814037 10.100904 0.000000
vt 0.000000 7.150589 0.000000
vt 0.407018 8.056769 0.000000
vt 0.407018 8.738147 0.000000
vt 0.814037 8.738147 0.000000
vt 0.814037 9.419526 0.000000
vt 0.000000 5.720541 0.000000
vt 0.407018 6.694013 0.000000
vt 0.407018 7.375391 0.000000
vt 0.814037 7.375391 0.000000
vt 0.814037 8.056769 0.000000
vt 0.000000 4.289422 0.000000
vt 0.407018 5.331256 0.000000
vt 0.407018 6.012634 0.000000
vt 0.814037 6.012634 0.000000
vt 0.814037 6.694013 0.000000
vt 0.000000 2.859472 0.000000
vt 0.407018 4.164157 0.000000
vt 0.407018 4.649878 0.000000
vt 0.814037 4.649878 0.000000
vt 0.814037 5.331256 0.000000
vt 0.407018 2.706993 0.000000
vt 0.407018 3.192714 0.000000
vt 0.407018 3.678435 0.000000
vt 0.814037 3.192714 0.000000
vt 0.814037 3.678435 0.000000
vt 0.407018 1.847880 0.000000
vt 0.407018 0.988766 0.000000
vt 0.814037 0.988766 0.000000
vt 12.666368 0.988766 0.000000
vt 11.060396 0.988766 0.000000
vt 11.060396 1.847880 0.000000
vt 11.060396 2.706993 0.000000
vt 11.060396 3.192714 0.000000
vt 11.060396 3.678435 0.000000
vt 11.060396 4.164157 0.000000
vt 11.060396 4.649878 0.000000
vt 11.060396 5.331256 0.000000
vt 11.060396 6.012634 0.000000
vt 11.060396 6.694013 0.000000
vt 11.060396 7.375391 0.000000
vt 11.060396 8.056769 0.000000
vt 11.060396 8.738147 0.000000
vt 11.060396 9.419526 0.000000
vt 11.060396 10.100904 0.000000
vt 10.558990 0.988766 0.000000
vt 10.558990 1.847880 0.000000
vt 10.558990 2.706993 0.000000
vt 10.558990 3.192714 0.000000
vt 10.558990 3.678435 0.000000
vt 10.558990 4.164157 0.000000
vt 10.558990 4.649878 0.000000
vt 10.558990 5.331256 0.000000
vt 10.558990 6.012634 0.000000
vt 10.558990 6.694013 0.000000
vt 10.558990 7.375391 0.000000
vt 10.558990 8.056769 0.000000
vt 10.558990 8.738147 0.000000
vt 10.558990 9.419526 0.000000
vt 10.558990 10.100904 0.000000
vt 10.057584 0.988766 0.000000
vt 10.057584 1.847880 0.000000
vt 10.057584 2.706993 0.000000
vt 10.057584 3.192714 0.000000
vt 10.057584 3.678435 0.000000
vt 10.057584 4.164157 0.000000
vt 10.057584 4.649878 0.000000
vt 10.057584 5.331256 0.000000
vt 10.057584 6.012634 0.000000
vt 10.057584 6.694013 0.000000
vt 10.057584 7.375391 0.000000
vt 10.057584 8.056769 0.000000
vt 10.057584 8.738147 0.000000
vt 10.057584 9.419526 0.000000
vt 10.057584 10.100904 0.000000
vt 7.942839 0.988766 0.000000
vt 7.942839 1.847880 0.000000
vt 7.942839 2.706993 0.000000
vt 5.435811 0.988766 0.000000
vt 5.435811 1.847880 0.000000
vt 5.435811 2.706993 0.000000
vt 5.435811 3.192714 0.000000
vt 5.435811 3.678435 0.000000
vt 5.435811 4.164157 0.000000
vt 5.435811 4.649878 0.000000
vt 5.435811 5.331256 0.000000
vt 5.435811 6.012634 0.000000
vt 4.825283 0.988766 0.000000
vt 4.825283 1.847880 0.000000
vt 4.825283 2.706993 0.000000
vt 4.825283 3.192714 0.000000
vt 4.825283 3.678435 0.000000
vt 4.825283 4.164157 0.000000
vt 4.825283 4.649878 0.000000
vt 4.825283 5.331256 0.000000
vt 4.825283 6.012634 0.000000
vt 4.825283 6.694013 0.000000
vt 4.222123 0.988766 0.000000
vt 4.222123 1.847880 0.000000
vt 4.222123 2.706993 0.000000
vt 4.222123 3.192714 0.000000
vt 4.222123 3.678435 0.000000
vt 4.222123 4.164157 0.000000
vt 4.222123 4.649878 0.000000
vt 4.222123 5.331256 0.000000
vt 4.222123 6.012634 0.000000
vt 4.222123 6.694013 0.000000
vt 4.222123 7.375391 0.000000
vt 3.618962 0.988766 0.000000
vt 3.618962 1.847880 0.000000
vt 3.618962 2.706993 0.000000
vt 3.618962 3.192714 0.000000
vt 3.618962 3.678435 0.000000
vt 3.618962 4.164157 0.000000
vt 3.618962 4.649878 0.000000
vt 3.618962 5.331256 0.000000
vt 3.618962 6.012634 0.000000
vt 3.618962 6.694013 0.000000
vt 3.618962 7.375391 0.000000
vt 3.618962 8.056769 0.000000
vt 3.015802 0.988766 0.000000
vt 3.015802 1.847880 0.000000
vt 3.015802 2.706993 0.000000
vt 3.015802 3.192714 0.000000
vt 3.015802 3.678435 0.000000
vt 3.015802 4.164157 0.000000
vt 3.015802 4.649878 0.000000
vt 3.015802 5.331256 0.000000
vt 3.015802 6.012634 0.000000
vt 3.015802 6.694013 0.000000
vt 3.015802 7.375391 0.000000
vt 3.015802 8.056769 0.000000
vt 3.015802 8.738147 0.000000
vt 2.412641 0.988766 0.000000
vt 2.412641 1.847880 0.000000
vt 2.412641 2.706993 0.000000
vt 2.412641 3.192714 0.000000
vt 2.412641 3.678435 0.000000
vt 2.412641 4.164157 0.000000
vt 2.412641 4.649878 0.000000
vt 2.412641 5.331256 0.000000
vt 2.412641 6.012634 0.000000
vt 2.412641 6.694013 0.000000
vt 2.412641 7.375391 0.000000
vt 2.412641 8.056769 0.000000
vt 2.412641 8.738147 0.000000
vt 2.412641 9.419526 0.000000
vt 0.814037 1.847880 0.000000
vt 0.814037 2.706993 0.000000
vt 18.094811 3.192714 0.000000
vt 17.491651 3.192714 0.000000
vt 17.491651 3.678435 0.000000
vt 16.888490 3.192714 0.000000
vt 16.888490 3.678435 0.000000
vt 16.888490 4.164157 0.000000
vt 16.285330 3.192714 0.000000
vt 16.285330 3.678435 0.000000
vt 16.285330 4.164157 0.000000
vt 16.285330 4.649878 0.000000
vt 15.682170 3.192714 0.000000
vt 15.682170 3.678435 0.000000
vt 15.682170 4.164157 0.000000
vt 15.682170 4.649878 0.000000
vt 15.682170 5.331256 0.000000
vt 15.079009 3.192714 0.000000
vt 15.079009 3.678435 0.000000
vt 15.079009 4.164157 0.000000
vt 15.079009 4.649878 0.000000
vt 15.079009 5.331256 0.000000
vt 15.079009 6.012634 0.000000
vt 14.475849 3.192714 0.000000
vt 14.475849 3.678435 0.000000
vt 14.475849 4.164157 0.000000
vt 14.475849 4.649878 0.000000
vt 14.475849 5.331256 0.000000
vt 14.475849 6.012634 0.000000
vt 14.475849 6.694013 0.000000
vt 13.872688 3.192714 0.000000
vt 13.872688 3.678435 0.000000
vt 13.872688 4.164157 0.000000
vt 13.872688 4.649878 0.000000
vt 13.872688 5.331256 0.000000
vt 13.872688 6.012634 0.000000
vt 13.872688 6.694013 0.000000
vt 13.872688 7.375391 0.000000
vt 13.269528 3.192714 0.000000
vt 13.269528 3.678435 0.000000
vt 13.269528 4.164157 0.000000
vt 13.269528 4.649878 0.000000
vt 13.269528 5.331256 0.000000
vt 13.269528 6.012634 0.000000
vt 13.269528 6.694013 0.000000
vt 13.269528 7.375391 0.000000
vt 13.269528 8.056769 0.000000
vt 12.967948 3.192714 0.000000
vt 12.967948 3.678435 0.000000
vt 12.967948 4.164157 0.000000
vt 12.967948 4.649878 0.000000
vt 12.967948 5.331256 0.000000
vt 12.967948 6.012634 0.000000
vt 12.967948 6.694013 0.000000
vt 12.967948 7.375391 0.000000
vt 12.967948 8.056769 0.000000
vt 12.967948 8.738147 0.000000
vt 12.666368 3.192714 0.000000
vt 12.666368 3.678435 0.000000
vt 12.666368 4.164157 0.000000
vt 12.666368 4.649878 0.000000
vt 12.666368 5.331256 0.000000
vt 12.666368 6.012634 0.000000
vt 12.666368 6.694013 0.000000
vt 12.666368 7.375391 0.000000
vt 12.666368 8.056769 0.000000
vt 12.666368 8.738147 0.000000
vt 12.666368 9.419526 0.000000
vt 12.364788 3.192714 0.000000
vt 12.364788 3.678435 0.000000
vt 12.364788 4.164157 0.000000
vt 12.364788 4.649878 0.000000
vt 12.364788 5.331256 0.000000
vt 12.364788 6.012634 0.000000
vt 12.364788 6.694013 0.000000
vt 12.364788 7.375391 0.000000
vt 12.364788 8.056769 0.000000
vt 12.364788 8.738147 0.000000
vt 12.364788 9.419526 0.000000
vt 12.364788 10.100904 0.000000
vt 8.647754 3.192714 0.000000
vt 8.647754 3.678435 0.000000
vt 8.647754 4.164157 0.000000
vt 8.647754 4.649878 0.000000
vt 8.647754 5.331256 0.000000
vt 8.647754 6.012634 0.000000
vt 8.647754 6.694013 0.000000
vt 8.647754 7.375391 0.000000
vt 8.647754 8.056769 0.000000
vt 8.647754 8.738147 0.000000
vt 8.647754 9.419526 0.000000
vt 8.647754 10.100904 0.000000
vt 7.237924 5.331256 0.000000
vt 6.787396 6.012634 0.000000
vt 6.336867 6.694013 0.000000
vt 0.814037 4.164157 0.000000
vt 7.237924 6.012634 0.000000
vt 7.237924 6.694013 0.000000
vt 7.237924 7.375391 0.000000
vt 7.237924 8.056769 0.000000
vt 7.237924 8.738147 0.000000
vt 7.237924 9.419526 0.000000
vt 7.237924 10.100904 0.000000
vt 6.787396 6.694013 0.000000
vt 6.336867 7.375391 0.000000
vt 6.787396 7.375391 0.000000
vt 6.787396 8.056769 0.000000
vt 6.787396 8.738147 0.000000
vt 6.787396 9.419526 0.000000
vt 6.787396 10.100904 0.000000
vt 6.336867 8.056769 0.000000
vt 6.336867 8.738147 0.000000
vt 6.336867 9.419526 0.000000
vt 6.336867 10.100904 0.000000
vt 18.094811 10.100904 0.000000
vt 17.491651 10.100904 0.000000
vt 16.888490 10.100904 0.000000
vt 16.285330 10.100904 0.000000
vt 15.682170 10.100904 0.000000
vt 15.079009 10.100904 0.000000
vt 14.475849 10.100904 0.000000
vt 13.872688 10.100904 0.000000
vt 13.269528 10.100904 0.000000
vt 0.170000 -4.184130 0.000000
vt -0.170000 -4.505986 0.000000
vt 0.170000 -4.827843 0.000000
vt -0.170000 -5.149699 0.000000
vt 0.170000 -5.471555 0.000000
vt -0.170000 -5.793411 0.000000
vt 0.170000 -6.115267 0.000000
vt -0.170000 -6.437123 0.000000
vt 0.170000 -6.758980 0.000000
vt -0.170000 -7.080836 0.000000
vt 0.170000 -7.402692 0.000000
vt -0.170000 -7.724548 0.000000
vt 0.170000 -8.046404 0.000000
vt -0.170000 -8.368260 0.000000
vt 0.170000 -8.690117 0.000000
vt -0.170000 -9.011973 0.000000
vt 0.170000 -9.333829 0.000000
vt -0.170000 -9.655685 0.000000
vt 0.170000 -9.977541 0.000000
vt 0.170000 9.333829 0.000000
vt -0.170000 9.655685 0.000000
vt -0.170000 9.011973 0.000000
vt 0.170000 8.690117 0.000000
vt -0.170000 8.368260 0.000000
vt 0.170000 8.046404 0.000000
vt -0.170000 7.724548 0.000000
vt 0.170000 7.402692 0.000000
vt -0.170000 7.080836 0.000000
vt 0.170000 6.758980 0.000000
vt -0.170000 6.437123 0.000000
vt 0.170000 6.115267 0.000000
vt -0.170000 5.793411 0.000000
vt 0.170000 5.471555 0.000000
vt -0.170000 5.149699 0.000000
vt 0.170000 4.827843 0.000000
vt -0.170000 4.505986 0.000000
vt 0.170000 4.184130 0.000000
vt -0.170000 3.862274 0.000000
vt 0.170000 3.540418 0.000000
vt -0.170000 3.218562 0.000000
vt 0.170000 2.896706 0.000000
vt -0.170000 2.574849 0.000000
vt 0.170000 2.252993 0.000000
vt -0.170000 1.931137 0.000000
vt 0.170000 1.609281 0.000000
vt -0.170000 1.287425 0.000000
vt 0.170000 0.965569 0.000000
vt -0.170000 0.643712 0.000000
vt 0.170000 0.321856 0.000000
vt -0.170000 0.000000 0.000000
vt 0.170000 -0.321856 0.000000
vt -0.170000 -0.643712 0.000000
vt 0.170000 -0.965569 0.000000
vt -0.170000 -1.287425 0.000000
vt 0.170000 -1.609281 0.000000
vt -0.170000 -1.931137 0.000000
vt 0.170000 -2.252993 0.000000
vt -0.170000 -2.574849 0.000000
vt 0.170000 -2.896706 0.000000
vt -0.170000 -3.218562 0.000000
vt 0.170000 -3.540418 0.000000
vt -0.170000 -3.862274 0.000000
vt 0.170000 -9.011973 0.000000
vt -0.170000 -9.011973 0.000000
vt 0.170000 -9.655685 0.000000
vt -0.170000 -9.655685 0.000000
vt 0.170000 9.655685 0.000000
vt -0.170000 9.655685 0.000000
vt 0.170000 9.011973 0.000000
vt -0.170000 9.011973 0.000000
vt 0.170000 8.368260 0.000000
vt -0.170000 8.368260 0.000000
vt 0.170000 7.724548 0.000000
vt -0.170000 7.724548 0.000000
vt 0.170000 7.080836 0.000000
vt -0.170000 7.080836 0.000000
vt 0.170000 6.437123 0.000000
vt -0.170000 6.437123 0.000000
vt 0.170000 5.793411 0.000000
vt -0.170000 5.793411 0.000000
vt 0.170000 5.149699 0.000000
vt -0.170000 5.149699 0.000000
vt 0.170000 4.505986 0.000000
vt -0.170000 4.505986 0.000000
vt 0.170000 3.862274 0.000000
vt -0.170000 3.862274 0.000000
vt 0.170000 3.218562 0.000000
vt -0.170000 3.218562 0.000000
vt 0.170000 2.574849 0.000000
vt -0.170000 2.574849 0.000000
vt 0.170000 1.931137 0.000000
vt -0.170000 1.931137 0.000000
vt 0.170000 1.287425 0.000000
vt -0.170000 1.287425 0.000000
vt 0.170000 0.643712 0.000000
vt -0.170000 0.643712 0.000000
vt 0.170000 0.000000 0.000000
vt -0.170000 -0.000000 0.000000
vt 0.170000 -0.643712 0.000000
vt -0.170000 -0.643712 0.000000
vt 0.170000 -1.287425 0.000000
vt -0.170000 -1.287425 0.000000
vt 0.170000 -1.931137 0.000000
vt -0.170000 -1.931137 0.000000
vt 0.170000 -2.574849 0.000000
vt -0.170000 -2.574849 0.000000
vt 0.170000 -3.218562 0.000000
vt -0.170000 -3.218562 0.000000
vt 0.170000 -3.862274 0.000000
vt -0.170000 -3.862274 0.000000
vt 0.170000 -4.505986 0.000000
vt -0.170000 -4.505986 0.000000
vt 0.170000 -5.149699 0.000000
vt -0.170000 -5.149699 0.000000
vt 0.170000 -5.793411 0.000000
vt -0.170000 -5.793411 0.000000
vt 0.170000 -6.437123 0.000000
vt -0.170000 -6.437123 0.000000
vt 0.170000 -7.080836 0.000000
vt -0.170000 -7.080836 0.000000
vt 0.170000 -7.724548 0.000000
vt -0.170000 -7.724548 0.000000
vt 0.170000 -8.368260 0.000000
vt -0.170000 -8.368260 0.000000
vt -20.379513 1.467758 0.000000
vt -20.379513 0.000000 0.000000
vt -19.756248 0.507400 0.000000
vt -19.722110 0.000000 0.000000
vt -19.132982 0.507400 0.000000
vt -19.064706 0.000000 0.000000
vt -18.509716 0.507400 0.000000
vt -18.407302 0.000000 0.000000
vt -17.886450 0.507400 0.000000
vt -17.749899 0.000000 0.000000
vt -17.263184 0.507400 0.000000
vt -17.092495 0.000000 0.000000
vt -16.639919 0.507400 0.000000
vt -16.435091 0.000000 0.000000
vt -16.016653 0.507400 0.000000
vt -15.777688 0.000000 0.000000
vt -15.393387 0.507400 0.000000
vt -15.120284 0.000000 0.000000
vt -14.770121 0.507400 0.000000
vt -14.462880 0.000000 0.000000
vt -14.146856 0.507400 0.000000
vt -13.805477 0.000000 0.000000
vt -13.835223 0.507400 0.000000
vt -13.523590 0.507400 0.000000
vt -13.835223 1.014800 0.000000
vt -13.523590 1.014800 0.000000
vt -13.835223 1.631369 0.000000
vt -13.523590 1.631369 0.000000
vt -13.835223 2.247937 0.000000
vt -13.523590 2.247937 0.000000
vt -13.835223 2.864506 0.000000
vt -13.523590 2.864506 0.000000
vt -13.835223 3.481074 0.000000
vt -13.523590 3.481074 0.000000
vt -13.835223 4.201599 0.000000
vt -13.523590 4.201599 0.000000
vt -13.835223 4.922125 0.000000
vt -13.523590 4.922125 0.000000
vt -13.835223 5.642650 0.000000
vt -13.523590 5.642650 0.000000
vt -13.835223 6.363175 0.000000
vt -13.523590 6.363175 0.000000
vt -13.835223 7.083701 0.000000
vt -13.523590 7.083701 0.000000
vt -13.835223 7.804226 0.000000
vt -13.523590 7.804226 0.000000
vt -13.835223 8.524751 0.000000
vt -13.523590 8.524751 0.000000
vt -13.835223 9.245277 0.000000
vt -13.523590 9.245277 0.000000
vt -13.835223 9.869473 0.000000
vt -13.523590 9.869473 0.000000
vt -13.835223 10.493669 0.000000
vt -13.523590 10.493669 0.000000
vt -14.010915 11.742062 0.000000
vt -13.374056 11.742062 0.000000
vt -13.211957 10.493669 0.000000
vt -12.900324 10.493669 0.000000
vt -12.900324 9.869473 0.000000
vt -12.588691 9.869473 0.000000
vt -12.588691 9.245277 0.000000
vt -12.277058 9.245277 0.000000
vt -12.277058 8.524751 0.000000
vt -11.965425 8.524751 0.000000
vt -11.965425 7.804226 0.000000
vt -11.653792 7.804226 0.000000
vt -11.653792 7.083701 0.000000
vt -11.030527 7.083701 0.000000
vt -11.030527 6.363175 0.000000
vt -10.407261 6.363175 0.000000
vt -10.407261 5.642650 0.000000
vt -9.783995 5.642650 0.000000
vt -9.783995 4.922125 0.000000
vt -9.160729 4.922125 0.000000
vt -9.160729 4.201599 0.000000
vt -8.537463 4.201599 0.000000
vt -8.537463 3.481074 0.000000
vt -8.225831 3.481074 0.000000
vt -8.225831 2.864506 0.000000
vt -7.914198 2.864506 0.000000
vt -7.914198 2.247937 0.000000
vt -7.602565 2.247937 0.000000
vt -7.602565 1.631369 0.000000
vt -7.290932 1.631369 0.000000
vt -7.290932 1.014800 0.000000
vt -6.979299 1.014800 0.000000
vt -6.979299 0.507400 0.000000
vt -6.667666 0.507400 0.000000
vt -6.574037 0.000000 0.000000
vt -6.356033 0.507400 0.000000
vt -5.916633 0.000000 0.000000
vt -6.044400 0.507400 0.000000
vt -5.421135 0.507400 0.000000
vt -6.044400 1.014800 0.000000
vt -5.421135 1.014800 0.000000
vt -6.044400 1.631369 0.000000
vt -5.421135 1.631369 0.000000
vt -6.044400 2.247937 0.000000
vt -5.421135 2.247937 0.000000
vt -6.044400 2.864506 0.000000
vt -5.421135 2.864506 0.000000
vt -6.044400 3.481074 0.000000
vt -5.421135 3.481074 0.000000
vt -6.044400 4.201599 0.000000
vt -5.421135 4.201599 0.000000
vt -6.044400 4.922125 0.000000
vt -5.421135 4.922125 0.000000
vt -6.044400 5.642650 0.000000
vt -5.421135 5.642650 0.000000
vt -6.044400 6.363175 0.000000
vt -5.421135 6.363175 0.000000
vt -6.044400 7.083701 0.000000
vt -5.421135 7.083701 0.000000
vt -6.044400 7.804226 0.000000
vt -5.421135 7.804226 0.000000
vt -6.044400 8.524751 0.000000
vt -5.421135 8.524751 0.000000
vt -6.044400 9.245277 0.000000
vt -5.421135 9.245277 0.000000
vt -6.044400 9.869473 0.000000
vt -5.421135 9.869473 0.000000
vt -6.044400 10.493669 0.000000
vt -5.421135 10.493669 0.000000
vt -5.731738 11.742062 0.000000
vt -5.094878 11.742062 0.000000
vt -4.797869 10.493669 0.000000
vt -4.458019 11.742062 0.000000
vt -4.174603 10.493669 0.000000
vt -3.821159 11.742062 0.000000
vt -3.551337 10.493669 0.000000
vt -3.184299 11.742062 0.000000
vt -2.928071 10.493669 0.000000
vt -2.547439 11.742062 0.000000
vt -2.304806 10.493669 0.000000
vt -1.910579 11.742062 0.000000
vt -1.681540 10.493669 0.000000
vt -1.273720 11.742062 0.000000
vt -1.058274 10.493669 0.000000
vt -0.636860 11.742062 0.000000
vt -0.435008 10.493669 0.000000
vt -0.000000 11.742062 0.000000
vt -0.000000 10.274304 0.000000
vt -0.435008 9.869473 0.000000
vt -0.435008 9.245277 0.000000
vt -1.058274 9.869473 0.000000
vt -1.058274 9.245277 0.000000
vt -1.681540 9.869473 0.000000
vt -1.681540 9.245277 0.000000
vt -2.304806 9.869473 0.000000
vt -2.304806 9.245277 0.000000
vt -2.928071 9.869473 0.000000
vt -2.928071 9.245277 0.000000
vt -3.551337 9.869473 0.000000
vt -3.551337 9.245277 0.000000
vt -4.174603 9.869473 0.000000
vt -4.174603 9.245277 0.000000
vt -4.797869 9.869473 0.000000
vt -4.797869 9.245277 0.000000
vt -13.148073 0.000000 0.000000
vt -13.211957 0.507400 0.000000
vt -13.211957 1.014800 0.000000
vt -13.211957 1.631369 0.000000
vt -13.211957 2.247937 0.000000
vt -13.211957 2.864506 0.000000
vt -13.211957 3.481074 0.000000
vt -13.211957 4.201599 0.000000
vt -13.211957 4.922125 0.000000
vt -13.211957 5.642650 0.000000
vt -13.211957 6.363175 0.000000
vt -13.211957 7.083701 0.000000
vt -13.211957 7.804226 0.000000
vt -13.211957 8.524751 0.000000
vt -13.211957 9.245277 0.000000
vt -13.211957 9.869473 0.000000
vt -12.900324 0.507400 0.000000
vt -12.490669 0.000000 0.000000
vt -12.588691 0.507400 0.000000
vt -12.277058 0.507400 0.000000
vt -12.588691 1.014800 0.000000
vt -12.277058 1.014800 0.000000
vt -12.588691 1.631369 0.000000
vt -12.277058 1.631369 0.000000
vt -12.588691 2.247937 0.000000
vt -12.277058 2.247937 0.000000
vt -12.588691 2.864506 0.000000
vt -12.277058 2.864506 0.000000
vt -12.588691 3.481074 0.000000
vt -12.277058 3.481074 0.000000
vt -12.588691 4.201599 0.000000
vt -12.277058 4.201599 0.000000
vt -12.588691 4.922125 0.000000
vt -12.277058 4.922125 0.000000
vt -12.588691 5.642650 0.000000
vt -12.277058 5.642650 0.000000
vt -12.588691 6.363175 0.000000
vt -12.277058 6.363175 0.000000
vt -12.588691 7.083701 0.000000
vt -12.277058 7.083701 0.000000
vt -12.588691 7.804226 0.000000
vt -12.277058 7.804226 0.000000
vt -12.588691 8.524751 0.000000
vt -11.833266 0.000000 0.000000
vt -11.965425 0.507400 0.000000
vt -11.965425 1.014800 0.000000
vt -11.965425 1.631369 0.000000
vt -11.965425 2.247937 0.000000
vt -11.965425 2.864506 0.000000
vt -11.965425 3.481074 0.000000
vt -11.965425 4.201599 0.000000
vt -11.965425 4.922125 0.000000
vt -11.965425 5.642650 0.000000
vt -11.965425 6.363175 0.000000
vt -11.965425 7.083701 0.000000
vt -11.653792 0.507400 0.000000
vt -11.175862 0.000000 0.000000
vt -11.030527 0.507400 0.000000
vt -10.518458 0.000000 0.000000
vt -10.407261 0.507400 0.000000
vt -9.861055 0.000000 0.000000
vt -9.783995 0.507400 0.000000
vt -9.203651 0.000000 0.000000
vt -9.160729 0.507400 0.000000
vt -8.546248 0.000000 0.000000
vt -8.537463 0.507400 0.000000
vt -8.225831 0.507400 0.000000
vt -8.537463 1.014800 0.000000
vt -8.225831 1.014800 0.000000
vt -8.537463 1.631369 0.000000
vt -8.225831 1.631369 0.000000
vt -8.537463 2.247937 0.000000
vt -8.225831 2.247937 0.000000
vt -8.537463 2.864506 0.000000
vt -7.888844 0.000000 0.000000
vt -7.914198 0.507400 0.000000
vt -7.914198 1.014800 0.000000
vt -7.914198 1.631369 0.000000
vt -7.602565 0.507400 0.000000
vt -7.231440 0.000000 0.000000
vt -7.290932 0.507400 0.000000
vt -5.259229 0.000000 0.000000
vt -4.797869 0.507400 0.000000
vt -4.797869 1.014800 0.000000
vt -4.797869 1.631369 0.000000
vt -4.797869 2.247937 0.000000
vt -4.797869 2.864506 0.000000
vt -4.797869 3.481074 0.000000
vt -4.797869 4.201599 0.000000
vt -4.797869 4.922125 0.000000
vt -4.797869 5.642650 0.000000
vt -4.797869 6.363175 0.000000
vt -4.797869 7.083701 0.000000
vt -4.797869 7.804226 0.000000
vt -4.797869 8.524751 0.000000
vt -4.601826 0.000000 0.000000
vt -4.174603 0.507400 0.000000
vt -4.174603 1.014800 0.000000
vt -4.174603 1.631369 0.000000
vt -4.174603 2.247937 0.000000
vt -4.174603 2.864506 0.000000
vt -4.174603 3.481074 0.000000
vt -4.174603 4.201599 0.000000
vt -4.174603 4.922125 0.000000
vt -4.174603 5.642650 0.000000
vt -4.174603 6.363175 0.000000
vt -4.174603 7.083701 0.000000
vt -4.174603 7.804226 0.000000
vt -4.174603 8.524751 0.000000
vt -3.944422 0.000000 0.000000
vt -3.551337 0.507400 0.000000
vt -3.551337 1.014800 0.000000
vt -3.551337 1.631369 0.000000
vt -3.551337 2.247937 0.000000
vt -3.551337 2.864506 0.000000
vt -3.551337 3.481074 0.000000
vt -3.551337 4.201599 0.000000
vt -3.551337 4.922125 0.000000
vt -3.551337 5.642650 0.000000
vt -3.551337 6.363175 0.000000
vt -3.551337 7.083701 0.000000
vt -3.551337 7.804226 0.000000
vt -3.551337 8.524751 0.000000
vt -3.287018 0.000000 0.000000
vt -2.928071 0.507400 0.000000
vt -2.928071 1.014800 0.000000
vt -2.928071 1.631369 0.000000
vt -2.928071 2.247937 0.000000
vt -2.928071 2.864506 0.000000
vt -2.928071 3.481074 0.000000
vt -2.928071 4.201599 0.000000
vt -2.928071 4.922125 0.000000
vt -2.928071 5.642650 0.000000
vt -2.928071 6.363175 0.000000
vt -2.928071 7.083701 0.000000
vt -2.928071 7.804226 0.000000
vt -2.928071 8.524751 0.000000
vt -2.629615 0.000000 0.000000
vt -2.304806 0.507400 0.000000
vt -2.304806 1.014800 0.000000
vt -2.304806 1.631369 0.000000
vt -2.304806 2.247937 0.000000
vt -2.304806 2.864506 0.000000
vt -2.304806 3.481074 0.000000
vt -2.304806 4.201599 0.000000
vt -2.304806 4.922125 0.000000
vt -2.304806 5.642650 0.000000
vt -2.304806 6.363175 0.000000
vt -2.304806 7.083701 0.000000
vt -2.304806 7.804226 0.000000
vt -2.304806 8.524751 0.000000
vt -1.972211 0.000000 0.000000
vt -1.681540 0.507400 0.000000
vt -1.681540 1.014800 0.000000
vt -1.681540 1.631369 0.000000
vt -1.681540 2.247937 0.000000
vt -1.681540 2.864506 0.000000
vt -1.681540 3.481074 0.000000
vt -1.681540 4.201599 0.000000
vt -1.681540 4.922125 0.000000
vt -1.681540 5.642650 0.000000
vt -1.681540 6.363175 0.000000
vt -1.681540 7.083701 0.000000
vt -1.681540 7.804226 0.000000
vt -1.681540 8.524751 0.000000
vt -1.314807 0.000000 0.000000
vt -1.058274 0.507400 0.000000
vt -1.058274 1.014800 0.000000
vt -1.058274 1.631369 0.000000
vt -1.058274 2.247937 0.000000
vt -1.058274 2.864506 0.000000
vt -1.058274 3.481074 0.000000
vt -1.058274 4.201599 0.000000
vt -1.058274 4.922125 0.000000
vt -1.058274 5.642650 0.000000
vt -1.058274 6.363175 0.000000
vt -1.058274 7.083701 0.000000
vt -1.058274 7.804226 0.000000
vt -1.058274 8.524751 0.000000
vt -0.657404 0.000000 0.000000
vt -0.435008 0.507400 0.000000
vt -0.435008 1.014800 0.000000
vt -0.435008 1.631369 0.000000
vt -0.435008 2.247937 0.000000
vt -0.435008 2.864506 0.000000
vt -0.435008 3.481074 0.000000
vt -0.435008 4.201599 0.000000
vt -0.435008 4.922125 0.000000
vt -0.435008 5.642650 0.000000
vt -0.435008 6.363175 0.000000
vt -0.435008 7.083701 0.000000
vt -0.435008 7.804226 0.000000
vt -0.435008 8.524751 0.000000
vt -0.000000 0.000000 0.000000
vt -0.000000 1.467758 0.000000
vt -0.000000 2.935515 0.000000
vt -0.000000 4.403273 0.000000
vt -0.000000 5.871031 0.000000
vt -0.000000 7.338788 0.000000
vt -0.000000 8.806546 0.000000
vt -6.368598 11.742062 0.000000
vt -6.356033 10.493669 0.000000
vt -6.356033 9.869473 0.000000
vt -6.356033 9.245277 0.000000
vt -6.356033 8.524751 0.000000
vt -6.356033 7.804226 0.000000
vt -6.356033 7.083701 0.000000
vt -6.356033 6.363175 0.000000
vt -6.356033 5.642650 0.000000
vt -6.356033 4.922125 0.000000
vt -6.356033 4.201599 0.000000
vt -6.356033 3.481074 0.000000
vt -6.356033 2.864506 0.000000
vt -6.356033 2.247937 0.000000
vt -6.356033 1.631369 0.000000
vt -6.356033 1.014800 0.000000
vt -6.667666 10.493669 0.000000
vt -7.005458 11.742062 0.000000
vt -6.979299 10.493669 0.000000
vt -7.290932 10.493669 0.000000
vt -6.979299 9.869473 0.000000
vt -7.290932 9.869473 0.000000
vt -6.979299 9.245277 0.000000
vt -7.290932 9.245277 0.000000
vt -6.979299 8.524751 0.000000
vt -7.290932 8.524751 0.000000
vt -6.979299 7.804226 0.000000
vt -7.290932 7.804226 0.000000
vt -6.979299 7.083701 0.000000
vt -7.290932 7.083701 0.000000
vt -6.979299 6.363175 0.000000
vt -7.290932 6.363175 0.000000
vt -6.979299 5.642650 0.000000
vt -7.290932 5.642650 0.000000
vt -6.979299 4.922125 0.000000
vt -7.290932 4.922125 0.000000
vt -6.979299 4.201599 0.000000
vt -7.290932 4.201599 0.000000
vt -6.979299 3.481074 0.000000
vt -7.290932 3.481074 0.000000
vt -6.979299 2.864506 0.000000
vt -7.290932 2.864506 0.000000
vt -6.979299 2.247937 0.000000
vt -7.290932 2.247937 0.000000
vt -6.979299 1.631369 0.000000
vt -7.642317 11.742062 0.000000
vt -7.602565 10.493669 0.000000
vt -7.602565 9.869473 0.000000
vt -7.602565 9.245277 0.000000
vt -7.602565 8.524751 0.000000
vt -7.602565 7.804226 0.000000
vt -7.602565 7.083701 0.000000
vt -7.602565 6.363175 0.000000
vt -7.602565 5.642650 0.000000
vt -7.602565 4.922125 0.000000
vt -7.602565 4.201599 0.000000
vt -7.602565 3.481074 0.000000
vt -7.602565 2.864506 0.000000
vt -7.914198 10.493669 0.000000
vt -8.279177 11.742062 0.000000
vt -8.225831 10.493669 0.000000
vt -8.537463 10.493669 0.000000
vt -8.225831 9.869473 0.000000
vt -8.537463 9.869473 0.000000
vt -8.225831 9.245277 0.000000
vt -8.537463 9.245277 0.000000
vt -8.225831 8.524751 0.000000
vt -8.537463 8.524751 0.000000
vt -8.225831 7.804226 0.000000
vt -8.537463 7.804226 0.000000
vt -8.225831 7.083701 0.000000
vt -8.537463 7.083701 0.000000
vt -8.225831 6.363175 0.000000
vt -8.537463 6.363175 0.000000
vt -8.225831 5.642650 0.000000
vt -8.537463 5.642650 0.000000
vt -8.225831 4.922125 0.000000
vt -8.537463 4.922125 0.000000
vt -8.225831 4.201599 0.000000
vt -8.916037 11.742062 0.000000
vt -9.160729 10.493669 0.000000
vt -9.160729 9.869473 0.000000
vt -9.160729 9.245277 0.000000
vt -9.160729 8.524751 0.000000
vt -9.160729 7.804226 0.000000
vt -9.160729 7.083701 0.000000
vt -9.160729 6.363175 0.000000
vt -9.160729 5.642650 0.000000
vt -9.552897 11.742062 0.000000
vt -9.783995 10.493669 0.000000
vt -9.783995 9.869473 0.000000
vt -9.783995 9.245277 0.000000
vt -9.783995 8.524751 0.000000
vt -9.783995 7.804226 0.000000
vt -9.783995 7.083701 0.000000
vt -9.783995 6.363175 0.000000
vt -10.189757 11.742062 0.000000
vt -10.407261 10.493669 0.000000
vt -10.407261 9.869473 0.000000
vt -10.407261 9.245277 0.000000
vt -10.407261 8.524751 0.000000
vt -10.407261 7.804226 0.000000
vt -10.407261 7.083701 0.000000
vt -10.826616 11.742062 0.000000
vt -11.030527 10.493669 0.000000
vt -11.030527 9.869473 0.000000
vt -11.030527 9.245277 0.000000
vt -11.030527 8.524751 0.000000
vt -11.030527 7.804226 0.000000
vt -11.463476 11.742062 0.000000
vt -11.653792 10.493669 0.000000
vt -11.653792 9.869473 0.000000
vt -11.653792 9.245277 0.000000
vt -11.653792 8.524751 0.000000
vt -12.100336 11.742062 0.000000
vt -11.965425 10.493669 0.000000
vt -11.965425 9.869473 0.000000
vt -11.965425 9.245277 0.000000
vt -12.277058 10.493669 0.000000
vt -12.737196 11.742062 0.000000
vt -12.588691 10.493669 0.000000
vt -14.146856 10.493669 0.000000
vt -14.647775 11.742062 0.000000
vt -14.770121 10.493669 0.000000
vt -15.284635 11.742062 0.000000
vt -15.393387 10.493669 0.000000
vt -15.921495 11.742062 0.000000
vt -16.016653 10.493669 0.000000
vt -16.558355 11.742062 0.000000
vt -16.639919 10.493669 0.000000
vt -17.195214 11.742062 0.000000
vt -17.263184 10.493669 0.000000
vt -17.832074 11.742062 0.000000
vt -17.886450 10.493669 0.000000
vt -18.468934 11.742062 0.000000
vt -18.509716 10.493669 0.000000
vt -19.105794 11.742062 0.000000
vt -19.132982 10.493669 0.000000
vt -19.742654 11.742062 0.000000
vt -19.756248 10.493669 0.000000
vt -20.379513 11.742062 0.000000
vt -20.379513 10.274304 0.000000
vt -19.756248 9.869473 0.000000
vt -20.379513 8.806546 0.000000
vt -19.756248 9.245277 0.000000
vt -19.756248 8.524751 0.000000
vt -19.132982 8.524751 0.000000
vt -19.132982 7.804226 0.000000
vt -18.509716 7.804226 0.000000
vt -18.509716 7.083701 0.000000
vt -17.886450 7.083701 0.000000
vt -17.886450 6.363175 0.000000
vt -17.263184 6.363175 0.000000
vt -17.263184 5.642650 0.000000
vt -16.639919 5.642650 0.000000
vt -16.639919 4.922125 0.000000
vt -16.016653 4.922125 0.000000
vt -16.016653 4.201599 0.000000
vt -15.393387 4.201599 0.000000
vt -15.393387 3.481074 0.000000
vt -14.770121 3.481074 0.000000
vt -14.770121 2.864506 0.000000
vt -14.146856 2.864506 0.000000
vt -14.146856 2.247937 0.000000
vt -20.379513 7.338788 0.000000
vt -19.756248 7.804226 0.000000
vt -19.132982 7.083701 0.000000
vt -18.509716 6.363175 0.000000
vt -17.886450 5.642650 0.000000
vt -17.263184 4.922125 0.000000
vt -16.639919 4.201599 0.000000
vt -16.016653 3.481074 0.000000
vt -15.393387 2.864506 0.000000
vt -14.770121 2.247937 0.000000
vt -14.146856 1.631369 0.000000
vt -19.756248 7.083701 0.000000
vt -20.379513 5.871031 0.000000
vt -19.756248 6.363175 0.000000
vt -19.756248 5.642650 0.000000
vt -19.132982 5.642650 0.000000
vt -19.132982 4.922125 0.000000
vt -18.509716 4.922125 0.000000
vt -18.509716 4.201599 0.000000
vt -17.886450 4.201599 0.000000
vt -17.886450 3.481074 0.000000
vt -17.263184 3.481074 0.000000
vt -17.263184 2.864506 0.000000
vt -16.639919 2.864506 0.000000
vt -16.639919 2.247937 0.000000
vt -16.016653 2.247937 0.000000
vt -16.016653 1.631369 0.000000
vt -15.393387 1.631369 0.000000
vt -15.393387 1.014800 0.000000
vt -14.770121 1.014800 0.000000
vt -20.379513 4.403273 0.000000
vt -19.756248 4.922125 0.000000
vt -19.132982 4.201599 0.000000
vt -18.509716 3.481074 0.000000
vt -17.886450 2.864506 0.000000
vt -17.263184 2.247937 0.000000
vt -16.639919 1.631369 0.000000
vt -16.016653 1.014800 0.000000
vt -19.756248 4.201599 0.000000
vt -20.379513 2.935515 0.000000
vt -19.756248 3.481074 0.000000
vt -19.756248 2.864506 0.000000
vt -19.132982 2.864506 0.000000
vt -19.132982 2.247937 0.000000
vt -18.509716 2.247937 0.000000
vt -18.509716 1.631369 0.000000
vt -17.886450 1.631369 0.000000
vt -17.886450 1.014800 0.000000
vt -17.263184 1.014800 0.000000
vt -19.756248 2.247937 0.000000
vt -19.132982 1.631369 0.000000
vt -18.509716 1.014800 0.000000
vt -19.756248 1.631369 0.000000
vt -19.756248 1.014800 0.000000
vt -19.132982 1.014800 0.000000
vt -6.667666 1.014800 0.000000
vt -6.667666 1.631369 0.000000
vt -6.667666 2.247937 0.000000
vt -6.667666 2.864506 0.000000
vt -6.667666 3.481074 0.000000
vt -6.667666 4.201599 0.000000
vt -6.667666 4.922125 0.000000
vt -6.667666 5.642650 0.000000
vt -6.667666 6.363175 0.000000
vt -6.667666 7.083701 0.000000
vt -6.667666 7.804226 0.000000
vt -6.667666 8.524751 0.000000
vt -6.667666 9.245277 0.000000
vt -6.667666 9.869473 0.000000
vt -7.602565 1.014800 0.000000
vt -9.160729 1.014800 0.000000
vt -9.160729 1.631369 0.000000
vt -9.160729 2.247937 0.000000
vt -9.160729 2.864506 0.000000
vt -9.160729 3.481074 0.000000
vt -9.783995 1.014800 0.000000
vt -9.783995 1.631369 0.000000
vt -9.783995 2.247937 0.000000
vt -9.783995 2.864506 0.000000
vt -9.783995 3.481074 0.000000
vt -9.783995 4.201599 0.000000
vt -10.407261 1.014800 0.000000
vt -10.407261 1.631369 0.000000
vt -10.407261 2.247937 0.000000
vt -10.407261 2.864506 0.000000
vt -10.407261 3.481074 0.000000
vt -10.407261 4.201599 0.000000
vt -10.407261 4.922125 0.000000
vt -11.030527 1.014800 0.000000
vt -11.030527 1.631369 0.000000
vt -11.030527 2.247937 0.000000
vt -11.030527 2.864506 0.000000
vt -11.030527 3.481074 0.000000
vt -11.030527 4.201599 0.000000
vt -11.030527 4.922125 0.000000
vt -11.030527 5.642650 0.000000
vt -11.653792 1.014800 0.000000
vt -11.653792 1.631369 0.000000
vt -11.653792 2.247937 0.000000
vt -11.653792 2.864506 0.000000
vt -11.653792 3.481074 0.000000
vt -11.653792 4.201599 0.000000
vt -11.653792 4.922125 0.000000
vt -11.653792 5.642650 0.000000
vt -11.653792 6.363175 0.000000
vt -12.900324 1.014800 0.000000
vt -12.900324 1.631369 0.000000
vt -12.900324 2.247937 0.000000
vt -12.900324 2.864506 0.000000
vt -12.900324 3.481074 0.000000
vt -12.900324 4.201599 0.000000
vt -12.900324 4.922125 0.000000
vt -12.900324 5.642650 0.000000
vt -12.900324 6.363175 0.000000
vt -12.900324 7.083701 0.000000
vt -12.900324 7.804226 0.000000
vt -12.900324 8.524751 0.000000
vt -12.900324 9.245277 0.000000
vt -14.146856 1.014800 0.000000
vt -16.639919 1.014800 0.000000
vt -14.770121 1.631369 0.000000
vt -15.393387 2.247937 0.000000
vt -16.016653 2.864506 0.000000
vt -16.639919 3.481074 0.000000
vt -17.263184 4.201599 0.000000
vt -17.886450 4.922125 0.000000
vt -18.509716 5.642650 0.000000
vt -19.132982 6.363175 0.000000
vt -17.263184 1.631369 0.000000
vt -17.886450 2.247937 0.000000
vt -18.509716 2.864506 0.000000
vt -19.132982 3.481074 0.000000
vt -7.914198 3.481074 0.000000
vt -7.914198 4.201599 0.000000
vt -7.914198 4.922125 0.000000
vt -7.914198 5.642650 0.000000
vt -7.914198 6.363175 0.000000
vt -7.914198 7.083701 0.000000
vt -7.914198 7.804226 0.000000
vt -7.914198 8.524751 0.000000
vt -7.914198 9.245277 0.000000
vt -7.914198 9.869473 0.000000
vt -14.146856 3.481074 0.000000
vt -14.770121 4.201599 0.000000
vt -15.393387 4.922125 0.000000
vt -16.016653 5.642650 0.000000
vt -16.639919 6.363175 0.000000
vt -17.263184 7.083701 0.000000
vt -17.886450 7.804226 0.000000
vt -18.509716 8.524751 0.000000
vt -19.132982 9.245277 0.000000
vt -14.146856 4.201599 0.000000
vt -14.146856 4.922125 0.000000
vt -14.146856 5.642650 0.000000
vt -14.146856 6.363175 0.000000
vt -14.146856 7.083701 0.000000
vt -14.146856 7.804226 0.000000
vt -14.146856 8.524751 0.000000
vt -14.146856 9.245277 0.000000
vt -14.146856 9.869473 0.000000
vt -14.770121 4.922125 0.000000
vt -15.393387 5.642650 0.000000
vt -16.016653 6.363175 0.000000
vt -16.639919 7.083701 0.000000
vt -17.263184 7.804226 0.000000
vt -17.886450 8.524751 0.000000
vt -18.509716 9.245277 0.000000
vt -19.132982 9.869473 0.000000
vt -14.770121 5.642650 0.000000
vt -14.770121 6.363175 0.000000
vt -14.770121 7.083701 0.000000
vt -14.770121 7.804226 0.000000
vt -14.770121 8.524751 0.000000
vt -14.770121 9.245277 0.000000
vt -14.770121 9.869473 0.000000
vt -15.393387 6.363175 0.000000
vt -16.016653 7.083701 0.000000
vt -16.639919 7.804226 0.000000
vt -17.263184 8.524751 0.000000
vt -17.886450 9.245277 0.000000
vt -18.509716 9.869473 0.000000
vt -15.393387 7.083701 0.000000
vt -15.393387 7.804226 0.000000
vt -15.393387 8.524751 0.000000
vt -15.393387 9.245277 0.000000
vt -15.393387 9.869473 0.000000
vt -16.016653 7.804226 0.000000
vt -16.639919 8.524751 0.000000
vt -17.263184 9.245277 0.000000
vt -17.886450 9.869473 0.000000
vt -16.016653 8.524751 0.000000
vt -16.016653 9.245277 0.000000
vt -16.016653 9.869473 0.000000
vt -12.277058 9.869473 0.000000
vt -16.639919 9.245277 0.000000
vt -17.263184 9.869473 0.000000
vt -16.639919 9.869473 0.000000
vn 0.000000 -0.999329 -0.036637
vn 0.000000 -0.999361 -0.035757
vn 0.000000 -0.999349 -0.036083
vn 0.000000 -0.999366 -0.035611
vn 0.000000 -0.999330 -0.036608
vn 0.000000 -0.999298 -0.037461
vn 0.000000 -0.999273 -0.038120
vn 0.000000 -0.999240 -0.038976
vn 0.000000 -0.999239 -0.039008
vn 0.000000 -0.999179 -0.040522
vn 0.000000 -0.999103 -0.042336
vn 0.000000 -0.999088 -0.042709
vn 0.000000 -0.999015 -0.044372
vn 0.000000 -0.998914 -0.046586
vn 0.000000 -0.998918 -0.046499
vn 0.000000 -0.998842 -0.048101
vn 0.000000 -0.998770 -0.049583
vn 0.000000 -0.998767 -0.049644
vn 0.000000 -0.998694 -0.051087
vn 0.000000 -0.998620 -0.052523
vn 0.000000 -0.998628 -0.052373
vn 0.000000 -0.998559 -0.053667
vn 0.000000 -0.998469 -0.055307
vn 0.000000 -0.998506 -0.054650
vn 0.000000 -0.998436 -0.055903
vn 0.000000 -0.998325 -0.057856
vn 0.000000 -0.998277 -0.058671
vn 0.000000 -0.998193 -0.060085
vn 0.000000 -0.998111 -0.061439
vn 0.000000 -0.998084 -0.061869
vn 0.000000 -0.997999 -0.063224
vn 0.000000 -0.999296 -0.037512
vn 0.000000 -0.999271 -0.038176
vn 0.000000 -0.999238 -0.039019
vn 0.000000 -0.999229 -0.039254
vn 0.000000 -0.999176 -0.040591
vn 0.000000 -0.999098 -0.042455
vn 0.000000 -0.999070 -0.043113
vn 0.000000 -0.999009 -0.044509
vn 0.000000 -0.998890 -0.047107
vn 0.000000 -0.998910 -0.046673
vn 0.000000 -0.998836 -0.048228
vn 0.000000 -0.998721 -0.050564
vn 0.000000 -0.998762 -0.049747
vn 0.000000 -0.998690 -0.051173
vn 0.000000 -0.998622 -0.052474
vn 0.000000 -0.998546 -0.053910
vn 0.000000 -0.998563 -0.053589
vn 0.000000 -0.998514 -0.054493
vn 0.000000 -0.998477 -0.055163
vn 0.000000 -0.998373 -0.057027
vn 0.000000 -0.998452 -0.055613
vn 0.000000 -0.998291 -0.058440
vn 0.000000 -0.998121 -0.061266
vn 0.000000 -0.998123 -0.061243
vn 0.000000 -0.998213 -0.059751
vn 0.000000 -0.997944 -0.064091
vn 0.000000 -0.998049 -0.062439
vn 0.000000 -0.999464 -0.032726
vn 0.000000 -0.999465 -0.032697
vn 0.000000 -0.999545 -0.030156
vn 0.000000 -0.999546 -0.030145
vn 0.000000 -0.999595 -0.028459
vn 0.000000 -0.999596 -0.028435
vn 0.000000 -0.999621 -0.027524
vn 0.000000 -0.999628 -0.027257
vn 0.000000 -0.999621 -0.027533
vn 0.000000 -0.997937 -0.064207
vn 0.000000 -0.999950 -0.010011
vn 0.000000 -0.999957 -0.009231
vn 0.000000 -0.999925 -0.012240
vn 0.000000 -0.999968 -0.007977
vn 0.000000 -0.999994 -0.003357
vn 0.000000 -0.999980 -0.006399
vn 0.000000 -0.999997 -0.002460
vn 0.000000 -0.999999 -0.001496
vn 0.000000 -1.000000 -0.000898
vn -0.000000 -1.000000 0.000366
vn -0.000000 -1.000000 0.000665
vn -0.000000 -0.999998 0.002227
vn -0.000000 -0.999998 0.002227
vn -0.000000 -0.999987 0.005082
vn -0.000000 -0.999998 0.002227
vn -0.000000 -0.999981 0.006210
vn -0.000000 -0.999999 0.001629
vn -0.000000 -1.000000 0.000848
vn 0.000000 -1.000000 -0.000531
vn 0.000000 -0.999996 -0.002952
vn 0.000000 -0.999998 -0.001911
vn 0.000000 -0.999967 -0.008074
vn 0.000000 -0.999961 -0.008885
vn 0.000000 -0.999959 -0.009045
vn 0.000000 -0.999950 -0.009957
vn 0.000000 -0.999942 -0.010791
vn 0.000000 -0.999914 -0.013137
vn 0.000000 -0.999934 -0.011517
vn 0.000000 -0.999926 -0.012132
vn 0.000000 -0.999921 -0.012560
vn 0.000000 -0.999918 -0.012803
vn 0.000000 -0.999917 -0.012877
vn 0.000000 -0.999918 -0.012821
vn 0.000000 -0.999894 -0.014556
vn 0.000000 -0.999889 -0.014913
vn 0.000000 -0.999861 -0.016682
vn 0.000000 -0.999863 -0.016540
vn 0.000000 -0.999838 -0.017993
vn 0.000000 -0.999825 -0.018732
vn 0.000000 -0.999815 -0.019243
vn 0.000000 -0.999794 -0.020284
vn 0.000000 -0.999792 -0.020392
vn 0.000000 -0.999776 -0.021157
vn 0.000000 -0.999780 -0.020955
vn 0.000000 -0.999771 -0.021392
vn 0.000000 -0.999920 -0.012646
vn 0.000000 -0.999924 -0.012340
vn 0.000000 -0.999929 -0.011908
vn 0.000000 -0.999935 -0.011367
vn 0.000000 -0.999942 -0.010732
vn -0.000000 -0.999998 0.002227
vn 0.000000 -0.999764 -0.021702
vn 0.000000 -0.999767 -0.021576
vn -0.000000 -0.999969 0.007937
vn -0.000000 -0.999942 0.010792
vn -0.000000 -0.999942 0.010792
vn -0.000000 -0.999577 0.029067
vn -0.000000 -0.999547 0.030091
vn -0.000000 -0.999591 0.028587
vn -0.000000 -0.999638 0.026888
vn -0.000000 -0.999603 0.028183
vn -0.000000 -0.999610 0.027912
vn -0.000000 -0.999616 0.027718
vn -0.000000 -0.999614 0.027778
vn -0.000000 -0.999670 0.025679
vn -0.000000 -0.999609 0.027975
vn -0.000000 -0.999550 0.029997
vn -0.000000 -0.999599 0.028332
vn -0.000000 -0.999583 0.028861
vn -0.000000 -0.999564 0.029533
vn -0.000000 -0.999540 0.030320
vn -0.000000 -0.999514 0.031182
vn -0.000000 -0.999485 0.032088
vn -0.000000 -0.999368 0.035560
vn -0.000000 -0.999265 0.038338
vn -0.000000 -0.999136 0.041570
vn -0.000000 -0.999177 0.040566
vn -0.000000 -0.999084 0.042794
vn -0.000000 -0.998986 0.045021
vn -0.000000 -0.998867 0.047579
vn -0.000000 -0.998986 0.045021
vn -0.000000 -0.998853 0.047877
vn -0.000000 -0.998986 0.045021
vn -0.000000 -0.998986 0.045021
vn -0.000000 -0.999561 0.029636
vn -0.000000 -0.999541 0.030285
vn -0.000000 -0.999520 0.030988
vn -0.000000 -0.999492 0.031885
vn -0.000000 -0.999478 0.032314
vn -0.000000 -0.999337 0.036399
vn -0.000000 -0.999419 0.034093
vn -0.000000 -0.999251 0.038685
vn -0.000000 -0.999167 0.040797
vn -0.000000 -0.999240 0.038974
vn -0.000000 -0.999268 0.038254
vn -0.000000 -0.999293 0.037584
vn -0.000000 -0.999163 0.040903
vn -0.000000 -0.999079 0.042909
vn -0.000000 -0.999063 0.043285
vn -0.000000 -0.999038 0.043864
vn -0.000000 -0.999012 0.044443
vn -0.000000 -0.998563 0.053586
vn -0.000000 -0.998712 0.050732
vn -0.000000 -0.998563 0.053586
vn -0.000000 -0.999617 0.027669
vn -0.000000 -0.999670 0.025693
vn -0.000000 -0.999675 0.025505
vn -0.000000 -0.999752 0.022279
vn -0.000000 -0.999787 0.020629
vn -0.000000 -0.999822 0.018865
vn -0.000000 -0.999881 0.015450
vn -0.000000 -0.999710 0.024078
vn -0.000000 -0.999707 0.024202
vn -0.000000 -0.999738 0.022872
vn -0.000000 -0.999740 0.022819
vn -0.000000 -0.999764 0.021712
vn -0.000000 -0.999765 0.021700
vn -0.000000 -0.999785 0.020745
vn -0.000000 -0.999791 0.020438
vn -0.000000 -0.999802 0.019918
vn -0.000000 -0.999809 0.019548
vn -0.000000 -0.999813 0.019337
vn -0.000000 -0.999819 0.019047
vn -0.000000 -0.999822 0.018893
vn -0.000000 -0.999819 0.019000
vn 0.000000 -0.998324 -0.057867
vn 0.000000 -0.998383 -0.056843
vn 0.000000 -0.998343 -0.057538
vn 0.000000 -0.998359 -0.057262
vn 0.000000 -0.998321 -0.057918
vn 0.000000 -0.998289 -0.058478
vn 0.000000 -0.998237 -0.059361
vn 0.000000 -0.998192 -0.060102
vn 0.000000 -0.998185 -0.060216
vn 0.000000 -0.998125 -0.061213
vn 0.000000 -0.998056 -0.062326
vn 0.000000 -0.998006 -0.063122
vn 0.000000 -0.997980 -0.063527
vn 0.000000 -0.997912 -0.064593
vn 0.000000 -0.997831 -0.065835
vn 0.000000 -0.997845 -0.065610
vn 0.000000 -0.997785 -0.066514
vn 0.000000 -0.997734 -0.067289
vn 0.000000 -0.997654 -0.068457
vn 0.000000 -0.997704 -0.067727
vn 0.000000 -0.997681 -0.068068
vn 0.000000 -0.997650 -0.068515
vn 0.000000 -0.997631 -0.068793
vn 0.000000 -0.997487 -0.070844
vn 0.000000 -0.997518 -0.070407
vn 0.000000 -0.997416 -0.071836
vn 0.000000 -0.997337 -0.072931
vn 0.000000 -0.997323 -0.073119
vn 0.000000 -0.997208 -0.074668
vn 0.000000 -0.997201 -0.074765
vn 0.000000 -0.997115 -0.075908
vn 0.000000 -0.997117 -0.075878
vn 0.000000 -0.997065 -0.076554
vn 0.000000 -0.997066 -0.076548
vn 0.000000 -0.997050 -0.076750
vn 0.000000 -0.998295 -0.058366
vn 0.000000 -0.998294 -0.058396
vn 0.000000 -0.998274 -0.058722
vn 0.000000 -0.998249 -0.059158
vn 0.000000 -0.998199 -0.059982
vn 0.000000 -0.998186 -0.060209
vn 0.000000 -0.998142 -0.060936
vn 0.000000 -0.998076 -0.062004
vn 0.000000 -0.998060 -0.062252
vn 0.000000 -0.998006 -0.063122
vn 0.000000 -0.997924 -0.064395
vn 0.000000 -0.997932 -0.064280
vn 0.000000 -0.997861 -0.065367
vn 0.000000 -0.997741 -0.067176
vn 0.000000 -0.997797 -0.066346
vn 0.000000 -0.997741 -0.067173
vn 0.000000 -0.997710 -0.067633
vn 0.000000 -0.997685 -0.067997
vn 0.000000 -0.997628 -0.068836
vn 0.000000 -0.997652 -0.068483
vn 0.000000 -0.997535 -0.070171
vn 0.000000 -0.997496 -0.070723
vn 0.000000 -0.997409 -0.071933
vn 0.000000 -0.997307 -0.073346
vn 0.000000 -0.997297 -0.073474
vn 0.000000 -0.997211 -0.074641
vn 0.000000 -0.997149 -0.075459
vn 0.000000 -0.997110 -0.075969
vn 0.000000 -0.997679 -0.068099
vn 0.000000 -0.997672 -0.068194
vn 0.000000 -0.997709 -0.067648
vn 0.000000 -0.997739 -0.067212
vn 0.000000 -0.997813 -0.066093
vn 0.000000 -0.997780 -0.066594
vn 0.000000 -0.997826 -0.065911
vn 0.000000 -0.997876 -0.065139
vn 0.000000 -0.997954 -0.063932
vn 0.000000 -0.997931 -0.064302
vn 0.000000 -0.997986 -0.063440
vn 0.000000 -0.998066 -0.062169
vn 0.000000 -0.998152 -0.060760
vn 0.000000 -0.998138 -0.060992
vn 0.000000 -0.998201 -0.059953
vn 0.000000 -0.998333 -0.057725
vn 0.000000 -0.998253 -0.059086
vn 0.000000 -0.998287 -0.058510
vn 0.000000 -0.998313 -0.058069
vn 0.000000 -0.998348 -0.057449
vn 0.000000 -0.998485 -0.055028
vn 0.000000 -0.998503 -0.054705
vn 0.000000 -0.998609 -0.052735
vn 0.000000 -0.998618 -0.052561
vn 0.000000 -0.998674 -0.051477
vn 0.000000 -0.998681 -0.051353
vn 0.000000 -0.998728 -0.050413
vn 0.000000 -0.998724 -0.050499
vn 0.000000 -0.998789 -0.049189
vn 0.000000 -0.998788 -0.049220
vn 0.000000 -0.998827 -0.048423
vn 0.000000 -0.994347 -0.106177
vn 0.000000 -0.995301 -0.096824
vn 0.000000 -0.995835 -0.091172
vn 0.000000 -1.000000 -0.000000
vn 0.000000 -0.999714 -0.023899
vn 0.000000 -0.999896 -0.014396
vn 0.000000 -0.999915 -0.013065
vn 0.000000 -0.999916 -0.012949
vn 0.000000 -0.999939 -0.011069
vn 0.000000 -0.999940 -0.010914
vn 0.000000 -0.999959 -0.009072
vn 0.000000 -0.999961 -0.008879
vn 0.000000 -0.999975 -0.007076
vn 0.000000 -0.999977 -0.006844
vn 0.000000 -0.999985 -0.005542
vn 0.000000 -1.000000 -0.000015
vn 0.000000 -0.999999 -0.001346
vn 0.000000 -0.999996 -0.002764
vn 0.000000 -0.999999 -0.001346
vn 0.000000 -0.999999 -0.001289
vn -0.000000 -0.999999 0.001605
vn -0.000000 -0.999998 0.001923
vn -0.000000 -0.999990 0.004556
vn -0.000000 -0.999984 0.005650
vn -0.000000 -0.999972 0.007508
vn -0.000000 -0.999955 0.009504
vn -0.000000 -0.999905 0.013757
vn -0.000000 -0.999905 0.013757
vn -0.000000 -0.999905 0.013757
vn -0.000000 -0.999902 0.014012
vn 0.000000 -0.999442 -0.033399
vn 0.000000 -0.999080 -0.042897
vn 0.000000 -0.999080 -0.042897
vn 0.000000 -0.999080 -0.042897
vn 0.000000 -0.999090 -0.042643
vn 0.000000 -0.998979 -0.045178
vn -0.000000 -0.999912 0.013237
vn -0.000000 -0.999950 0.010041
vn -0.000000 -0.999981 0.006234
vn -0.000000 -0.999982 0.005974
vn -0.000000 -0.999981 0.006234
vn -0.000000 -0.999972 0.007508
vn -0.000000 -0.999993 0.003659
vn -0.000000 -0.999999 0.001663
vn 0.000000 -1.000000 -0.000334
vn 0.000000 -0.999997 -0.002330
vn -0.000000 -0.980785 0.195090
vn -0.000000 -0.992502 0.122226
vn -0.000000 -0.991286 0.131726
vn -0.000000 -0.998422 0.056150
vn -0.000000 -0.998267 0.058847
vn -0.000000 -0.998122 0.061263
vn -0.000000 -0.998721 0.050554
vn -0.000000 -0.998579 0.053282
vn -0.000000 -0.999046 0.043676
vn -0.000000 -0.998959 0.045613
vn -0.000000 -0.998850 0.047936
vn -0.000000 -0.999219 0.039509
vn -0.000000 -0.999189 0.040266
vn -0.000000 -0.999139 0.041490
vn -0.000000 -0.999420 0.034041
vn -0.000000 -0.999420 0.034041
vn -0.000000 -0.999107 0.042258
vn -0.000000 -0.999189 0.040261
vn -0.000000 -0.999139 0.041476
vn -0.000000 -0.999100 0.042421
vn -0.000000 -0.999047 0.043647
vn -0.000000 -0.999044 0.043705
vn -0.000000 -0.998961 0.045571
vn -0.000000 -0.998851 0.047918
vn -0.000000 -0.998523 0.054324
vn -0.000000 -0.998723 0.050529
vn -0.000000 -0.998579 0.053282
vn -0.000000 -0.998430 0.056012
vn -0.000000 -0.998413 0.056321
vn -0.000000 -0.998298 0.058317
vn -0.000000 -0.999598 0.028341
vn -0.000000 -0.999669 0.025727
vn -0.000000 -0.999733 0.023113
vn -0.000000 -0.999790 0.020499
vn -0.000000 -0.999826 0.018662
vn 0.000000 -0.997842 -0.065661
vn 0.000000 -0.998106 -0.061516
vn 0.000000 -0.998407 -0.056427
vn 0.000000 -0.998690 -0.051172
vn 0.000000 -0.997595 -0.069314
vn 0.000000 -0.997595 -0.069314
vn 0.000000 -0.997337 -0.072931
vn 0.000000 -0.997111 -0.075960
vn 0.000000 -0.996631 -0.082016
vn 0.000000 -0.996876 -0.078989
vn 0.000000 -0.999642 -0.026751
vn 0.000000 -0.999484 -0.032134
vn 0.000000 -0.999596 -0.028415
vn 0.000000 -0.999446 -0.033290
vn 0.000000 -0.999296 -0.037516
vn 0.000000 -0.999254 -0.038614
vn 0.000000 -0.999182 -0.040439
vn 0.000000 -0.999123 -0.041869
vn 0.000000 -0.999882 -0.015339
vn 0.000000 -0.999882 -0.015351
vn 0.000000 -0.999896 -0.014396
vn 0.000000 -0.999853 -0.017174
vn 0.000000 -0.999837 -0.018052
vn 0.000000 -0.999776 -0.021168
vn 0.000000 -0.999785 -0.020752
vn 0.000000 -0.999725 -0.023453
vn 0.000000 -0.999654 -0.026317
vn 0.000000 -0.999714 -0.023897
vn 0.000000 -0.999702 -0.024400
vn 0.000000 -0.999694 -0.024754
vn 0.000000 -0.999683 -0.025189
vn 0.000000 -0.999661 -0.026046
vn 0.000000 -0.999634 -0.027044
vn 0.000000 -0.999604 -0.028123
vn 0.000000 -0.999572 -0.029240
vn 0.000000 -0.999539 -0.030345
vn 0.000000 -0.999453 -0.033059
vn 0.000000 -0.999506 -0.031421
vn 0.000000 -0.999475 -0.032411
vn 0.000000 -0.999446 -0.033276
vn 0.000000 -0.999423 -0.033964
vn 0.000000 -0.999413 -0.034272
vn 0.000000 -0.999407 -0.034422
vn 0.000000 -0.999401 -0.034617
vn 0.000000 -0.999399 -0.034666
vn 0.000000 -0.999396 -0.034737
vn 0.000000 -0.999896 -0.014396
vn 0.000000 -0.999875 -0.015803
vn 0.000000 -0.999861 -0.016646
vn 0.000000 -0.999838 -0.017990
vn 0.000000 -0.999852 -0.017203
vn 0.000000 -0.999852 -0.017203
vn 0.000000 -0.999953 -0.009645
vn 0.000000 -0.999951 -0.009940
vn 0.000000 -0.999822 -0.018874
vn 0.000000 -0.999802 -0.019894
vn 0.000000 -0.999745 -0.022576
vn 0.000000 -0.999757 -0.022050
vn 0.000000 -0.999702 -0.024406
vn 0.000000 -0.999609 -0.027948
vn 0.000000 -0.999638 -0.026899
vn 0.000000 -0.999566 -0.029442
vn 0.000000 -0.999484 -0.032121
vn 0.000000 -0.999542 -0.030246
vn 0.000000 -0.999561 -0.029645
vn 0.000000 -0.999541 -0.030296
vn 0.000000 -0.999514 -0.031166
vn 0.000000 -0.999396 -0.034737
vn 0.000000 -0.999439 -0.033504
vn 0.000000 -0.999484 -0.032133
vn 0.000000 -0.999379 -0.035224
vn 0.000000 -0.999309 -0.037181
vn 0.000000 -0.999306 -0.037258
vn 0.000000 -0.999227 -0.039309
vn 0.000000 -0.999217 -0.039569
vn 0.000000 -0.999165 -0.040866
vn 0.000000 -0.999105 -0.042293
vn 0.000000 -0.999117 -0.042008
vn 0.000000 -0.999089 -0.042686
vn -0.000000 -0.999998 0.001981
vn -0.000000 -0.999992 0.003978
vn -0.000000 -0.999879 0.015551
vn -0.000000 -0.999764 0.021715
vn -0.000000 -0.999784 0.020768
vn -0.000000 -0.999695 0.024709
vn -0.000000 -0.999611 0.027879
vn -0.000000 -0.999628 0.027282
vn -0.000000 -0.999463 0.032761
vn -0.000000 -0.999693 0.024774
vn -0.000000 -0.999729 0.023260
vn -0.000000 -0.999880 0.015505
vn -0.000000 -0.997942 0.064121
vn -0.000000 -0.998021 0.062889
vn -0.000000 -0.998179 0.060313
vn -0.000000 -0.998141 0.060951
vn -0.000000 -0.998280 0.058630
vn -0.000000 -0.999099 0.042440
vn -0.000000 -0.997997 0.063265
vn -0.000000 -0.997922 0.064437
vn -0.000000 -0.997865 0.065312
vn -0.000000 -0.997793 0.066399
vn -0.000000 -0.995253 0.097321
vn -0.000000 -0.994984 0.100032
vn -0.000000 -0.997749 0.067055
vn -0.000000 -0.997361 0.072602
vn -0.000000 -0.997160 0.075312
vn -0.000000 -0.996952 0.078021
vn -0.000000 -0.997800 0.066297
vn -0.000000 -0.997555 0.069891
vn -0.000000 -0.997555 0.069891
vn -0.000000 -0.997881 0.065071
vn -0.000000 -0.998759 0.049810
vn 0.000000 -0.991854 -0.127381
vn 0.000000 -0.980785 -0.195090
vn 0.000000 -0.992370 -0.123292
vn 0.000000 -0.995136 -0.098509
vn 0.000000 -0.992561 -0.121746
vn 0.000000 -0.992736 -0.120317
vn 0.000000 -0.992887 -0.119058
vn 0.000000 -0.993014 -0.117997
vn 0.000000 -0.993107 -0.117211
vn 0.000000 -0.993176 -0.116628
vn 0.000000 -0.993217 -0.116276
vn 0.000000 -0.993863 -0.110618
vn 0.000000 -0.993231 -0.116159
vn 0.000000 -0.993409 -0.114626
vn 0.000000 -0.993202 -0.116400
vn 0.000000 -0.993113 -0.117160
vn 0.000000 -0.993084 -0.117404
vn 0.000000 -0.992965 -0.118409
vn 0.000000 -0.992752 -0.120182
vn 0.000000 -0.992766 -0.120066
vn 0.000000 -0.992497 -0.122272
vn 0.000000 -0.992412 -0.122959
vn 0.000000 -0.992197 -0.124681
vn 0.000000 -0.992286 -0.123969
vn 0.000000 -0.992177 -0.124842
vn 0.000000 -0.991298 -0.131639
vn 0.000000 -0.990432 -0.138004
vn 0.000000 -0.990008 -0.141008
vn 0.000000 -0.989811 -0.142390
vn 0.000000 -0.989627 -0.143662
vn 0.000000 -0.989363 -0.145465
vn 0.000000 -0.989168 -0.146785
vn 0.000000 -0.989049 -0.147590
vn 0.000000 -0.989002 -0.147901
vn 0.000000 -0.989425 -0.145047
vn 0.000000 -0.989213 -0.146484
vn 0.000000 -0.989073 -0.147423
vn 0.000000 -0.988955 -0.148214
vn 0.000000 -0.989839 -0.142192
vn 0.000000 -0.989761 -0.142736
vn 0.000000 -0.989377 -0.145372
vn 0.000000 -0.990245 -0.139336
vn 0.000000 -0.990440 -0.137946
vn 0.000000 -0.990286 -0.139042
vn 0.000000 -0.990352 -0.138577
vn 0.000000 -0.990446 -0.137898
vn 0.000000 -0.990574 -0.136978
vn 0.000000 -0.990742 -0.135755
vn 0.000000 -0.991050 -0.133491
vn 0.000000 -0.990927 -0.134398
vn 0.000000 -0.991309 -0.131553
vn 0.000000 -0.991671 -0.128795
vn 0.000000 -0.991710 -0.128497
vn 0.000000 -0.991907 -0.126966
vn 0.000000 -0.991898 -0.127039
vn 0.000000 -0.992067 -0.125708
vn 0.000000 -0.992078 -0.125621
vn 0.000000 -0.992140 -0.125131
vn 0.000000 -0.992145 -0.125095
vn 0.000000 -0.992195 -0.124694
vn 0.000000 -0.992197 -0.124684
vn 0.000000 -0.992215 -0.124539
vn 0.000000 -0.992228 -0.124431
vn 0.000000 -0.992228 -0.124430
vn 0.000000 -0.992239 -0.124348
vn 0.000000 -0.988876 -0.148739
vn 0.000000 -0.988820 -0.149116
vn 0.000000 -0.988839 -0.148988
vn 0.000000 -0.980785 -0.195090
vn 0.000000 -0.988897 -0.148600
vn 0.000000 -0.988994 -0.147958
vn 0.000000 -0.989123 -0.147091
vn 0.000000 -0.989292 -0.145952
vn 0.000000 -0.989491 -0.144596
vn 0.000000 -0.989716 -0.143047
vn 0.000000 -0.989958 -0.141362
vn 0.000000 -0.990593 -0.136843
vn 0.000000 -0.991232 -0.132131
vn 0.000000 -0.992083 -0.125584
vn 0.000000 -0.993308 -0.115494
vn 0.000000 -0.992468 -0.122503
vn 0.000000 -0.992801 -0.119776
vn 0.000000 -0.993049 -0.117705
vn 0.000000 -0.993228 -0.116186
vn 0.000000 -0.993345 -0.115181
vn 0.000000 -0.992029 -0.126012
vn 0.000000 -0.991853 -0.127388
vn 0.000000 -0.991549 -0.129730
vn 0.000000 -0.991655 -0.128922
vn 0.000000 -0.991441 -0.130554
vn 0.000000 -0.991221 -0.132218
vn 0.000000 -0.990628 -0.136587
vn 0.000000 -0.990776 -0.135507
vn 0.000000 -0.990562 -0.137066
vn 0.000000 -0.990398 -0.138247
vn 0.000000 -0.990369 -0.138454
vn 0.000000 -0.990291 -0.139011
vn 0.000000 -0.990250 -0.139304
vn 0.000000 -0.990198 -0.139669
vn 0.000000 -0.990155 -0.139977
vn 0.000000 -0.990143 -0.140060
vn 0.000000 -0.990103 -0.140340
vn 0.000000 -0.990094 -0.140408
vn 0.000000 -0.990081 -0.140501
vn 0.000000 -0.990073 -0.140551
vn 0.000000 -0.995715 -0.092472
vn 0.000000 -0.998679 -0.051375
vn 0.000000 -0.995991 -0.089453
vn 0.000000 -0.997633 -0.068764
vn 0.000000 -0.995430 -0.095491
vn 0.000000 -0.998763 -0.049724
vn 0.000000 -1.000000 -0.000000
vn 0.000000 -0.998880 -0.047324
vn 0.000000 -0.998944 -0.045936
vn 0.000000 -0.999014 -0.044389
vn 0.000000 -0.999162 -0.040929
vn 0.000000 -0.999313 -0.037052
vn 0.000000 -0.999460 -0.032856
vn 0.000000 -0.999618 -0.027639
vn 0.000000 -0.999749 -0.022421
vn 0.000000 -0.999963 -0.008551
vn 0.000000 -0.993664 -0.112389
vn 0.000000 -0.994011 -0.109284
vn 0.000000 -0.994736 -0.102473
vn 0.000000 -0.996337 -0.085518
vn 0.000000 -0.998836 -0.048228
vn 0.000000 -0.998718 -0.050622
vn 0.000000 -0.998713 -0.050709
vn 0.000000 -0.998706 -0.050854
vn 0.000000 -0.998629 -0.052347
vn 0.000000 -0.998543 -0.053955
vn 0.000000 -0.998374 -0.057009
vn 0.000000 -0.998460 -0.055481
vn 0.000000 -0.998381 -0.056887
vn 0.000000 -0.998315 -0.058033
vn 0.000000 -0.998258 -0.058991
vn 0.000000 -0.998214 -0.059732
vn 0.000000 -0.998183 -0.060258
vn 0.000000 -0.998003 -0.063163
vn 0.000000 -0.998008 -0.063094
vn 0.000000 -0.997824 -0.065929
vn 0.000000 -0.998840 -0.048159
vn 0.000000 -0.998949 -0.045841
vn 0.000000 -0.998951 -0.045788
vn 0.000000 -0.999047 -0.043657
vn 0.000000 -0.999047 -0.043648
vn 0.000000 -0.999125 -0.041826
vn 0.000000 -0.999127 -0.041783
vn 0.000000 -0.999163 -0.040914
vn 0.000000 -0.999163 -0.040897
vn 0.000000 -0.999193 -0.040167
vn 0.000000 -0.999233 -0.039150
vn 0.000000 -0.999234 -0.039145
vn 0.000000 -0.999193 -0.040173
vn 0.000000 -0.999254 -0.038622
vn 0.000000 -0.999260 -0.038470
vn 0.000000 -0.998706 -0.050854
vn 0.000000 -0.998575 -0.053373
vn 0.000000 -0.998534 -0.054124
vn 0.000000 -0.998430 -0.056019
vn 0.000000 -0.998352 -0.057394
vn 0.000000 -0.998291 -0.058433
vn 0.000000 -0.998158 -0.060663
vn 0.000000 -0.998158 -0.060663
vn 0.000000 -0.999474 -0.032422
vn 0.000000 -0.999445 -0.033319
vn 0.000000 -0.999423 -0.033976
vn 0.000000 -0.999356 -0.035874
vn 0.000000 -0.999309 -0.037173
vn 0.000000 -0.999274 -0.038091
vn 0.000000 -0.999177 -0.040553
vn 0.000000 -0.999163 -0.040900
vn 0.000000 -0.999077 -0.042953
vn 0.000000 -0.999027 -0.044112
vn 0.000000 -0.998965 -0.045488
vn 0.000000 -0.998960 -0.045587
vn 0.000000 -0.998899 -0.046919
vn 0.000000 -0.998829 -0.048388
vn 0.000000 -0.998713 -0.050709
vn 0.000000 -0.998768 -0.049629
vn 0.000000 -0.998675 -0.051461
vn 0.000000 -0.998622 -0.052481
vn 0.000000 -0.998607 -0.052763
vn 0.000000 -0.998364 -0.057179
vn 0.000000 -0.998623 -0.052468
vn 0.000000 -0.998183 -0.060257
vn 0.000000 -0.998010 -0.063050
vn 0.000000 -0.997879 -0.065103
vn 0.000000 -0.997769 -0.066754
vn 0.000000 -0.997687 -0.067976
vn 0.000000 -0.999992 -0.004095
vn 0.000000 -0.999985 -0.005542
vn 0.000000 -0.999985 -0.005565
vn 0.000000 -0.999977 -0.006806
vn 0.000000 -0.999964 -0.008493
vn 0.000000 -0.999963 -0.008638
vn 0.000000 -0.999953 -0.009658
vn 0.000000 -0.999935 -0.011445
vn -0.000000 -0.999699 0.024533
vn -0.000000 -0.999672 0.025621
vn -0.000000 -0.999630 0.027212
vn -0.000000 -0.999672 0.025621
vn -0.000000 -0.999557 0.029755
vn -0.000000 -0.999480 0.032249
vn -0.000000 -0.999401 0.034604
vn -0.000000 -0.999324 0.036761
vn -0.000000 -0.999286 0.037780
vn -0.000000 -0.999252 0.038664
vn -0.000000 -0.999199 0.040008
vn -0.000000 -0.999165 0.040851
vn -0.000000 -0.999147 0.041303
vn -0.000000 -0.999146 0.041315
vn -0.000000 -0.999760 0.021917
vn -0.000000 -0.999795 0.020249
vn -0.000000 -0.999810 0.019473
vn -0.000000 -0.999850 0.017345
vn -0.000000 -0.999889 0.014877
vn -0.000000 -0.999875 0.015788
vn -0.000000 -0.999893 0.014646
vn -0.000000 -0.999902 0.013969
vn -0.000000 -0.999891 0.014785
vn -0.000000 -0.999869 0.016215
vn -0.000000 -0.999817 0.019140
vn -0.000000 -0.999837 0.018040
vn -0.000000 -0.999727 0.023364
vn -0.000000 -0.999699 0.024522
vn -0.000000 -0.999601 0.028239
vn -0.000000 -0.999553 0.029903
vn -0.000000 -0.999220 0.039480
vn -0.000000 -0.999255 0.038603
vn -0.000000 -0.999370 0.035489
vn -0.000000 -0.999355 0.035902
vn -0.000000 -0.999449 0.033202
vn -0.000000 -0.999540 0.030337
vn -0.000000 -0.999463 0.032757
vn -0.000000 -0.999480 0.032254
vn -0.000000 -0.999491 0.031900
vn -0.000000 -0.999505 0.031466
vn -0.000000 -0.999531 0.030608
vn -0.000000 -0.999562 0.029610
vn -0.000000 -0.999593 0.028531
vn -0.000000 -0.999624 0.027415
vn -0.000000 -0.999654 0.026310
vn -0.000000 -0.999722 0.023595
vn -0.000000 -0.999682 0.025234
vn -0.000000 -0.999706 0.024243
vn -0.000000 -0.999727 0.023378
vn -0.000000 -0.999743 0.022691
vn -0.000000 -0.999749 0.022382
vn -0.000000 -0.999753 0.022232
vn -0.000000 -0.999757 0.022037
vn -0.000000 -0.999758 0.021988
vn -0.000000 -0.999760 0.021917
vn -0.000000 -0.998858 0.047775
vn -0.000000 -0.998953 0.045740
vn -0.000000 -0.996388 0.084920
vn -0.000000 -0.996664 0.081609
vn -0.000000 -0.997071 0.076488
vn -0.000000 -0.996910 0.078555
vn -0.000000 -0.997002 0.077372
vn -0.000000 -0.997237 0.074289
vn -0.000000 -0.980785 0.195090
vn -0.000000 -0.992962 0.118434
vn -0.000000 -0.992667 0.120879
vn -0.000000 -0.992345 0.123494
vn -0.000000 -0.992009 0.126169
vn -0.000000 -0.991682 0.128711
vn -0.000000 -0.991356 0.131203
vn -0.000000 -0.991041 0.133559
vn -0.000000 -0.990748 0.135717
vn -0.000000 -0.990608 0.136734
vn -0.000000 -0.990486 0.137617
vn -0.000000 -0.990298 0.138962
vn -0.000000 -0.990179 0.139807
vn -0.000000 -0.990115 0.140260
vn -0.000000 -0.989979 0.141215
vn -0.000000 -0.990113 0.140271
vn -0.000000 -0.997398 0.072090
vn -0.000000 -0.996952 0.078021
vn -0.000000 -0.996554 0.082947
vn -0.000000 -0.996074 0.088525
vn -0.000000 -0.995253 0.097321
vn -0.000000 -0.996074 0.088525
vn -0.000000 -0.994984 0.100032
vn -0.000000 -0.993526 0.113604
vn -0.000000 -0.994708 0.102742
vn -0.000000 -0.993603 0.112926
vn -0.000000 -0.994424 0.105452
vn -0.000000 -0.993627 0.112714
vn -0.000000 -0.993627 0.112714
vn -0.000000 -0.993599 0.112968
vn -0.000000 -0.993510 0.113741
vn -0.000000 -0.993214 0.116302
vn -0.000000 -0.993395 0.114746
vn -0.000000 -0.994708 0.102742
vn -0.000000 -0.994424 0.105452
vn -0.000000 -0.993627 0.112714
vn -0.000000 -0.992462 0.122552
vn -0.000000 -0.992123 0.125268
vn -0.000000 -0.991606 0.129294
vn -0.000000 -0.991983 0.126371
vn -0.000000 -0.991840 0.127486
vn -0.000000 -0.992611 0.121339
vn -0.000000 -0.992573 0.121648
vn -0.000000 -0.992489 0.122335
vn -0.000000 -0.992382 0.123202
vn -0.000000 -0.992629 0.121189
vn -0.000000 -0.992653 0.120994
vn -0.000000 -0.992659 0.120945
vn -0.000000 -0.992668 0.120874
vn -0.000000 -0.992258 0.124192
vn -0.000000 -0.991701 0.128565
vn -0.000000 -0.991571 0.129563
vn -0.000000 -0.991459 0.130422
vn -0.000000 -0.991401 0.130855
vn -0.000000 -0.991355 0.131210
vn -0.000000 -0.991288 0.131713
vn -0.000000 -0.991229 0.132158
vn -0.000000 -0.990921 0.134449
vn -0.000000 -0.990865 0.134860
vn -0.000000 -0.990493 0.137560
vn -0.000000 -0.990371 0.138437
vn -0.000000 -0.993346 0.115172
vn -0.000000 -0.993002 0.118100
vn -0.000000 -0.993132 0.116997
vn -0.000000 -0.992491 0.122321
vn -0.000000 -0.992347 0.123481
vn -0.000000 -0.991878 0.127196
vn -0.000000 -0.991663 0.128860
vn -0.000000 -0.923880 0.382683
vn -0.000000 -0.923880 0.382683
vn -0.000000 -0.831470 0.555570
vn -0.000000 -0.831470 0.555570
vn -0.000000 -0.707107 0.707107
vn -0.000000 -0.707107 0.707107
vn -0.000000 -0.555570 0.831470
vn -0.000000 -0.555570 0.831470
vn -0.000000 -0.382683 0.923880
vn -0.000000 -0.382683 0.923880
vn -0.000000 -0.195090 0.980785
vn -0.000000 -0.195090 0.980785
vn -0.000000 -0.000000 1.000000
vn -0.000000 0.000000 1.000000
vn -0.000000 0.195090 0.980785
vn -0.000000 0.195090 0.980785
vn -0.000000 0.382683 0.923880
vn -0.000000 0.382683 0.923880
vn -0.000000 0.555570 0.831470
vn -0.000000 0.555570 0.831470
vn -0.000000 0.707107 0.707107
vn -0.000000 0.707107 0.707107
vn -0.000000 0.831470 0.555570
vn -0.000000 0.831470 0.555570
vn -0.000000 0.923880 0.382683
vn -0.000000 0.923880 0.382683
vn -0.000000 0.980785 0.195090
vn -0.000000 0.980785 0.195090
vn -0.000000 1.000000 0.000000
vn -0.000000 1.000000 -0.000000
vn -0.000000 0.980785 -0.195090
vn -0.000000 0.980785 -0.195090
vn -0.000000 0.923880 -0.382683
vn -0.000000 0.923880 -0.382683
vn -0.000000 0.831470 -0.555570
vn -0.000000 0.831470 -0.555570
vn -0.000000 0.707107 -0.707107
vn -0.000000 0.707107 -0.707107
vn -0.000000 0.555570 -0.831470
vn -0.000000 0.555570 -0.831470
vn -0.000000 0.382683 -0.923880
vn -0.000000 0.382683 -0.923880
vn -0.000000 0.195090 -0.980785
vn -0.000000 0.195090 -0.980785
vn -0.000000 0.000000 -1.000000
vn -0.000000 0.000000 -1.000000
vn 0.000000 -0.195090 -0.980785
vn 0.000000 -0.195090 -0.980785
vn 0.000000 -0.382683 -0.923880
vn 0.000000 -0.382683 -0.923880
vn 0.000000 -0.555570 -0.831470
vn 0.000000 -0.555570 -0.831470
vn 0.000000 -0.707107 -0.707107
vn 0.000000 -0.707107 -0.707107
vn 0.000000 -0.831470 -0.555570
vn 0.000000 -0.831470 -0.555570
vn 0.000000 -0.923880 -0.382683
vn 0.000000 -0.923880 -0.382683
vn -0.000000 -0.999792 0.020403
vn -0.000000 -0.999885 0.015185
vn -0.000000 -0.999950 0.009967
vn -0.000000 -0.999983 0.005771
vn -0.000000 -0.999998 0.001894
vn 0.000000 -0.999999 -0.001566
vn 0.000000 -0.999995 -0.003113
vn 0.000000 -0.999990 -0.004500
vn 0.000000 -0.999976 -0.006901
vn -0.000000 -0.998416 0.056265
vn -0.000000 -0.998436 0.055915
vn -0.000000 -0.998468 0.055326
vn -0.000000 -0.998504 0.054682
vn -0.000000 -0.998541 0.053992
vn -0.000000 -0.998579 0.053282
vn -0.000000 -0.998617 0.052573
vn -0.000000 -0.998653 0.051889
vn -0.000000 -0.998686 0.051246
vn -0.000000 -0.998716 0.050664
vn -0.000000 -0.998735 0.050292
vn -0.000000 -0.998751 0.049973
vn -0.000000 -0.998776 0.049464
vn -0.000000 -0.998810 0.048768
vn -0.000000 -0.998840 0.048153
vn -0.000000 -0.998847 0.048016
vn -0.000000 -0.998838 0.048199
vn -0.000000 -0.998806 0.048855
vn -0.000000 -0.998774 0.049506
vn -0.000000 -0.998749 0.049995
vn -0.000000 -0.998734 0.050299
vn -0.000000 -0.998717 0.050649
vn -0.000000 -0.998686 0.051238
vn -0.000000 -0.998653 0.051883
vn -0.000000 -0.998617 0.052573
vn -0.000000 -0.998579 0.053282
vn -0.000000 -0.998541 0.053990
vn -0.000000 -0.998504 0.054673
vn -0.000000 -0.998469 0.055317
vn -0.000000 -0.998436 0.055901
vn -0.000000 -0.998415 0.056273
vn -0.000000 -0.998397 0.056593
vn -0.000000 -0.998368 0.057101
vn -0.000000 -0.998328 0.057796
vn -0.000000 -0.998293 0.058411
vn -0.000000 -0.998285 0.058548
vn -0.000000 -0.998333 0.057709
vn -0.000000 -0.998371 0.057059
vn -0.000000 -0.998399 0.056569
vn 0.000000 -0.995394 -0.095868
vn 0.000000 -0.995015 -0.099724
vn 0.000000 -0.995758 -0.092010
vn 0.000000 -0.996107 -0.088151
vn 0.000000 -0.995584 -0.093880
vn 0.000000 -0.999303 -0.037341
vn 0.000000 -0.999483 -0.032162
vn 0.000000 -0.999549 -0.030031
vn 0.000000 -0.999611 -0.027899
vn 0.000000 -0.999668 -0.025767
vn 0.000000 -0.999668 -0.025767
vn 0.000000 -0.999634 -0.027050
vn 0.000000 -0.999599 -0.028333
vn 0.000000 -0.999561 -0.029616
vn 0.000000 -0.999328 -0.036647
vn 0.000000 -0.999248 -0.038771
vn 0.000000 -0.999210 -0.039740
vn 0.000000 -0.999175 -0.040611
vn 0.000000 -0.999142 -0.041414
vn 0.000000 -0.999114 -0.042077
vn 0.000000 -0.999073 -0.043041
vn 0.000000 -0.999043 -0.043731
vn 0.000000 -0.999036 -0.043909
vn 0.000000 -0.999043 -0.043731
vn 0.000000 -0.999073 -0.043041
vn 0.000000 -0.999110 -0.042179
vn 0.000000 -0.999135 -0.041574
vn 0.000000 -0.999167 -0.040799
vn 0.000000 -0.999199 -0.040027
vn 0.000000 -0.999232 -0.039182
vn -0.000000 -0.999993 0.003641
vn -0.000000 -0.999985 0.005482
vn -0.000000 -0.999943 0.010661
vn -0.000000 -0.999918 0.012793
vn -0.000000 -0.999889 0.014925
vn -0.000000 -0.999855 0.017056
vn -0.000000 -0.999855 0.017056
vn -0.000000 -0.999876 0.015773
vn -0.000000 -0.999895 0.014490
vn -0.000000 -0.999913 0.013208
vn -0.000000 -0.999981 0.006177
vn -0.000000 -0.999992 0.004053
vn -0.000000 -0.999995 0.003083
vn -0.000000 -0.999998 0.002212
vn -0.000000 -0.999999 0.001409
vn -0.000000 -1.000000 0.000746
vn 0.000000 -1.000000 -0.000218
vn 0.000000 -1.000000 -0.000907
vn 0.000000 -0.999999 -0.001086
vn 0.000000 -1.000000 -0.000907
vn 0.000000 -1.000000 -0.000218
vn -0.000000 -1.000000 0.000644
vn -0.000000 -0.999999 0.001249
vn -0.000000 -0.999998 0.002024
vn -0.000000 -0.999996 0.002796
vn -0.000000 -0.000000 -1.000000
vn -0.000000 -0.000000 -1.000000
vn -0.000000 -0.000000 -1.000000
vn -0.000000 -0.000000 -1.000000
vn -0.000000 -0.000000 -1.000000
vn -0.000000 -0.000000 -1.000000
vn -0.000000 -0.000000 -1.000000
vn -0.000000 -0.000000 -1.000000
vn -0.000000 -0.000000 -1.000000
vn -0.000000 -0.000000 -1.000000
vn -0.000000 -0.000000 -1.000000
vn -0.000000 -0.000000 -1.000000
vn -0.000000 -0.000000 -1.000000
vn -0.000000 -0.000000 -1.000000
vn -0.000000 -0.000000 -1.000000
vn -0.000000 -0.000000 -1.000000
vn -0.000000 -0.000000 -1.000000
vn -0.000000 -0.000000 -1.000000
vn -0.000000 -0.000000 -1.000000
vn -0.000000 -0.000000 -1.000000
vn -0.000000 -0.000000 -1.000000
vn -0.000000 -0.000000 -1.000000
vn -0.000000 -0.000000 -1.000000
vn -0.000000 -0.000000 -1.000000
vn -0.000000 -0.000000 -1.000000
vn -0.000000 -0.000000 -1.000000
vn -0.000000 -0.000000 -1.000000
vn -0.000000 -0.000000 -1.000000
vn -0.000000 -0.000000 -1.000000
vn -0.000000 -0.000000 -1.000000
vn -0.000000 -0.000000 -1.000000
vn -0.000000 -0.000000 -1.000000
vn -0.000000 -0.000000 -1.000000
vn -0.000000 -0.000000 -1.000000
vn -0.000000 -0.000000 -1.000000
vn -0.000000 -0.000000 -1.000000
vn -0.000000 -0.000000 -1.000000
vn -0.000000 -0.000000 -1.000000
vn -0.000000 -0.000000 -1.000000
vn -0.000000 -0.000000 -1.000000
vn -0.000000 -0.000000 -1.000000
vn -0.000000 -0.000000 -1.000000
vn -0.000000 -0.000000 -1.000000
vn -0.000000 -0.000000 -1.000000
vn -0.000000 -0.000000 -1.000000
vn -0.000000 -0.000000 -1.000000
vn -0.000000 -0.000000 -1.000000
vn -0.000000 -0.000000 -1.000000
vn -0.000000 -0.000000 -1.000000
vn -0.000000 -0.000000 -1.000000
vn -0.000000 -0.000000 -1.000000
vn -0.000000 -0.000000 -1.000000
vn -0.000000 -0.000000 -1.000000
vn -0.000000 -0.000000 -1.000000
vn -0.000000 -0.000000 -1.000000
vn -0.000000 -0.000000 -1.000000
vn -0.000000 -0.000000 -1.000000
vn -0.000000 -0.000000 -1.000000
vn -0.000000 -0.000000 -1.000000
vn -0.000000 -0.000000 -1.000000
vn -0.000000 -0.000000 -1.000000
vn -0.000000 -0.000000 -1.000000
vn -0.000000 -0.000000 -1.000000
vn -0.000000 -0.000000 -1.000000
vn 1.000000 0.000000 0.000000
vn 1.000000 0.000000 0.000000
vn 1.000000 0.000000 0.000000
vn 1.000000 0.000000 0.000000
vn 1.000000 0.000000 0.000000
vn 1.000000 0.000000 0.000000
vn 1.000000 0.000000 0.000000
vn 1.000000 0.000000 0.000000
vn 1.000000 0.000000 0.000000
vn 1.000000 0.000000 0.000000
vn 1.000000 0.000000 0.000000
vn 1.000000 0.000000 0.000000
vn 1.000000 0.000000 0.000000
vn 1.000000 0.000000 0.000000
vn 1.000000 0.000000 0.000000
vn 1.000000 0.000000 0.000000
vn 1.000000 0.000000 0.000000
vn 1.000000 0.000000 0.000000
vn 1.000000 0.000000 0.000000
vn 1.000000 0.000000 0.000000
vn 1.000000 0.000000 0.000000
vn 1.000000 0.000000 0.000000
vn 1.000000 0.000000 0.000000
vn 1.000000 0.000000 0.000000
vn 1.000000 0.000000 0.000000
vn 1.000000 0.000000 0.000000
vn 1.000000 0.000000 0.000000
vn 1.000000 0.000000 0.000000
vn 1.000000 0.000000 0.000000
vn 1.000000 0.000000 0.000000
vn 1.000000 0.000000 0.000000
vn 1.000000 0.000000 0.000000
vn 1.000000 0.000000 0.000000
vn 1.000000 0.000000 0.000000
vn 1.000000 0.000000 0.000000
vn 1.000000 0.000000 0.000000
vn 1.000000 0.000000 0.000000
vn 1.000000 0.000000 0.000000
vn 1.000000 0.000000 0.000000
vn 1.000000 0.000000 0.000000
vn 1.000000 0.000000 0.000000
vn 1.000000 0.000000 0.000000
vn 1.000000 0.000000 0.000000
vn 1.000000 0.000000 0.000000
vn 1.000000 0.000000 0.000000
vn 1.000000 0.000000 0.000000
vn 1.000000 0.000000 0.000000
vn 1.000000 0.000000 0.000000
vn 1.000000 0.000000 0.000000
vn 1.000000 0.000000 0.000000
vn 1.000000 0.000000 0.000000
vn 1.000000 0.000000 0.000000
vn 1.000000 0.000000 0.000000
vn 1.000000 0.000000 0.000000
vn 1.000000 0.000000 0.000000
vn 1.000000 0.000000 0.000000
vn 1.000000 0.000000 0.000000
vn 1.000000 0.000000 0.000000
vn 1.000000 0.000000 0.000000
vn 1.000000 0.000000 0.000000
vn 1.000000 0.000000 0.000000
vn 1.000000 0.000000 0.000000
vn 1.000000 0.000000 0.000000
vn 1.000000 0.000000 0.000000
vn -0.974697 0.219234 0.043608
vn -0.900594 0.426308 0.084798
vn -0.974697 0.223529 0.000000
vn -0.900594 0.434660 0.000000
vn -0.974697 0.219234 -0.043608
vn -0.900594 0.426308 -0.084798
vn -0.974697 0.206514 -0.085541
vn -0.900594 0.401574 -0.166337
vn -0.974697 0.185858 -0.124186
vn -0.900594 0.361407 -0.241484
vn -0.974697 0.158059 -0.158059
vn -0.900594 0.307351 -0.307351
vn -0.974697 0.124186 -0.185858
vn -0.900594 0.241484 -0.361407
vn -0.974697 0.085541 -0.206514
vn -0.900594 0.166337 -0.401574
vn -0.974697 0.043608 -0.219234
vn -0.900594 0.084798 -0.426308
vn -0.974697 0.000000 -0.223529
vn -0.900594 0.000000 -0.434660
vn -0.974697 -0.043608 -0.219234
vn -0.900594 -0.084798 -0.426308
vn -0.974697 -0.085541 -0.206514
vn -0.900594 -0.166337 -0.401574
vn -0.974697 -0.124186 -0.185858
vn -0.900594 -0.241484 -0.361407
vn -0.974697 -0.158059 -0.158059
vn -0.900594 -0.307351 -0.307351
vn -0.974697 -0.185858 -0.124186
vn -0.900594 -0.361407 -0.241484
vn -0.974697 -0.206514 -0.085541
vn -0.900594 -0.401574 -0.166337
vn -0.974697 -0.219234 -0.043608
vn -0.900594 -0.426308 -0.084798
vn -0.974697 -0.223529 -0.000000
vn -0.900594 -0.434660 -0.000000
vn -0.974697 -0.219234 0.043608
vn -0.900594 -0.426308 0.084798
vn -0.974697 -0.206514 0.085541
vn -0.900594 -0.401574 0.166337
vn -0.974697 -0.185858 0.124186
vn -0.900594 -0.361407 0.241484
vn -0.974697 -0.158059 0.158059
vn -0.900594 -0.307351 0.307351
vn -0.974697 -0.124186 0.185858
vn -0.900594 -0.241484 0.361407
vn -0.974697 -0.085541 0.206514
vn -0.900594 -0.166337 0.401574
vn -0.974697 -0.043608 0.219234
vn -0.900594 -0.084798 0.426308
vn -0.974697 -0.000000 0.223529
vn -0.900594 -0.000000 0.434660
vn -0.974697 0.043608 0.219234
vn -0.900594 0.084798 0.426308
vn -0.974697 0.085541 0.206514
vn -0.900594 0.166337 0.401574
vn -0.974697 0.124186 0.185858
vn -0.900594 0.241484 0.361407
vn -0.974697 0.158059 0.158059
vn -0.900594 0.307351 0.307351
vn -0.974697 0.185858 0.124186
vn -0.900594 0.361407 0.241484
vn -0.974697 0.206514 0.085541
vn -0.900594 0.401574 0.166337
vn -0.222353 0.956233 -0.190206
vn -0.222353 0.974966 0.000000
vn -0.222353 0.956233 0.190206
vn -0.222353 0.900751 0.373103
vn -0.222353 0.810655 0.541662
vn -0.222353 0.689405 0.689405
vn -0.222353 0.541662 0.810655
vn -0.222353 0.373103 0.900751
vn -0.222353 0.190206 0.956233
vn -0.222353 -0.000000 0.974966
vn -0.222353 -0.190206 0.956233
vn -0.222353 -0.373103 0.900751
vn -0.222353 -0.541662 0.810655
vn -0.222353 -0.689405 0.689405
vn -0.222353 -0.810655 0.541662
vn -0.222353 -0.900751 0.373103
vn -0.222353 -0.956233 0.190206
vn -0.222353 -0.974966 -0.000000
vn -0.222353 -0.956233 -0.190206
vn -0.222353 -0.900751 -0.373103
vn -0.222353 -0.810655 -0.541662
vn -0.222353 -0.689405 -0.689405
vn -0.222353 -0.541662 -0.810655
vn -0.222353 -0.373103 -0.900751
vn -0.222353 -0.190206 -0.956233
vn -0.222353 0.000000 -0.974966
vn -0.222353 0.190206 -0.956233
vn -0.222353 0.373103 -0.900751
vn -0.222353 0.541662 -0.810655
vn -0.222353 0.689405 -0.689405
vn -0.222353 0.810655 -0.541662
vn -0.222353 0.900751 -0.373103
vn -0.781401 0.624029 0.000000
vn -0.781401 0.612038 -0.121742
vn -0.781401 0.576528 -0.238806
vn -0.781401 0.518861 -0.346692
vn -0.781401 0.441255 -0.441255
vn -0.781401 0.346692 -0.518861
vn -0.781401 0.238806 -0.576528
vn -0.781401 0.121742 -0.612038
vn -0.781401 0.000000 -0.624029
vn -0.781401 -0.121742 -0.612038
vn -0.781401 -0.238806 -0.576528
vn -0.781401 -0.346692 -0.518861
vn -0.781401 -0.441255 -0.441255
vn -0.781401 -0.518861 -0.346692
vn -0.781401 -0.576528 -0.238806
vn -0.781401 -0.612038 -0.121742
vn -0.781401 -0.624029 -0.000000
vn -0.781401 -0.612038 0.121742
vn -0.781401 -0.576528 0.238806
vn -0.781401 -0.518861 0.346692
vn -0.781401 -0.441255 0.441255
vn -0.781401 -0.346692 0.518861
vn -0.781401 -0.238806 0.576528
vn -0.781401 -0.121742 0.612038
vn -0.781401 -0.000000 0.624029
vn -0.781401 0.121742 0.612038
vn -0.781401 0.238806 0.576528
vn -0.781401 0.346692 0.518861
vn -0.781401 0.441255 0.441255
vn -0.781401 0.518861 0.346692
vn -0.781401 0.576528 0.238806
vn -0.781401 0.612038 0.121742
vn -0.623085 0.782154 0.000000
vn -0.623085 0.767125 -0.152591
vn -0.623085 0.722616 -0.299317
vn -0.623085 0.650337 -0.434541
vn -0.623085 0.553066 -0.553066
vn -0.623085 0.434541 -0.650337
vn -0.623085 0.299317 -0.722616
vn -0.623085 0.152591 -0.767125
vn -0.623085 0.000000 -0.782154
vn -0.623085 -0.152591 -0.767125
vn -0.623085 -0.299317 -0.722616
vn -0.623085 -0.434541 -0.650337
vn -0.623085 -0.553066 -0.553066
vn -0.623085 -0.650337 -0.434541
vn -0.623085 -0.722616 -0.299317
vn -0.623085 -0.767125 -0.152591
vn -0.623085 -0.782154 -0.000000
vn -0.623085 -0.767125 0.152591
vn -0.623085 -0.722616 0.299317
vn -0.623085 -0.650337 0.434541
vn -0.623085 -0.553066 0.553066
vn -0.623085 -0.434541 0.650337
vn -0.623085 -0.299317 0.722616
vn -0.623085 -0.152591 0.767125
vn -0.623085 -0.000000 0.782154
vn -0.623085 0.152591 0.767125
vn -0.623085 0.299317 0.722616
vn -0.623085 0.434541 0.650337
vn -0.623085 0.553066 0.553066
vn -0.623085 0.650337 0.434541
vn -0.623085 0.722616 0.299317
vn -0.623085 0.767125 0.152591
vn -0.433573 0.901118 0.000000
vn -0.433573 0.883804 -0.175799
vn -0.433573 0.832525 -0.344843
vn -0.433573 0.749253 -0.500635
vn -0.433573 0.637187 -0.637187
vn -0.433573 0.500635 -0.749253
vn -0.433573 0.344843 -0.832525
vn -0.433573 0.175799 -0.883804
vn -0.433573 0.000000 -0.901118
vn -0.433573 -0.175799 -0.883804
vn -0.433573 -0.344843 -0.832525
vn -0.433573 -0.500635 -0.749253
vn -0.433573 -0.637187 -0.637187
vn -0.433573 -0.749253 -0.500635
vn -0.433573 -0.832525 -0.344843
vn -0.433573 -0.883804 -0.175799
vn -0.433573 -0.901118 -0.000000
vn -0.433573 -0.883804 0.175799
vn -0.433573 -0.832525 0.344843
vn -0.433573 -0.749253 0.500635
vn -0.433573 -0.637187 0.637187
vn -0.433573 -0.500635 0.749253
vn -0.433573 -0.344843 0.832525
vn -0.433573 -0.175799 0.883804
vn -0.433573 -0.000000 0.901118
vn -0.433573 0.175799 0.883804
vn -0.433573 0.344843 0.832525
vn -0.433573 0.500635 0.749253
vn -0.433573 0.637187 0.637187
vn -0.433573 0.749253 0.500635
vn -0.433573 0.832525 0.344843
vn -0.433573 0.883804 0.175799
vn -0.000000 0.201299 -0.979530
vn -0.222353 0.184514 -0.957347
vn -0.000000 0.000000 -1.000000
vn -0.222353 0.000000 -0.974966
vn -0.222353 -0.184514 -0.957347
vn -0.433573 -0.000000 -0.901118
vn -0.433573 -0.170538 -0.884834
vn -0.623085 -0.000000 -0.782154
vn -0.623085 -0.148024 -0.768019
vn -0.781401 -0.000000 -0.624029
vn -0.781401 -0.118098 -0.612752
vn -0.900594 -0.000000 -0.434660
vn -0.900594 -0.082260 -0.426805
vn -0.222353 0.362358 -0.905127
vn -0.000000 0.394356 -0.918958
vn -0.222353 0.527107 -0.820194
vn -0.000000 0.571268 -0.820763
vn -0.222353 0.672804 -0.705616
vn -0.000000 0.724793 -0.688967
vn -0.222353 0.794184 -0.565536
vn -0.000000 0.848644 -0.528964
vn -0.222353 0.886861 -0.405016
vn -0.000000 0.937752 -0.347305
vn -0.222353 0.947483 -0.229857
vn -0.000000 0.988468 -0.151428
vn -0.222353 0.973862 -0.046391
vn -0.000000 0.998717 0.050649
vn -0.222353 0.965043 0.138752
vn -0.000000 0.968077 0.250653
vn -0.222353 0.921344 0.318880
vn -0.000000 0.897805 0.440394
vn -0.222353 0.844346 0.487483
vn -0.000000 0.790776 0.612106
vn -0.222353 0.736830 0.638467
vn -0.000000 0.651372 0.758758
vn -0.222353 0.602684 0.766375
vn -0.000000 0.485302 0.874347
vn -0.222353 0.446755 0.866585
vn -0.000000 0.299363 0.954139
vn -0.222353 0.274680 0.935473
vn -0.000000 0.101168 0.994869
vn -0.222353 0.092676 0.970552
vn -0.000000 -0.101168 0.994869
vn -0.222353 -0.092676 0.970552
vn -0.222353 -0.274680 0.935473
vn -0.433573 -0.253874 0.864617
vn -0.433573 -0.412916 0.800946
vn -0.623085 -0.358404 0.695206
vn -0.623085 -0.483495 0.614814
vn -0.781401 -0.385749 0.490520
vn -0.781401 -0.471610 0.408652
vn -0.900594 -0.328494 0.284642
vn -0.900594 -0.376427 0.217330
vn -0.900594 -0.410754 0.142163
vn -0.900594 -0.430236 0.061859
vn -0.900594 -0.434168 -0.020682
vn -0.900594 -0.422408 -0.102475
vn -0.900594 -0.395381 -0.180564
vn -0.900594 -0.354064 -0.252128
vn -0.900594 -0.299950 -0.314578
vn -0.900594 -0.234995 -0.365660
vn -0.900594 -0.161547 -0.403525
vn -0.000000 -0.299363 0.954139
vn -0.222353 -0.446755 0.866585
vn -0.433573 -0.557034 0.708327
vn -0.623085 -0.591112 0.512202
vn -0.781401 -0.540425 0.312014
vn -0.000000 -0.485302 0.874347
vn -0.222353 -0.602684 0.766375
vn -0.433573 -0.681020 0.590107
vn -0.623085 -0.677365 0.391077
vn -0.781401 -0.589708 0.204100
vn -0.000000 -0.651372 0.758758
vn -0.222353 -0.736830 0.638467
vn -0.433573 -0.780391 0.450559
vn -0.623085 -0.739136 0.255817
vn -0.781401 -0.617677 0.088809
vn -0.000000 -0.790776 0.612106
vn -0.222353 -0.844346 0.487483
vn -0.433573 -0.851558 0.294727
vn -0.623085 -0.774193 0.111312
vn -0.781401 -0.623322 -0.029692
vn -0.000000 -0.897805 0.440394
vn -0.222353 -0.921344 0.318880
vn -0.433573 -0.891946 0.128243
vn -0.623085 -0.781268 -0.037216
vn -0.781401 -0.606438 -0.147120
vn -0.000000 -0.968077 0.250653
vn -0.222353 -0.965043 0.138752
vn -0.433573 -0.900098 -0.042877
vn -0.623085 -0.760106 -0.184400
vn -0.781401 -0.567637 -0.259231
vn -0.000000 -0.998717 0.050649
vn -0.222353 -0.973862 -0.046391
vn -0.433573 -0.875717 -0.212447
vn -0.623085 -0.711472 -0.324918
vn -0.781401 -0.508319 -0.361972
vn -0.000000 -0.988468 -0.151428
vn -0.222353 -0.947483 -0.229857
vn -0.433573 -0.819686 -0.374338
vn -0.623085 -0.637124 -0.453694
vn -0.781401 -0.430629 -0.451631
vn -0.000000 -0.937752 -0.347305
vn -0.222353 -0.886861 -0.405016
vn -0.433573 -0.734029 -0.522700
vn -0.623085 -0.539748 -0.566071
vn -0.781401 -0.337375 -0.524966
vn -0.000000 -0.848644 -0.528964
vn -0.222353 -0.794184 -0.565536
vn -0.433573 -0.621843 -0.652170
vn -0.623085 -0.422864 -0.657990
vn -0.781401 -0.231928 -0.579328
vn -0.000000 -0.724793 -0.688967
vn -0.222353 -0.672804 -0.705616
vn -0.433573 -0.487181 -0.758069
vn -0.623085 -0.290697 -0.726127
vn -0.000000 -0.571268 -0.820763
vn -0.222353 -0.527107 -0.820194
vn -0.433573 -0.334912 -0.836569
vn -0.000000 -0.394356 -0.918958
vn -0.222353 -0.362358 -0.905127
vn -0.000000 -0.201299 -0.979530
vn -0.900594 0.434168 -0.020682
vn -0.900594 0.430236 0.061859
vn -0.900594 0.410754 0.142163
vn -0.900594 0.376427 0.217330
vn -0.900594 0.328494 0.284642
vn -0.900594 0.268689 0.341666
vn -0.900594 0.199173 0.386341
vn -0.900594 0.122458 0.417054
vn -0.900594 0.041317 0.432692
vn -0.900594 -0.041317 0.432692
vn -0.900594 -0.122458 0.417054
vn -0.900594 -0.199173 0.386341
vn -0.900594 -0.268689 0.341666
vn -0.900594 0.422408 -0.102475
vn -0.900594 0.395381 -0.180564
vn -0.900594 0.354064 -0.252128
vn -0.900594 0.299950 -0.314578
vn -0.900594 0.234995 -0.365660
vn -0.900594 0.161547 -0.403525
vn -0.900594 0.082260 -0.426805
vn -0.433573 0.170538 -0.884834
vn -0.433573 0.334912 -0.836569
vn -0.433573 0.487181 -0.758069
vn -0.433573 0.621843 -0.652170
vn -0.433573 0.734029 -0.522700
vn -0.433573 0.819686 -0.374338
vn -0.433573 0.875717 -0.212447
vn -0.433573 0.900098 -0.042877
vn -0.433573 0.891946 0.128243
vn -0.433573 0.851558 0.294727
vn -0.433573 0.780391 0.450559
vn -0.433573 0.681020 0.590107
vn -0.433573 0.557034 0.708327
vn -0.433573 0.412916 0.800946
vn -0.433573 0.253874 0.864617
vn -0.433573 0.085657 0.897038
vn -0.433573 -0.085657 0.897038
vn -0.623085 0.148024 -0.768019
vn -0.623085 0.290697 -0.726127
vn -0.623085 0.422864 -0.657990
vn -0.623085 0.539748 -0.566071
vn -0.623085 0.637124 -0.453694
vn -0.623085 0.711472 -0.324918
vn -0.623085 0.760106 -0.184400
vn -0.623085 0.781268 -0.037216
vn -0.623085 0.774193 0.111312
vn -0.623085 0.739136 0.255817
vn -0.623085 0.677365 0.391077
vn -0.623085 0.591112 0.512202
vn -0.623085 0.483495 0.614814
vn -0.623085 0.358404 0.695206
vn -0.623085 0.220358 0.750471
vn -0.623085 0.074348 0.778612
vn -0.623085 -0.074348 0.778612
vn -0.623085 -0.220358 0.750471
vn -0.781401 0.118098 -0.612752
vn -0.781401 0.231928 -0.579328
vn -0.781401 0.337375 -0.524966
vn -0.781401 0.430629 -0.451631
vn -0.781401 0.508319 -0.361972
vn -0.781401 0.567637 -0.259231
vn -0.781401 0.606438 -0.147120
vn -0.781401 0.623322 -0.029692
vn -0.781401 0.617677 0.088809
vn -0.781401 0.589708 0.204100
vn -0.781401 0.540425 0.312014
vn -0.781401 0.471610 0.408652
vn -0.781401 0.385749 0.490520
vn -0.781401 0.285947 0.554659
vn -0.781401 0.175809 0.598751
vn -0.781401 0.059318 0.621203
vn -0.781401 -0.059318 0.621203
vn -0.781401 -0.175809 0.598751
vn -0.781401 -0.285947 0.554659
vn -0.219234 -0.043608 0.974697
vn -0.426805 -0.082260 0.900594
vn -0.223529 -0.000000 0.974697
vn -0.434660 -0.000000 0.900594
vn -0.426805 0.082260 0.900594
vn -0.624029 -0.000000 0.781401
vn -0.612752 0.118098 0.781401
vn -0.782154 -0.000000 0.623085
vn -0.768019 0.148024 0.623085
vn -0.901118 -0.000000 0.433573
vn -0.884834 0.170538 0.433573
vn -0.974966 -0.000000 0.222353
vn -0.957347 0.184514 0.222353
vn -1.000000 -0.000000 0.000000
vn -0.980785 0.195090 0.000000
vn -0.403525 -0.161547 0.900594
vn -0.206514 -0.085541 0.974697
vn -0.365660 -0.234995 0.900594
vn -0.185858 -0.124186 0.974697
vn -0.314578 -0.299950 0.900594
vn -0.158059 -0.158059 0.974697
vn -0.252128 -0.354064 0.900594
vn -0.124186 -0.185858 0.974697
vn -0.180564 -0.395381 0.900594
vn -0.085541 -0.206514 0.974697
vn -0.102475 -0.422408 0.900594
vn -0.043608 -0.219234 0.974697
vn -0.020682 -0.434168 0.900594
vn 0.000000 -0.223529 0.974697
vn 0.061859 -0.430236 0.900594
vn 0.043608 -0.219234 0.974697
vn 0.142163 -0.410754 0.900594
vn 0.085541 -0.206514 0.974697
vn 0.217330 -0.376427 0.900594
vn 0.124186 -0.185858 0.974697
vn 0.284642 -0.328494 0.900594
vn 0.158059 -0.158059 0.974697
vn 0.341666 -0.268689 0.900594
vn 0.185858 -0.124186 0.974697
vn 0.386341 -0.199173 0.900594
vn 0.206514 -0.085541 0.974697
vn 0.417054 -0.122458 0.900594
vn 0.219234 -0.043608 0.974697
vn 0.432692 -0.041317 0.900594
vn 0.223529 0.000000 0.974697
vn 0.432692 0.041317 0.900594
vn 0.219234 0.043608 0.974697
vn 0.417054 0.122458 0.900594
vn 0.206514 0.085541 0.974697
vn 0.386341 0.199173 0.900594
vn 0.185858 0.124186 0.974697
vn 0.341666 0.268689 0.900594
vn 0.158059 0.158059 0.974697
vn 0.284642 0.328494 0.900594
vn 0.124186 0.185858 0.974697
vn 0.217330 0.376427 0.900594
vn 0.085541 0.206514 0.974697
vn 0.142163 0.410754 0.900594
vn 0.043608 0.219234 0.974697
vn 0.061859 0.430236 0.900594
vn -0.000000 0.223529 0.974697
vn -0.020682 0.434168 0.900594
vn -0.043608 0.219234 0.974697
vn -0.102475 0.422408 0.900594
vn -0.085541 0.206514 0.974697
vn -0.180564 0.395381 0.900594
vn -0.124186 0.185858 0.974697
vn -0.252128 0.354064 0.900594
vn -0.158059 0.158059 0.974697
vn -0.314578 0.299950 0.900594
vn -0.185858 0.124186 0.974697
vn -0.365660 0.234995 0.900594
vn -0.206514 0.085541 0.974697
vn -0.403525 0.161547 0.900594
vn -0.219234 0.043608 0.974697
vn -0.905127 0.362358 0.222353
vn -0.923880 0.382683 0.000000
vn -0.820194 0.527107 0.222353
vn -0.831470 0.555570 0.000000
vn -0.705616 0.672804 0.222353
vn -0.707107 0.707107 0.000000
vn -0.565536 0.794184 0.222353
vn -0.555570 0.831470 0.000000
vn -0.405016 0.886861 0.222353
vn -0.382683 0.923880 0.000000
vn -0.229857 0.947483 0.222353
vn -0.195090 0.980785 0.000000
vn -0.046391 0.973862 0.222353
vn -0.000000 1.000000 0.000000
vn 0.138752 0.965043 0.222353
vn 0.195090 0.980785 0.000000
vn 0.318880 0.921344 0.222353
vn 0.382683 0.923880 0.000000
vn 0.487483 0.844346 0.222353
vn 0.555570 0.831470 0.000000
vn 0.638467 0.736830 0.222353
vn 0.707107 0.707107 0.000000
vn 0.766375 0.602684 0.222353
vn 0.831470 0.555570 0.000000
vn 0.866585 0.446755 0.222353
vn 0.923880 0.382683 0.000000
vn 0.935473 0.274680 0.222353
vn 0.980785 0.195090 0.000000
vn 0.970552 0.092676 0.222353
vn 1.000000 0.000000 0.000000
vn 0.970552 -0.092676 0.222353
vn 0.980785 -0.195090 0.000000
vn 0.935473 -0.274680 0.222353
vn 0.923880 -0.382683 0.000000
vn 0.866585 -0.446755 0.222353
vn 0.831470 -0.555570 0.000000
vn 0.766375 -0.602684 0.222353
vn 0.707107 -0.707107 0.000000
vn 0.638467 -0.736830 0.222353
vn 0.555570 -0.831470 0.000000
vn 0.487483 -0.844346 0.222353
vn 0.382683 -0.923880 0.000000
vn 0.318880 -0.921344 0.222353
vn 0.195090 -0.980785 0.000000
vn 0.138752 -0.965043 0.222353
vn 0.000000 -1.000000 0.000000
vn -0.046391 -0.973862 0.222353
vn -0.195090 -0.980785 0.000000
vn -0.229857 -0.947483 0.222353
vn -0.382683 -0.923880 0.000000
vn -0.405016 -0.886861 0.222353
vn -0.555570 -0.831470 0.000000
vn -0.565536 -0.794184 0.222353
vn -0.707107 -0.707107 0.000000
vn -0.705616 -0.672804 0.222353
vn -0.831470 -0.555570 0.000000
vn -0.820194 -0.527107 0.222353
vn -0.923880 -0.382683 0.000000
vn -0.905127 -0.362358 0.222353
vn -0.980785 -0.195090 0.000000
vn -0.957347 -0.184514 0.222353
vn -0.612752 -0.118098 0.781401
vn -0.579328 -0.231928 0.781401
vn -0.524966 -0.337375 0.781401
vn -0.451631 -0.430629 0.781401
vn -0.361972 -0.508319 0.781401
vn -0.259231 -0.567637 0.781401
vn -0.147120 -0.606438 0.781401
vn -0.029692 -0.623322 0.781401
vn 0.088809 -0.617677 0.781401
vn 0.204100 -0.589708 0.781401
vn 0.312014 -0.540425 0.781401
vn 0.408652 -0.471610 0.781401
vn 0.490520 -0.385749 0.781401
vn 0.554659 -0.285947 0.781401
vn 0.598751 -0.175809 0.781401
vn 0.621203 -0.059318 0.781401
vn 0.621203 0.059318 0.781401
vn 0.598751 0.175809 0.781401
vn 0.554659 0.285947 0.781401
vn 0.490520 0.385749 0.781401
vn 0.408652 0.471610 0.781401
vn 0.312014 0.540425 0.781401
vn 0.204100 0.589708 0.781401
vn 0.088809 0.617677 0.781401
vn -0.029692 0.623322 0.781401
vn -0.147120 0.606438 0.781401
vn -0.259231 0.567637 0.781401
vn -0.361972 0.508319 0.781401
vn -0.451631 0.430629 0.781401
vn -0.524966 0.337375 0.781401
vn -0.579328 0.231928 0.781401
vn -0.768019 -0.148024 0.623085
vn -0.726127 -0.290697 0.623085
vn -0.657990 -0.422864 0.623085
vn -0.566071 -0.539748 0.623085
vn -0.453694 -0.637124 0.623085
vn -0.324918 -0.711472 0.623085
vn -0.184400 -0.760106 0.623085
vn -0.037216 -0.781268 0.623085
vn 0.111312 -0.774193 0.623085
vn 0.255817 -0.739136 0.623085
vn 0.391077 -0.677365 0.623085
vn 0.512202 -0.591112 0.623085
vn 0.614814 -0.483495 0.623085
vn 0.695206 -0.358404 0.623085
vn 0.750471 -0.220358 0.623085
vn 0.778612 -0.074348 0.623085
vn 0.778612 0.074348 0.623085
vn 0.750471 0.220358 0.623085
vn 0.695206 0.358404 0.623085
vn 0.614814 0.483495 0.623085
vn 0.512202 0.591112 0.623085
vn 0.391077 0.677365 0.623085
vn 0.255817 0.739136 0.623085
vn 0.111312 0.774193 0.623085
vn -0.037216 0.781268 0.623085
vn -0.184400 0.760106 0.623085
vn -0.324918 0.711472 0.623085
vn -0.453694 0.637124 0.623085
vn -0.566071 0.539748 0.623085
vn -0.657990 0.422864 0.623085
vn -0.726127 0.290697 0.623085
vn -0.884834 -0.170538 0.433573
vn -0.836569 -0.334912 0.433573
vn -0.758069 -0.487181 0.433573
vn -0.652170 -0.621843 0.433573
vn -0.522700 -0.734029 0.433573
vn -0.374338 -0.819686 0.433573
vn -0.212447 -0.875717 0.433573
vn -0.042877 -0.900098 0.433573
vn 0.128243 -0.891946 0.433573
vn 0.294727 -0.851558 0.433573
vn 0.450559 -0.780391 0.433573
vn 0.590107 -0.681020 0.433573
vn 0.708327 -0.557034 0.433573
vn 0.800946 -0.412916 0.433573
vn 0.864617 -0.253874 0.433573
vn 0.897038 -0.085657 0.433573
vn 0.897038 0.085657 0.433573
vn 0.864617 0.253874 0.433573
vn 0.800946 0.412916 0.433573
vn 0.708327 0.557034 0.433573
vn 0.590107 0.681020 0.433573
vn 0.450559 0.780391 0.433573
vn 0.294727 0.851558 0.433573
vn 0.128243 0.891946 0.433573
vn -0.042877 0.900098 0.433573
vn -0.212447 0.875717 0.433573
vn -0.374338 0.819686 0.433573
vn -0.522700 0.734029 0.433573
vn -0.652170 0.621843 0.433573
vn -0.758069 0.487181 0.433573
vn -0.836569 0.334912 0.433573
vn 0.980785 -0.195090 -0.000000
vn 1.000000 -0.000000 -0.000000
vn 0.980785 0.195090 -0.000000
vn 0.923880 0.382683 -0.000000
vn 0.831470 0.555570 -0.000000
vn 0.707107 0.707107 -0.000000
vn 0.555570 0.831470 -0.000000
vn 0.382683 0.923880 -0.000000
vn 0.195090 0.980785 -0.000000
vn -0.000000 1.000000 -0.000000
vn -0.195090 0.980785 -0.000000
vn -0.382683 0.923880 -0.000000
vn -0.555570 0.831470 -0.000000
vn -0.707107 0.707107 -0.000000
vn -0.831470 0.555570 -0.000000
vn -0.923880 0.382683 -0.000000
vn -0.980785 0.195090 -0.000000
vn -1.000000 -0.000000 0.000000
vn -0.980785 -0.195090 0.000000
vn -0.923880 -0.382683 0.000000
vn -0.831470 -0.555570 0.000000
vn -0.707107 -0.707107 0.000000
vn -0.555570 -0.831470 0.000000
vn -0.382683 -0.923880 0.000000
vn -0.195090 -0.980785 0.000000
vn 0.000000 -1.000000 -0.000000
vn 0.195090 -0.980785 -0.000000
vn 0.382683 -0.923880 -0.000000
vn 0.555570 -0.831470 -0.000000
vn 0.707107 -0.707107 -0.000000
vn 0.831470 -0.555570 -0.000000
vn 0.923880 -0.382683 -0.000000
vn -0.980785 -0.195090 0.000000
vn -0.956233 -0.190206 0.222353
vn -1.000000 -0.000000 0.000000
vn -0.974966 -0.000000 0.222353
vn -0.980785 0.195090 -0.000000
vn -0.956233 0.190206 0.222353
vn -0.923880 0.382683 -0.000000
vn -0.900751 0.373103 0.222353
vn -0.831470 0.555570 -0.000000
vn -0.810655 0.541662 0.222353
vn -0.707107 0.707107 -0.000000
vn -0.689405 0.689405 0.222353
vn -0.555570 0.831470 -0.000000
vn -0.541662 0.810655 0.222353
vn -0.382683 0.923880 -0.000000
vn -0.373103 0.900751 0.222353
vn -0.195090 0.980785 -0.000000
vn -0.190206 0.956233 0.222353
vn 0.000000 1.000000 -0.000000
vn -0.000000 0.974966 0.222353
vn 0.195090 0.980785 -0.000000
vn 0.190206 0.956233 0.222353
vn 0.382683 0.923880 -0.000000
vn 0.373103 0.900751 0.222353
vn 0.555570 0.831470 -0.000000
vn 0.541662 0.810655 0.222353
vn 0.707107 0.707107 -0.000000
vn 0.689405 0.689405 0.222353
vn 0.831470 0.555570 -0.000000
vn 0.810655 0.541662 0.222353
vn 0.923880 0.382683 -0.000000
vn 0.900751 0.373103 0.222353
vn 0.980785 0.195090 -0.000000
vn 0.956233 0.190206 0.222353
vn 1.000000 -0.000000 -0.000000
vn 0.974966 0.000000 0.222353
vn 0.980785 -0.195090 -0.000000
vn 0.956233 -0.190206 0.222353
vn 0.923880 -0.382683 -0.000000
vn 0.900751 -0.373103 0.222353
vn 0.831470 -0.555570 -0.000000
vn 0.810655 -0.541662 0.222353
vn 0.707107 -0.707107 -0.000000
vn 0.689405 -0.689405 0.222353
vn 0.555570 -0.831470 -0.000000
vn 0.541662 -0.810655 0.222353
vn 0.382683 -0.923880 -0.000000
vn 0.373103 -0.900751 0.222353
vn 0.195090 -0.980785 -0.000000
vn 0.190206 -0.956233 0.222353
vn 0.000000 -1.000000 -0.000000
vn 0.000000 -0.974966 0.222353
vn -0.195090 -0.980785 0.000000
vn -0.190206 -0.956233 0.222353
vn -0.382683 -0.923880 0.000000
vn -0.373103 -0.900751 0.222353
vn -0.555570 -0.831470 0.000000
vn -0.541662 -0.810655 0.222353
vn -0.707107 -0.707107 0.000000
vn -0.689405 -0.689405 0.222353
vn -0.831470 -0.555570 0.000000
vn -0.810655 -0.541662 0.222353
vn -0.923880 -0.382683 0.000000
vn -0.900751 -0.373103 0.222353
vn -0.426308 0.084798 0.900594
vn -0.434660 0.000000 0.900594
vn -0.426308 -0.084798 0.900594
vn -0.401574 -0.166337 0.900594
vn -0.361407 -0.241484 0.900594
vn -0.307351 -0.307351 0.900594
vn -0.241484 -0.361407 0.900594
vn -0.166337 -0.401574 0.900594
vn -0.084798 -0.426308 0.900594
vn 0.000000 -0.434660 0.900594
vn 0.084798 -0.426308 0.900594
vn 0.166337 -0.401574 0.900594
vn 0.241484 -0.361407 0.900594
vn 0.307351 -0.307351 0.900594
vn 0.361407 -0.241484 0.900594
vn 0.401574 -0.166337 0.900594
vn 0.426308 -0.084798 0.900594
vn 0.434660 0.000000 0.900594
vn 0.426308 0.084798 0.900594
vn 0.401574 0.166337 0.900594
vn 0.361407 0.241484 0.900594
vn 0.307351 0.307351 0.900594
vn 0.241484 0.361407 0.900594
vn 0.166337 0.401574 0.900594
vn 0.084798 0.426308 0.900594
vn -0.000000 0.434660 0.900594
vn -0.084798 0.426308 0.900594
vn -0.166337 0.401574 0.900594
vn -0.241484 0.361407 0.900594
vn -0.307351 0.307351 0.900594
vn -0.361407 0.241484 0.900594
vn -0.401574 0.166337 0.900594
vn -0.901118 0.000000 0.433573
vn -0.883804 0.175799 0.433573
vn -0.832525 0.344843 0.433573
vn -0.749253 0.500635 0.433573
vn -0.637187 0.637187 0.433573
vn -0.500635 0.749253 0.433573
vn -0.344843 0.832525 0.433573
vn -0.175799 0.883804 0.433573
vn -0.000000 0.901118 0.433573
vn 0.175799 0.883804 0.433573
vn 0.344843 0.832525 0.433573
vn 0.500635 0.749253 0.433573
vn 0.637187 0.637187 0.433573
vn 0.749253 0.500635 0.433573
vn 0.832525 0.344843 0.433573
vn 0.883804 0.175799 0.433573
vn 0.901118 0.000000 0.433573
vn 0.883804 -0.175799 0.433573
vn 0.832525 -0.344843 0.433573
vn 0.749253 -0.500635 0.433573
vn 0.637187 -0.637187 0.433573
vn 0.500635 -0.749253 0.433573
vn 0.344843 -0.832525 0.433573
vn 0.175799 -0.883804 0.433573
vn 0.000000 -0.901118 0.433573
vn -0.175799 -0.883804 0.433573
vn -0.344843 -0.832525 0.433573
vn -0.500635 -0.749253 0.433573
vn -0.637187 -0.637187 0.433573
vn -0.749253 -0.500635 0.433573
vn -0.832525 -0.344843 0.433573
vn -0.883804 -0.175799 0.433573
vn -0.782154 0.000000 0.623085
vn -0.767125 0.152591 0.623085
vn -0.722616 0.299317 0.623085
vn -0.650337 0.434541 0.623085
vn -0.553066 0.553066 0.623085
vn -0.434541 0.650337 0.623085
vn -0.299317 0.722616 0.623085
vn -0.152591 0.767125 0.623085
vn -0.000000 0.782154 0.623085
vn 0.152591 0.767125 0.623085
vn 0.299317 0.722616 0.623085
vn 0.434541 0.650337 0.623085
vn 0.553066 0.553066 0.623085
vn 0.650337 0.434541 0.623085
vn 0.722616 0.299317 0.623085
vn 0.767125 0.152591 0.623085
vn 0.782154 0.000000 0.623085
vn 0.767125 -0.152591 0.623085
vn 0.722616 -0.299317 0.623085
vn 0.650337 -0.434541 0.623085
vn 0.553066 -0.553066 0.623085
vn 0.434541 -0.650337 0.623085
vn 0.299317 -0.722616 0.623085
vn 0.152591 -0.767125 0.623085
vn 0.000000 -0.782154 0.623085
vn -0.152591 -0.767125 0.623085
vn -0.299317 -0.722616 0.623085
vn -0.434541 -0.650337 0.623085
vn -0.553066 -0.553066 0.623085
vn -0.650337 -0.434541 0.623085
vn -0.722616 -0.299317 0.623085
vn -0.767125 -0.152591 0.623085
vn -0.624029 0.000000 0.781401
vn -0.612038 0.121742 0.781401
vn -0.576528 0.238806 0.781401
vn -0.518861 0.346692 0.781401
vn -0.441255 0.441255 0.781401
vn -0.346692 0.518861 0.781401
vn -0.238806 0.576528 0.781401
vn -0.121742 0.612038 0.781401
vn -0.000000 0.624029 0.781401
vn 0.121742 0.612038 0.781401
vn 0.238806 0.576528 0.781401
vn 0.346692 0.518861 0.781401
vn 0.441255 0.441255 0.781401
vn 0.518861 0.346692 0.781401
vn 0.576528 0.238806 0.781401
vn 0.612038 0.121742 0.781401
vn 0.624029 0.000000 0.781401
vn 0.612038 -0.121742 0.781401
vn 0.576528 -0.238806 0.781401
vn 0.518861 -0.346692 0.781401
vn 0.441255 -0.441255 0.781401
vn 0.346692 -0.518861 0.781401
vn 0.238806 -0.576528 0.781401
vn 0.121742 -0.612038 0.781401
vn 0.000000 -0.624029 0.781401
vn -0.121742 -0.612038 0.781401
vn -0.238806 -0.576528 0.781401
vn -0.346692 -0.518861 0.781401
vn -0.441255 -0.441255 0.781401
vn -0.518861 -0.346692 0.781401
vn -0.576528 -0.238806 0.781401
vn -0.612038 -0.121742 0.781401
vn -0.980785 -0.195090 0.000000
vn -1.000000 -0.000000 0.000000
vn -0.980785 0.195090 -0.000000
vn -0.923880 0.382683 -0.000000
vn -0.831470 0.555570 -0.000000
vn -0.707107 0.707107 -0.000000
vn -0.555570 0.831470 -0.000000
vn -0.382683 0.923880 -0.000000
vn -0.195090 0.980785 -0.000000
vn 0.000000 1.000000 -0.000000
vn 0.195090 0.980785 -0.000000
vn 0.382683 0.923880 -0.000000
vn 0.555570 0.831470 -0.000000
vn 0.707107 0.707107 -0.000000
vn 0.831470 0.555570 -0.000000
vn 0.923880 0.382683 -0.000000
vn 0.980785 0.195090 -0.000000
vn 1.000000 -0.000000 -0.000000
vn 0.980785 -0.195090 -0.000000
vn 0.923880 -0.382683 -0.000000
vn 0.831470 -0.555570 -0.000000
vn 0.707107 -0.707107 -0.000000
vn 0.555570 -0.831470 -0.000000
vn 0.382683 -0.923880 -0.000000
vn 0.195090 -0.980785 -0.000000
vn 0.000000 -1.000000 -0.000000
vn -0.195090 -0.980785 0.000000
vn -0.382683 -0.923880 0.000000
vn -0.555570 -0.831470 0.000000
vn -0.707107 -0.707107 0.000000
vn -0.831470 -0.555570 0.000000
vn -0.923880 -0.382683 0.000000
vn -0.000000 -0.000000 -1.000000
vn -0.000000 -0.000000 -1.000000
vn -0.000000 -0.000000 -1.000000
vn -0.000000 -0.000000 -1.000000
vn -0.000000 -0.000000 -1.000000
vn -0.000000 -0.000000 -1.000000
vn -0.000000 -0.000000 -1.000000
vn -0.000000 -0.000000 -1.000000
vn -0.000000 -0.000000 -1.000000
vn -0.000000 -0.000000 -1.000000
vn -0.000000 -0.000000 -1.000000
vn -0.000000 -0.000000 -1.000000
vn -0.000000 -0.000000 -1.000000
vn -0.000000 -0.000000 -1.000000
vn -0.000000 -0.000000 -1.000000
vn -0.000000 -0.000000 -1.000000
vn -0.000000 -0.000000 -1.000000
vn -0.000000 -0.000000 -1.000000
vn -0.000000 -0.000000 -1.000000
vn -0.000000 -0.000000 -1.000000
vn -0.000000 -0.000000 -1.000000
vn -0.000000 -0.000000 -1.000000
vn -0.000000 -0.000000 -1.000000
vn -0.000000 -0.000000 -1.000000
vn -0.000000 -0.000000 -1.000000
vn -0.000000 -0.000000 -1.000000
vn -0.000000 -0.000000 -1.000000
vn -0.000000 -0.000000 -1.000000
vn -0.000000 -0.000000 -1.000000
vn -0.000000 -0.000000 -1.000000
vn -0.000000 -0.000000 -1.000000
vn -0.000000 -0.000000 -1.000000
vn -0.000000 -0.000000 -1.000000
vn -0.000000 -0.000000 -1.000000
vn -0.000000 -0.000000 -1.000000
vn -0.000000 -0.000000 -1.000000
vn -0.000000 -0.000000 -1.000000
vn -0.000000 -0.000000 -1.000000
vn -0.000000 -0.000000 -1.000000
vn -0.000000 -0.000000 -1.000000
vn -0.000000 -0.000000 -1.000000
vn -0.000000 -0.000000 -1.000000
vn -0.000000 -0.000000 -1.000000
vn -0.000000 -0.000000 -1.000000
vn -0.000000 -0.000000 -1.000000
vn -0.000000 -0.000000 -1.000000
vn -0.000000 -0.000000 -1.000000
vn -0.000000 -0.000000 -1.000000
vn -0.000000 -0.000000 -1.000000
vn -0.000000 -0.000000 -1.000000
vn -0.000000 -0.000000 -1.000000
vn -0.000000 -0.000000 -1.000000
vn -0.000000 -0.000000 -1.000000
vn -0.000000 -0.000000 -1.000000
vn -0.000000 -0.000000 -1.000000
vn -0.000000 -0.000000 -1.000000
vn -0.000000 -0.000000 -1.000000
vn -0.000000 -0.000000 -1.000000
vn -0.000000 -0.000000 -1.000000
vn -0.000000 -0.000000 -1.000000
vn -0.000000 -0.000000 -1.000000
vn -0.000000 -0.000000 -1.000000
vn 0.980785 -0.195090 0.000000
vn 0.980785 -0.195090 0.000000
vn 1.000000 -0.000000 0.000000
vn 1.000000 -0.000000 0.000000
vn 0.980785 0.195090 -0.000000
vn 0.980785 0.195090 -0.000000
vn 0.923880 0.382683 -0.000000
vn 0.923880 -0.382683 0.000000
vn 0.923880 -0.382683 0.000000
vn 0.831470 -0.555570 0.000000
vn 0.831470 -0.555570 0.000000
vn 0.707107 -0.707107 0.000000
vn 0.707107 -0.707107 0.000000
vn 0.555570 -0.831470 0.000000
vn 0.555570 -0.831470 0.000000
vn 0.382683 -0.923880 0.000000
vn 0.382683 -0.923880 0.000000
vn 0.195090 -0.980785 0.000000
vn 0.195090 -0.980785 0.000000
vn -0.000000 -1.000000 0.000000
vn -0.000000 -1.000000 0.000000
vn -0.195090 -0.980785 0.000000
vn -0.195090 -0.980785 0.000000
vn -0.382683 -0.923880 0.000000
vn -0.382683 -0.923880 0.000000
vn -0.555570 -0.831470 0.000000
vn -0.555570 -0.831470 0.000000
vn -0.707107 -0.707107 0.000000
vn -0.707107 -0.707107 0.000000
vn -0.831470 -0.555570 0.000000
vn -0.831470 -0.555570 0.000000
vn -0.923880 -0.382683 0.000000
vn -0.923880 -0.382683 0.000000
vn -0.980785 -0.195090 0.000000
vn -0.980785 -0.195090 0.000000
vn -1.000000 0.000000 0.000000
vn -1.000000 0.000000 0.000000
vn -0.980785 0.195090 0.000000
vn -0.980785 0.195090 0.000000
vn -0.923880 0.382683 0.000000
vn -0.923880 0.382683 0.000000
vn -0.831470 0.555570 0.000000
vn -0.831470 0.555570 0.000000
vn -0.707107 0.707107 0.000000
vn -0.707107 0.707107 0.000000
vn -0.555570 0.831470 0.000000
vn -0.555570 0.831470 0.000000
vn -0.382683 0.923880 0.000000
vn -0.382683 0.923880 0.000000
vn -0.195090 0.980785 0.000000
vn -0.195090 0.980785 0.000000
vn -0.000000 1.000000 0.000000
vn -0.000000 1.000000 0.000000
vn 0.195090 0.980785 -0.000000
vn 0.195090 0.980785 -0.000000
vn 0.382683 0.923880 -0.000000
vn 0.382683 0.923880 -0.000000
vn 0.555570 0.831470 -0.000000
vn 0.555570 0.831470 -0.000000
vn 0.707107 0.707107 -0.000000
vn 0.707107 0.707107 -0.000000
vn 0.831470 0.555570 -0.000000
vn 0.831470 0.555570 -0.000000
vn 0.923880 0.382683 -0.000000
vn 1.000000 0.000000 0.000000
vn 1.000000 0.000000 0.000000
vn 1.000000 0.000000 0.000000
vn 1.000000 0.000000 0.000000
vn 1.000000 0.000000 0.000000
vn 1.000000 0.000000 0.000000
vn 1.000000 0.000000 0.000000
vn 1.000000 0.000000 0.000000
vn 1.000000 0.000000 0.000000
vn 1.000000 0.000000 0.000000
vn 1.000000 0.000000 0.000000
vn 1.000000 0.000000 0.000000
vn 1.000000 0.000000 0.000000
vn 1.000000 0.000000 0.000000
vn 1.000000 0.000000 0.000000
vn 1.000000 0.000000 0.000000
vn 1.000000 0.000000 0.000000
vn 1.000000 0.000000 0.000000
vn 1.000000 0.000000 0.000000
vn 1.000000 0.000000 0.000000
vn 1.000000 0.000000 0.000000
vn 1.000000 0.000000 0.000000
vn 1.000000 0.000000 0.000000
vn 1.000000 0.000000 0.000000
vn 1.000000 0.000000 0.000000
vn 1.000000 0.000000 0.000000
vn 1.000000 0.000000 0.000000
vn 1.000000 0.000000 0.000000
vn 1.000000 0.000000 0.000000
vn 1.000000 0.000000 0.000000
vn 1.000000 0.000000 0.000000
vn 1.000000 0.000000 0.000000
vn 1.000000 0.000000 0.000000
vn 1.000000 0.000000 0.000000
vn 1.000000 0.000000 0.000000
vn 1.000000 0.000000 0.000000
vn 1.000000 0.000000 0.000000
vn 1.000000 0.000000 0.000000
vn 1.000000 0.000000 0.000000
vn 1.000000 0.000000 0.000000
vn 1.000000 0.000000 0.000000
vn 1.000000 0.000000 0.000000
vn 1.000000 0.000000 0.000000
vn 1.000000 0.000000 0.000000
vn 1.000000 0.000000 0.000000
vn 1.000000 0.000000 0.000000
vn 1.000000 0.000000 0.000000
vn 1.000000 0.000000 0.000000
vn 1.000000 0.000000 0.000000
vn 1.000000 0.000000 0.000000
vn 1.000000 0.000000 0.000000
vn 1.000000 0.000000 0.000000
vn 1.000000 0.000000 0.000000
vn 1.000000 0.000000 0.000000
vn 1.000000 0.000000 0.000000
vn 1.000000 0.000000 0.000000
vn 1.000000 0.000000 0.000000
vn 1.000000 0.000000 0.000000
vn 1.000000 0.000000 0.000000
vn 1.000000 0.000000 0.000000
vn 1.000000 0.000000 0.000000
vn 1.000000 0.000000 0.000000
vn -0.000000 0.980785 0.195090
vn -0.000000 0.980785 0.195090
vn -0.000000 1.000000 0.000000
vn -0.000000 1.000000 0.000000
vn 0.000000 0.980785 -0.195090
vn 0.000000 0.980785 -0.195090
vn 0.000000 0.923880 -0.382683
vn -0.000000 0.923880 0.382683
vn -0.000000 0.923880 0.382683
vn -0.000000 0.831470 0.555570
vn -0.000000 0.831470 0.555570
vn -0.000000 0.707107 0.707107
vn -0.000000 0.707107 0.707107
vn -0.000000 0.555570 0.831470
vn -0.000000 0.555570 0.831470
vn -0.000000 0.382683 0.923880
vn -0.000000 0.382683 0.923880
vn -0.000000 0.195090 0.980785
vn -0.000000 0.195090 0.980785
vn 0.000000 -0.000000 1.000000
vn 0.000000 -0.000000 1.000000
vn 0.000000 -0.195090 0.980785
vn 0.000000 -0.195090 0.980785
vn 0.000000 -0.382683 0.923880
vn 0.000000 -0.382683 0.923880
vn 0.000000 -0.555570 0.831470
vn 0.000000 -0.555570 0.831470
vn 0.000000 -0.707107 0.707107
vn 0.000000 -0.707107 0.707107
vn 0.000000 -0.831470 0.555570
vn 0.000000 -0.831470 0.555570
vn 0.000000 -0.923880 0.382683
vn 0.000000 -0.923880 0.382683
vn 0.000000 -0.980785 0.195090
vn 0.000000 -0.980785 0.195090
vn 0.000000 -1.000000 0.000000
vn 0.000000 -1.000000 0.000000
vn 0.000000 -0.980785 -0.195090
vn 0.000000 -0.980785 -0.195090
vn 0.000000 -0.923880 -0.382683
vn 0.000000 -0.923880 -0.382683
vn 0.000000 -0.831470 -0.555570
vn 0.000000 -0.831470 -0.555570
vn 0.000000 -0.707107 -0.707107
vn 0.000000 -0.707107 -0.707107
vn 0.000000 -0.555570 -0.831470
vn 0.000000 -0.555570 -0.831470
vn 0.000000 -0.382683 -0.923880
vn 0.000000 -0.382683 -0.923880
vn 0.000000 -0.195090 -0.980785
vn 0.000000 -0.195090 -0.980785
vn 0.000000 -0.000000 -1.000000
vn 0.000000 -0.000000 -1.000000
vn 0.000000 0.195090 -0.980785
vn 0.000000 0.195090 -0.980785
vn 0.000000 0.382683 -0.923880
vn 0.000000 0.382683 -0.923880
vn 0.000000 0.555570 -0.831470
vn 0.000000 0.555570 -0.831470
vn 0.000000 0.707107 -0.707107
vn 0.000000 0.707107 -0.707107
vn 0.000000 0.831470 -0.555570
vn 0.000000 0.831470 -0.555570
vn 0.000000 0.923880 -0.382683
vn -0.107405 0.000000 0.994215
vn 0.000000 -0.000000 1.000000
vn -0.014534 -0.132547 0.991070
vn 0.000000 -0.207843 0.978162
vn -0.013988 -0.261520 0.965097
vn 0.000000 -0.406940 0.913455
vn -0.013022 -0.384771 0.922920
vn -0.011253 -0.501349 0.865172
vn -0.046917 -0.384978 0.921733
vn -0.040150 -0.500958 0.864540
vn -0.144356 -0.386643 0.910862
vn -0.124518 -0.501523 0.856137
vn -0.258786 -0.388908 0.884183
vn -0.228573 -0.503248 0.833364
vn -0.328702 -0.390172 0.860070
vn -0.293533 -0.504505 0.811981
vn -0.398749 -0.391260 0.829406
vn -0.360143 -0.505773 0.783895
vn -0.464011 -0.392089 0.794330
vn -0.423505 -0.506836 0.750840
vn -0.525686 -0.392727 0.754599
vn -0.484258 -0.507704 0.712552
vn -0.607331 -0.393259 0.690287
vn -0.565945 -0.508469 0.648973
vn -0.680821 -0.393240 0.617937
vn -0.639700 -0.508462 0.576412
vn -0.745453 -0.392817 0.538512
vn -0.703410 -0.507842 0.497304
vn -0.802034 -0.391980 0.450658
vn -0.758224 -0.506664 0.410351
vn -0.849236 -0.390610 0.355278
vn -0.802118 -0.505000 0.318718
vn -0.883466 -0.388930 0.261193
vn -0.832877 -0.503300 0.230227
vn -0.907164 -0.387034 0.165102
vn -0.853056 -0.501742 0.143352
vn -0.919206 -0.385451 0.080541
vn -0.862690 -0.500960 0.069319
vn -0.922669 -0.384820 0.024389
vn -0.865078 -0.501216 0.020569
vn -0.913455 -0.406940 0.000000
vn -0.809147 -0.587606 0.000000
vn -0.793628 -0.608184 0.016356
vn -0.708492 -0.705612 0.012326
vn -0.709925 -0.702770 0.046049
vn -0.563664 -0.825263 0.034981
vn -0.566818 -0.820170 0.077702
vn -0.404591 -0.912616 0.058633
vn -0.408890 -0.906866 0.101995
vn -0.234453 -0.969894 0.065852
vn -0.240020 -0.965806 0.098027
vn -0.061541 -0.997476 0.035428
vn -0.070532 -0.996326 0.048574
vn 0.103550 -0.993682 -0.043287
vn 0.087052 -0.994824 -0.052416
vn 0.209817 -0.967531 -0.140928
vn 0.185861 -0.968663 -0.164764
vn 0.300298 -0.915017 -0.269379
vn 0.264377 -0.914952 -0.304907
vn 0.361072 -0.836183 -0.412825
vn 0.311075 -0.834972 -0.453932
vn 0.389322 -0.732056 -0.559037
vn 0.343955 -0.731260 -0.589028
vn 0.391169 -0.639677 -0.661664
vn 0.337527 -0.639051 -0.691150
vn 0.371794 -0.542198 -0.753519
vn 0.309140 -0.541390 -0.781876
vn 0.332751 -0.437642 -0.835312
vn 0.264741 -0.436543 -0.859850
vn 0.279342 -0.326664 -0.902917
vn 0.157146 -0.324385 -0.932780
vn 0.162721 -0.212395 -0.963541
vn 0.053521 -0.210729 -0.976078
vn 0.054599 -0.097447 -0.993742
vn 0.016099 -0.097296 -0.995125
vn 0.016205 0.017957 -0.999707
vn 0.000000 -0.000000 -1.000000
vn 0.016013 0.132542 -0.991048
vn 0.000000 0.207843 -0.978162
vn 0.015407 0.291224 -0.956531
vn 0.000000 0.406940 -0.913455
vn 0.014309 0.443909 -0.895957
vn 0.000000 0.587606 -0.809147
vn 0.012690 0.583445 -0.812054
vn 0.010458 0.708194 -0.705940
vn 0.042994 0.585749 -0.809351
vn 0.035602 0.711205 -0.702082
vn 0.130497 0.591479 -0.795690
vn 0.108285 0.718614 -0.686927
vn 0.232662 0.596166 -0.768410
vn 0.193881 0.725209 -0.660668
vn 0.293031 0.597920 -0.746073
vn 0.244958 0.728019 -0.640300
vn 0.352815 0.598937 -0.718886
vn 0.296008 0.729995 -0.616025
vn 0.408497 0.599395 -0.688372
vn 0.343955 0.731260 -0.589028
vn 0.460809 0.599570 -0.654347
vn 0.389322 0.732056 -0.559037
vn 0.529805 0.599616 -0.599807
vn 0.449586 0.732606 -0.511039
vn 0.591930 0.599578 -0.538633
vn 0.504135 0.732598 -0.457328
vn 0.646443 0.599583 -0.471817
vn 0.552075 0.732169 -0.398926
vn 0.695046 0.599373 -0.397067
vn 0.594901 0.731091 -0.334065
vn 0.736251 0.598337 -0.316113
vn 0.631503 0.728822 -0.264619
vn 0.768120 0.596161 -0.233631
vn 0.660442 0.725194 -0.194705
vn 0.791478 0.592585 -0.149684
vn 0.682646 0.720102 -0.124288
vn 0.805624 0.587843 -0.073563
vn 0.697549 0.713937 -0.060987
vn 0.811399 0.584043 -0.022933
vn 0.704955 0.708999 -0.018930
vn 0.809147 0.587606 -0.000000
vn 0.668806 0.743437 -0.000000
vn 0.631196 0.775452 -0.016323
vn 0.552152 0.833631 -0.013708
vn 0.542129 0.839146 -0.043932
vn 0.456791 0.888879 -0.035148
vn 0.439241 0.895571 -0.070853
vn 0.347689 0.936144 -0.052413
vn 0.325776 0.941935 -0.081411
vn 0.139655 0.989843 -0.026577
vn 0.119997 0.992188 -0.034104
vn -0.061541 0.997476 0.035428
vn -0.070532 0.996326 0.048574
vn -0.238587 0.962111 0.131981
vn -0.229246 0.959396 0.164336
vn -0.370039 0.893198 0.255476
vn -0.337714 0.891438 0.302137
vn -0.443838 0.804559 0.394580
vn -0.386445 0.804626 0.450819
vn -0.466418 0.697826 0.543592
vn -0.390215 0.697652 0.600845
vn -0.461604 0.559893 0.688070
vn -0.401650 0.558992 0.725400
vn -0.464684 0.389909 0.795009
vn -0.399398 0.389090 0.830115
vn -0.436571 0.198539 0.877490
vn -0.362752 0.198257 0.910552
vn -0.531990 0.000000 0.846750
vn -0.318016 0.000000 0.948085
vn -0.287682 0.197789 0.937080
vn -0.163561 0.196664 0.966732
vn -0.259307 0.386760 0.884973
vn -0.144709 0.384508 0.911709
vn -0.212858 0.555560 0.803769
vn -0.114442 0.554311 0.824404
vn -0.167048 0.698503 0.695837
vn -0.085258 0.700814 0.708230
vn -0.132970 0.815267 0.563612
vn -0.065765 0.821488 0.566421
vn -0.101766 0.906850 0.408982
vn -0.049333 0.914119 0.402434
vn -0.065785 0.969839 0.234703
vn -0.031283 0.974830 0.220745
vn -0.022684 0.998559 0.048630
vn -0.009469 0.999539 0.028856
vn 0.026338 0.989859 -0.139594
vn 0.016350 0.986285 -0.164238
vn 0.080986 0.941963 -0.325801
vn 0.045861 0.934615 -0.352693
vn 0.110315 0.901992 -0.417422
vn 0.061831 0.893862 -0.444058
vn 0.138981 0.852786 -0.503429
vn 0.077639 0.844443 -0.529989
vn 0.166877 0.794075 -0.584463
vn 0.093139 0.786189 -0.610927
vn -0.000000 -0.587606 0.809147
vn -0.009004 -0.608516 0.793490
vn -0.032724 -0.607461 0.793675
vn -0.103842 -0.606461 0.788303
vn -0.196425 -0.606887 0.770134
vn -0.255740 -0.607662 0.751894
vn -0.317969 -0.608662 0.726930
vn -0.378460 -0.609582 0.696547
vn -0.437320 -0.610384 0.660441
vn -0.517472 -0.611139 0.598943
vn -0.589979 -0.611144 0.527662
vn -0.651580 -0.610534 0.450213
vn -0.703444 -0.609408 0.365772
vn -0.743203 -0.608027 0.279202
vn -0.769807 -0.606956 0.197488
vn -0.785990 -0.606383 0.120495
vn -0.792749 -0.606856 0.057229
vn -0.006668 -0.706201 0.707980
vn -0.000000 -0.743437 0.668806
vn -0.004901 -0.830360 0.557206
vn -0.000000 -0.865840 0.500322
vn -0.003298 -0.922875 0.385086
vn 0.000000 -0.951199 0.308579
vn -0.001817 -0.980240 0.197805
vn -0.000000 -0.994476 0.104964
vn -0.000265 -0.999996 0.002822
vn 0.000000 -0.994472 -0.105003
vn 0.001913 -0.980868 -0.194666
vn 0.000000 -0.951211 -0.308542
vn 0.003942 -0.941995 -0.335603
vn 0.006154 -0.882297 -0.470652
vn 0.013159 -0.944429 -0.328453
vn 0.020715 -0.885416 -0.464337
vn 0.038477 -0.950628 -0.307939
vn 0.061991 -0.893328 -0.445109
vn 0.067462 -0.957180 -0.281522
vn 0.110624 -0.901470 -0.418467
vn 0.084873 -0.960514 -0.264972
vn 0.140024 -0.905523 -0.400526
vn 0.102776 -0.963345 -0.247797
vn 0.169980 -0.908892 -0.380818
vn 0.120043 -0.965594 -0.230691
vn 0.198626 -0.911510 -0.360135
vn 0.137079 -0.967266 -0.213555
vn 0.226329 -0.913433 -0.338253
vn 0.161460 -0.968598 -0.189072
vn 0.000000 -0.865840 -0.500322
vn 0.008335 -0.804255 -0.594226
vn 0.028266 -0.807625 -0.589019
vn 0.085528 -0.816051 -0.571617
vn 0.153217 -0.824244 -0.545111
vn 0.193926 -0.828107 -0.525958
vn 0.234996 -0.831150 -0.503950
vn 0.273910 -0.833390 -0.480036
vn 0.000000 -0.743419 -0.668825
vn 0.010458 -0.708194 -0.705940
vn 0.035602 -0.711205 -0.702082
vn 0.108285 -0.718614 -0.686927
vn 0.193881 -0.725209 -0.660668
vn 0.244958 -0.728019 -0.640300
vn 0.296008 -0.729995 -0.616025
vn 0.000000 -0.587574 -0.809170
vn 0.012086 -0.622023 -0.782906
vn 0.040985 -0.624519 -0.779934
vn 0.124463 -0.630687 -0.765991
vn 0.222170 -0.635834 -0.739159
vn 0.280060 -0.637827 -0.717456
vn 0.013431 -0.528581 -0.848777
vn 0.000000 -0.407023 -0.913418
vn 0.014457 -0.427888 -0.903716
vn 0.015253 -0.320557 -0.947106
vn 0.049015 -0.429401 -0.901783
vn 0.051728 -0.321567 -0.945473
vn 0.148851 -0.433377 -0.888835
vn 0.000000 -0.207818 -0.978168
vn 0.015767 -0.210169 -0.977538
vn 0.000000 0.743437 -0.668806
vn 0.009032 0.774544 -0.632456
vn 0.030704 0.777883 -0.627659
vn 0.007617 0.832711 -0.553656
vn 0.000000 0.865840 -0.500322
vn 0.006148 0.882850 -0.469614
vn 0.004653 0.924882 -0.380225
vn 0.020675 0.885964 -0.463293
vn 0.015557 0.927627 -0.373184
vn 0.000000 0.951199 -0.308579
vn 0.001892 0.981335 -0.192299
vn 0.006095 0.982763 -0.184769
vn 0.000000 0.994476 -0.104964
vn -0.000265 0.999996 0.002822
vn -0.001863 0.999946 0.010204
vn -0.000000 0.994472 0.105003
vn -0.001807 0.980233 0.197837
vn -0.008219 0.978783 0.204736
vn 0.000000 0.951211 0.308542
vn -0.003282 0.922921 0.384975
vn -0.013740 0.920427 0.390673
vn -0.000000 0.865840 0.500322
vn -0.004884 0.830343 0.557231
vn -0.019202 0.827649 0.560917
vn -0.000000 0.743419 0.668825
vn -0.006668 0.706201 0.707980
vn -0.025716 0.704261 0.709475
vn -0.000000 0.587574 0.809170
vn -0.010285 0.555094 0.831724
vn -0.036669 0.554406 0.831438
vn -0.000000 0.407023 0.913418
vn -0.013059 0.382641 0.923805
vn -0.047045 0.382848 0.922613
vn 0.000000 0.207818 0.978168
vn -0.014241 0.195104 0.980679
vn -0.053166 0.195432 0.979275
vn -0.707051 -0.000000 0.707163
vn -0.567448 0.198731 0.799068
vn -0.504210 0.198670 0.840418
vn -0.846656 -0.000000 0.532141
vn -0.723773 0.198745 0.660798
vn -0.649853 0.198762 0.733611
vn -0.608000 0.391065 0.690944
vn -0.526367 0.390540 0.755259
vn -0.542774 0.560708 0.625302
vn -0.946767 -0.000000 0.321920
vn -0.848426 0.198669 0.490616
vn -0.789984 0.198735 0.580026
vn -0.746115 0.390629 0.539186
vn -0.681475 0.391046 0.618608
vn -0.679028 0.560047 0.474625
vn -0.616160 0.560709 0.553130
vn -0.592639 0.697706 0.402475
vn -0.535174 0.697821 0.476062
vn -0.490488 0.805659 0.332167
vn -0.994433 0.000000 0.105372
vn -0.935996 0.197810 0.291176
vn -0.898850 0.198371 0.390790
vn -0.849968 0.388447 0.355898
vn -0.802717 0.389802 0.451331
vn -0.774549 0.557152 0.299426
vn -0.732568 0.558804 0.388693
vn -0.674167 0.697712 0.242274
vn -0.639767 0.697563 0.322652
vn -0.551054 0.811104 0.196086
vn -0.526863 0.807836 0.264230
vn -0.405895 0.901353 0.151038
vn -0.393173 0.896603 0.203759
vn -0.240101 0.965784 0.098044
vn -1.000000 0.000000 0.000000
vn -0.976411 0.195827 0.090961
vn -0.962642 0.196897 0.185882
vn -0.908003 0.384897 0.165485
vn -0.884250 0.386781 0.261728
vn -0.821673 0.554413 0.132213
vn -0.803371 0.555621 0.214197
vn -0.706940 0.700191 0.099843
vn -0.695597 0.698585 0.167702
vn -0.566836 0.820163 0.077654
vn -0.563418 0.815349 0.133285
vn -0.404486 0.912666 0.058583
vn -0.408789 0.906918 0.101936
vn -0.224012 0.973870 0.037362
vn -0.234525 0.969877 0.065853
vn -0.032990 0.999387 0.011745
vn -0.048501 0.998567 0.022615
vn 0.159423 0.987041 -0.018288
vn -0.980368 0.195189 0.027936
vn -0.978168 0.207818 0.000000
vn -0.923553 0.382691 0.024466
vn -0.913418 0.407023 -0.000000
vn -0.831728 0.554871 0.018634
vn -0.809170 0.587574 -0.000000
vn -0.708492 0.705612 0.012326
vn -0.668825 0.743419 -0.000000
vn -0.558374 0.829541 0.008979
vn -0.500322 0.865840 -0.000000
vn -0.386696 0.922186 0.006236
vn -0.308542 0.951211 0.000000
vn -0.199882 0.979813 0.003611
vn -0.105003 0.994472 0.000000
vn -0.004962 0.999987 0.000631
vn 0.104964 0.994476 0.000000
vn 0.190164 0.981747 -0.003365
vn 0.308579 0.951199 0.000000
vn 0.378274 0.925656 -0.008326
vn 0.500322 0.865840 -0.000000
vn 0.467889 0.883718 -0.011027
vn 0.895497 0.444314 -0.025891
vn 0.913455 0.406940 -0.000000
vn 0.956180 0.291447 -0.027898
vn 0.978162 0.207843 -0.000000
vn 0.990745 0.132600 -0.028997
vn 1.000000 -0.000000 -0.000000
vn 0.999409 0.017957 -0.029320
vn 0.994826 -0.097328 -0.029144
vn 0.995411 0.017978 -0.093985
vn 0.990825 -0.097616 -0.093477
vn 0.981373 0.018018 -0.191267
vn 0.976820 -0.098058 -0.190283
vn 0.954500 0.018025 -0.297667
vn 0.950059 -0.098325 -0.296176
vn 0.915893 0.017998 -0.401020
vn 0.911635 -0.098382 -0.399052
vn 0.865168 0.017953 -0.501161
vn 0.861153 -0.098301 -0.498750
vn 0.805321 0.017907 -0.592568
vn 0.801588 -0.098159 -0.589764
vn 0.738665 0.017881 -0.673836
vn 0.735232 -0.098071 -0.670684
vn 0.663122 0.017884 -0.748298
vn 0.660016 -0.098084 -0.744821
vn 0.579157 0.017913 -0.815019
vn 0.576410 -0.098178 -0.811241
vn 0.515172 0.017945 -0.856899
vn 0.512701 -0.098275 -0.852925
vn 0.446585 0.017981 -0.894560
vn 0.444415 -0.098363 -0.890404
vn 0.372253 0.018009 -0.927956
vn 0.370417 -0.098391 -0.923640
vn 0.296448 0.018024 -0.954879
vn 0.294962 -0.098321 -0.950437
vn 0.166811 0.018012 -0.985824
vn 0.165946 -0.097965 -0.981257
vn 0.054910 0.017965 -0.998330
vn 0.978168 -0.207818 -0.000000
vn 0.977219 -0.210304 -0.028558
vn 0.973115 -0.211301 -0.091649
vn 0.959134 -0.212714 -0.186587
vn 0.932710 -0.213739 -0.290461
vn 0.894922 -0.214261 -0.391417
vn 0.845342 -0.214402 -0.489314
vn 0.786855 -0.214306 -0.578733
vn 0.721676 -0.214218 -0.658251
vn 0.647767 -0.214240 -0.731095
vn 0.565611 -0.214322 -0.796335
vn 0.503019 -0.214380 -0.837265
vn 0.435953 -0.214370 -0.874065
vn 0.363309 -0.214179 -0.906716
vn 0.289267 -0.213735 -0.933082
vn 0.946742 -0.320807 -0.027609
vn 0.913418 -0.407023 -0.000000
vn 0.903272 -0.428270 -0.026159
vn 0.848209 -0.529106 -0.024273
vn 0.898529 -0.430823 -0.083889
vn 0.842854 -0.532489 -0.077799
vn 0.884530 -0.434136 -0.170682
vn 0.828771 -0.536747 -0.158245
vn 0.859511 -0.436544 -0.265838
vn 0.804764 -0.539894 -0.246716
vn 0.824414 -0.437866 -0.358630
vn 0.771633 -0.541723 -0.333346
vn 0.778640 -0.438347 -0.448968
vn 0.728635 -0.542505 -0.418067
vn 0.724658 -0.438273 -0.531778
vn 0.677915 -0.542562 -0.496042
vn 0.664343 -0.438149 -0.605535
vn 0.621109 -0.542487 -0.565626
vn 0.595803 -0.438189 -0.673059
vn 0.556437 -0.542528 -0.629318
vn 0.519614 -0.438291 -0.733418
vn 0.484573 -0.542567 -0.686156
vn 0.461651 -0.438323 -0.771202
vn 0.429998 -0.542501 -0.721661
vn 0.399679 -0.438183 -0.805141
vn 0.809170 -0.587574 -0.000000
vn 0.782174 -0.622676 -0.021846
vn 0.776033 -0.626779 -0.070144
vn 0.761792 -0.631889 -0.142790
vn 0.738886 -0.635826 -0.223099
vn 0.707950 -0.638327 -0.302233
vn 0.668108 -0.639626 -0.380146
vn 0.621143 -0.640012 -0.452290
vn 0.568434 -0.640092 -0.516880
vn 0.508341 -0.640124 -0.576048
vn 0.441654 -0.639979 -0.628784
vn 0.704955 -0.708999 -0.018930
vn 0.668825 -0.743419 -0.000000
vn 0.592843 -0.805178 -0.015035
vn 0.500322 -0.865840 -0.000000
vn 0.468929 -0.883167 -0.011044
vn 0.308542 -0.951211 -0.000000
vn 0.333610 -0.942685 -0.007054
vn 0.192532 -0.981285 -0.003408
vn 0.321274 -0.946727 -0.022164
vn 0.179734 -0.983664 -0.010075
vn 0.302972 -0.951988 -0.043896
vn 0.161768 -0.986652 -0.018660
vn 0.281518 -0.957155 -0.067841
vn 0.141956 -0.989499 -0.027193
vn 0.258467 -0.961661 -0.091672
vn 0.122227 -0.991886 -0.034977
vn 0.234194 -0.965203 -0.116348
vn 0.105003 -0.994472 -0.000000
vn -0.004962 -0.999987 0.000631
vn -0.017213 -0.999843 0.004178
vn -0.032990 -0.999387 0.011745
vn -0.048501 -0.998567 0.022615
vn -0.104964 -0.994476 -0.000000
vn -0.199847 -0.979820 0.003624
vn -0.210995 -0.977359 0.015807
vn -0.223952 -0.973883 0.037373
vn -0.308579 -0.951199 -0.000000
vn -0.386806 -0.922140 0.006257
vn -0.395708 -0.918018 0.025658
vn -0.500322 -0.865840 -0.000000
vn -0.558350 -0.829557 0.009002
vn -0.668806 -0.743437 -0.000000
vn -0.964798 -0.261597 0.027055
vn -0.978162 -0.207843 0.000000
vn -0.990752 -0.132629 0.028624
vn -0.972850 -0.134058 0.188657
vn -0.986764 -0.133193 0.092498
vn -0.960936 -0.262249 0.088474
vn -0.908402 -0.135181 0.395641
vn -0.945886 -0.134764 0.295193
vn -0.921596 -0.264643 0.283947
vn -0.947546 -0.263485 0.180920
vn -0.798464 -0.135413 0.586616
vn -0.857418 -0.135385 0.496492
vn -0.835609 -0.265939 0.480661
vn -0.885149 -0.265439 0.382170
vn -0.657081 -0.135417 0.741557
vn -0.731591 -0.135406 0.668162
vn -0.712225 -0.266215 0.649512
vn -0.777777 -0.266136 0.569416
vn -0.510182 -0.135384 0.849344
vn -0.574003 -0.135413 0.807579
vn -0.556803 -0.266118 0.786861
vn -0.638708 -0.266237 0.721921
vn -0.291466 -0.134749 0.947043
vn -0.367348 -0.135101 0.920219
vn -0.441917 -0.135302 0.886794
vn -0.354521 -0.265260 0.896634
vn -0.427279 -0.265700 0.864197
vn -0.166215 -0.133869 0.976960
vn -0.054226 -0.132857 0.989651
vn -0.051645 -0.261821 0.963734
vn 0.025748 0.836049 -0.548050
vn 0.048516 0.445508 -0.893962
vn 0.147329 0.449677 -0.880957
vn 0.262075 0.452998 -0.852121
vn 0.329444 0.454156 -0.827774
vn 0.395771 0.454734 -0.797861
vn 0.457211 0.454894 -0.764218
vn 0.514695 0.454872 -0.726760
vn 0.590270 0.454776 -0.666904
vn 0.658260 0.454735 -0.599925
vn 0.718074 0.454855 -0.526761
vn 0.771590 0.454917 -0.444634
vn 0.816968 0.454395 -0.355088
vn 0.851786 0.452998 -0.263162
vn 0.876661 0.450472 -0.168940
vn 0.890670 0.447003 -0.083033
vn 0.052277 0.292126 -0.954950
vn 0.158872 0.294681 -0.942297
vn 0.282416 0.296762 -0.912235
vn 0.354741 0.297487 -0.886375
vn 0.425746 0.297842 -0.854418
vn 0.491340 0.297926 -0.818428
vn 0.552587 0.297898 -0.778398
vn 0.633005 0.297825 -0.714567
vn 0.705351 0.297796 -0.643270
vn 0.769125 0.297884 -0.565430
vn 0.826324 0.297945 -0.477931
vn 0.874830 0.297636 -0.382211
vn 0.911872 0.296766 -0.283583
vn 0.937917 0.295174 -0.182168
vn 0.951908 0.293018 -0.089503
vn 0.054336 0.132798 -0.989653
vn 0.165187 0.133624 -0.977168
vn 0.293639 0.134237 -0.946444
vn 0.368774 0.134399 -0.919751
vn 0.442465 0.134419 -0.886654
vn 0.510475 0.134345 -0.849333
vn 0.573931 0.134248 -0.807825
vn 0.657208 0.134148 -0.741675
vn 0.732125 0.134132 -0.667834
vn 0.798211 0.134228 -0.587232
vn 0.857527 0.134372 -0.496580
vn 0.907797 0.134410 -0.397290
vn 0.946067 0.134242 -0.294850
vn 0.972741 0.133776 -0.189416
vn 0.986730 0.133073 -0.093039
vn 0.045478 -0.530621 -0.846388
vn 0.137988 -0.535762 -0.833018
vn 0.245695 -0.539897 -0.805075
vn 0.006186 -0.982314 -0.187137
vn 0.016669 -0.985885 -0.166590
vn 0.026952 -0.989515 -0.141896
vn 0.032741 -0.991286 -0.127597
vn 0.038766 -0.992748 -0.113794
vn 0.044642 -0.993878 -0.101064
vn 0.050828 -0.994696 -0.089426
vn 0.060998 -0.995332 -0.074788
vn 0.073088 -0.995365 -0.062511
vn -0.001863 -0.999946 0.010204
vn -0.009469 -0.999539 0.028856
vn -0.022684 -0.998559 0.048630
vn -0.031764 -0.997793 0.058310
vn -0.041188 -0.996969 0.065999
vn -0.050344 -0.996179 0.071363
vn -0.058714 -0.995508 0.074272
vn -0.068116 -0.994922 0.074094
vn -0.073605 -0.994890 0.069111
vn -0.074541 -0.995398 0.060227
vn -0.008234 -0.978791 0.204696
vn -0.031296 -0.974842 0.220689
vn -0.065784 -0.969856 0.234631
vn -0.088758 -0.966917 0.239151
vn -0.112967 -0.964140 0.240152
vn -0.136797 -0.961694 0.237554
vn -0.159627 -0.959736 0.231140
vn -0.188889 -0.958098 0.215334
vn -0.212571 -0.958008 0.192445
vn -0.229163 -0.959424 0.164284
vn -0.238502 -0.962137 0.131946
vn -0.013769 -0.920380 0.390782
vn -0.049380 -0.914070 0.402540
vn -0.101825 -0.906798 0.409083
vn -0.136880 -0.902783 0.407735
vn -0.174304 -0.899135 0.401466
vn -0.211539 -0.895990 0.390451
vn -0.247863 -0.893519 0.374415
vn -0.296191 -0.891492 0.342803
vn -0.337795 -0.891381 0.302215
vn -0.370124 -0.893142 0.255550
vn -0.393263 -0.896548 0.203829
vn -0.405990 -0.901299 0.151104
vn -0.019233 -0.827664 0.560894
vn -0.065811 -0.821497 0.566403
vn -0.133023 -0.815267 0.563600
vn -0.177904 -0.812181 0.555619
vn -0.226165 -0.809599 0.541664
vn -0.274379 -0.807464 0.522224
vn -0.321882 -0.805854 0.496983
vn -0.386475 -0.804601 0.450837
vn -0.443857 -0.804534 0.394608
vn -0.490497 -0.805638 0.332206
vn -0.526863 -0.807820 0.264277
vn -0.551047 -0.811096 0.196138
vn -0.563406 -0.815349 0.133338
vn -0.025716 -0.704261 0.709475
vn -0.085258 -0.700814 0.708230
vn -0.167048 -0.698503 0.695837
vn -0.220709 -0.697853 0.681388
vn -0.277966 -0.697640 0.660329
vn -0.334573 -0.697585 0.633590
vn -0.390215 -0.697652 0.600845
vn -0.466418 -0.697826 0.543592
vn -0.535174 -0.697821 0.476062
vn -0.592639 -0.697706 0.402475
vn -0.639767 -0.697563 0.322652
vn -0.674167 -0.697712 0.242274
vn -0.695597 -0.698585 0.167702
vn -0.706940 -0.700191 0.099843
vn -0.158919 -0.263210 0.951559
vn -0.280788 -0.264621 0.922569
vn -0.329301 0.388012 0.860818
vn -0.275064 0.556682 0.783866
vn -0.339592 0.557915 0.757237
vn -0.220709 0.697853 0.681388
vn -0.277966 0.697640 0.660329
vn -0.334573 0.697585 0.633590
vn -0.177851 0.812187 0.555627
vn -0.226115 0.809610 0.541667
vn -0.274333 0.807481 0.522222
vn -0.321842 0.805875 0.496975
vn -0.136816 0.902836 0.407638
vn -0.174236 0.899189 0.401373
vn -0.211468 0.896046 0.390362
vn -0.247789 0.893576 0.374330
vn -0.296113 0.891549 0.342721
vn -0.088770 0.966897 0.239230
vn -0.112991 0.964116 0.240235
vn -0.136835 0.961667 0.237638
vn -0.159677 0.959708 0.231224
vn -0.188954 0.958068 0.215412
vn -0.212648 0.957977 0.192511
vn -0.031764 0.997793 0.058310
vn -0.041188 0.996969 0.065999
vn -0.050344 0.996179 0.071363
vn -0.058714 0.995508 0.074272
vn -0.068116 0.994922 0.074094
vn -0.073605 0.994890 0.069111
vn -0.074541 0.995398 0.060227
vn 0.031941 0.991599 -0.125344
vn 0.037773 0.993034 -0.111608
vn 0.043464 0.994142 -0.098961
vn 0.049471 0.994942 -0.087423
vn 0.059404 0.995564 -0.072957
vn 0.071283 0.995596 -0.060886
vn 0.085073 0.995068 -0.051021
vn 0.101428 0.993950 -0.042147
vn 0.102157 0.945689 -0.308603
vn 0.123861 0.948843 -0.290441
vn 0.144737 0.951338 -0.272043
vn 0.165177 0.953191 -0.253264
vn 0.193966 0.954666 -0.225808
vn 0.222137 0.954737 -0.197821
vn 0.249116 0.953485 -0.169729
vn 0.275847 0.950906 -0.140304
vn 0.301769 0.946965 -0.110421
vn 0.139622 0.906040 -0.399496
vn 0.169486 0.909405 -0.379811
vn 0.198045 0.912022 -0.359158
vn 0.225667 0.913943 -0.337316
vn 0.263611 0.915461 -0.304040
vn 0.299442 0.915526 -0.268600
vn 0.332382 0.914246 -0.231683
vn 0.363513 0.911578 -0.192052
vn 0.392189 0.907400 -0.151040
vn 0.417344 0.901964 -0.110837
vn 0.175955 0.856807 -0.484688
vn 0.213381 0.860045 -0.463455
vn 0.248952 0.862485 -0.440617
vn 0.283053 0.864237 -0.415903
vn 0.329194 0.865597 -0.377322
vn 0.371886 0.865647 -0.335196
vn 0.410245 0.864509 -0.290385
vn 0.445498 0.862084 -0.241543
vn 0.476886 0.858116 -0.190307
vn 0.503301 0.852760 -0.139605
vn 0.525328 0.846226 -0.089062
vn 0.211113 0.797698 -0.564897
vn 0.255598 0.800478 -0.542129
vn 0.297621 0.802465 -0.517177
vn 0.337622 0.803837 -0.489753
vn 0.391176 0.804868 -0.446283
vn 0.440081 0.804892 -0.398091
vn 0.483421 0.804044 -0.346145
vn 0.522563 0.802157 -0.288916
vn 0.556596 0.798824 -0.228212
vn 0.584286 0.794053 -0.167602
vn 0.606438 0.787913 -0.106894
vn 0.622383 0.780948 -0.052535
vn 0.350900 -0.327453 -0.877294
vn 0.421176 -0.327833 -0.845657
vn 0.486120 -0.327917 -0.810036
vn 0.546774 -0.327880 -0.770411
vn 0.626426 -0.327794 -0.707207
vn 0.698082 -0.327762 -0.636595
vn 0.761230 -0.327864 -0.559495
vn 0.817849 -0.327939 -0.472841
vn 0.865865 -0.327612 -0.378086
vn 0.902557 -0.326668 -0.280497
vn 0.928416 -0.324927 -0.180185
vn 0.942400 -0.322555 -0.088546
vn 0.449586 -0.732606 -0.511039
vn 0.406993 -0.836220 -0.367549
vn 0.333309 -0.913736 -0.232362
vn -0.494164 -0.265956 0.827689
vn 0.504135 -0.732598 -0.457328
vn 0.552075 -0.732169 -0.398926
vn 0.594901 -0.731091 -0.334065
vn 0.631503 -0.728822 -0.264619
vn 0.660442 -0.725194 -0.194705
vn 0.682646 -0.720102 -0.124288
vn 0.697549 -0.713937 -0.060987
vn 0.447927 -0.835214 -0.319027
vn 0.364497 -0.911066 -0.192615
vn 0.485175 -0.833031 -0.265828
vn 0.517905 -0.829338 -0.209695
vn 0.544957 -0.824220 -0.153892
vn 0.567043 -0.817821 -0.098143
vn 0.583419 -0.810734 -0.048307
vn 0.393212 -0.906884 -0.151477
vn 0.418388 -0.901442 -0.111148
vn 0.440292 -0.895040 -0.071040
vn 0.457840 -0.888336 -0.035228
vn -0.920079 0.383321 0.080745
vn -0.829991 0.554145 0.063543
vn -0.709925 0.702770 0.046049
vn -0.563685 0.825250 0.034943
vn -0.395600 0.918065 0.025620
vn -0.211041 0.977350 0.015791
vn -0.017213 0.999843 0.004178
vn 0.177369 0.984095 -0.009907
vn 0.366077 0.930213 -0.026288
vn 0.000000 0.207912 0.978148
vn 0.000000 0.104528 0.994522
vn 0.000000 -0.104528 0.994522
vn 0.000000 -0.207912 0.978148
vn 0.000000 -0.309017 0.951057
vn 0.000000 -0.406737 0.913545
vn 0.000000 -0.500000 0.866025
vn 0.000000 -0.587785 0.809017
vn 0.000000 -0.669131 0.743145
vn 0.000000 -0.743145 0.669131
vn 0.000000 -0.809017 0.587785
vn 0.000000 -0.866025 0.500000
vn 0.000000 -0.913545 0.406737
vn 0.000000 -0.951057 0.309017
vn 0.000000 -0.978148 0.207912
vn 0.000000 -0.994522 0.104528
vn 0.000000 -1.000000 0.000000
vn -0.000000 -0.994522 -0.104528
vn -0.000000 -0.978148 -0.207912
vn -0.000000 -0.951057 -0.309017
vn -0.000000 -0.913545 -0.406737
vn -0.000000 -0.866025 -0.500000
vn -0.000000 -0.809017 -0.587785
vn -0.000000 -0.743145 -0.669131
vn -0.000000 -0.669131 -0.743145
vn -0.000000 -0.587785 -0.809017
vn -0.000000 -0.500000 -0.866025
vn -0.000000 -0.406737 -0.913545
vn -0.000000 -0.309017 -0.951057
vn -0.000000 -0.207912 -0.978148
vn -0.000000 -0.104528 -0.994522
vn 0.000000 0.104528 -0.994522
vn 0.000000 0.207912 -0.978148
vn 0.000000 0.309017 -0.951057
vn 0.000000 0.406737 -0.913545
vn 0.000000 0.500000 -0.866025
vn 0.000000 0.587785 -0.809017
vn 0.000000 0.669131 -0.743145
vn 0.000000 0.743145 -0.669131
vn 0.000000 0.809017 -0.587785
vn 0.000000 0.866025 -0.500000
vn 0.000000 0.913545 -0.406737
vn 0.000000 0.951057 -0.309017
vn 0.000000 0.978148 -0.207912
vn 0.000000 0.994522 -0.104528
vn 0.000000 1.000000 -0.000000
vn 0.000000 0.994522 0.104528
vn 0.000000 0.978148 0.207912
vn 0.000000 0.951057 0.309017
vn 0.000000 0.913545 0.406737
vn 0.000000 0.866025 0.500000
vn 0.000000 0.809017 0.587785
vn 0.000000 0.743145 0.669131
vn 0.000000 0.669131 0.743145
vn 0.000000 0.587785 0.809017
vn 0.000000 0.500000 0.866025
vn 0.000000 0.406737 0.913545
vn 0.000000 0.309017 0.951057
vn -0.978148 -0.207912 0.000000
vn -0.978148 -0.207912 0.000000
vn -1.000000 -0.000000 0.000000
vn -0.978148 0.207912 0.000000
vn -0.978148 0.207912 0.000000
vn -0.913545 0.406737 0.000000
vn -0.913545 0.406737 0.000000
vn -0.809017 0.587785 0.000000
vn -0.809017 0.587785 0.000000
vn -0.669131 0.743145 0.000000
vn -0.669131 0.743145 0.000000
vn -0.500000 0.866025 0.000000
vn -0.500000 0.866025 0.000000
vn -0.309017 0.951057 0.000000
vn -0.309017 0.951057 0.000000
vn -0.104528 0.994522 0.000000
vn -0.104528 0.994522 0.000000
vn 0.104528 0.994522 -0.000000
vn 0.104528 0.994522 -0.000000
vn 0.309017 0.951057 -0.000000
vn 0.309017 0.951057 -0.000000
vn 0.500000 0.866025 -0.000000
vn 0.500000 0.866025 -0.000000
vn 0.669131 0.743145 -0.000000
vn 0.669131 0.743145 -0.000000
vn 0.809017 0.587785 -0.000000
vn 0.809017 0.587785 -0.000000
vn 0.913545 0.406737 -0.000000
vn 0.913545 0.406737 -0.000000
vn 0.978148 0.207912 -0.000000
vn 0.978148 0.207912 -0.000000
vn 1.000000 0.000000 -0.000000
vn 0.978148 -0.207912 0.000000
vn 0.978148 -0.207912 0.000000
vn 0.913545 -0.406737 0.000000
vn 0.913545 -0.406737 0.000000
vn 0.809017 -0.587785 0.000000
vn 0.809017 -0.587785 0.000000
vn 0.669131 -0.743145 0.000000
vn 0.669131 -0.743145 0.000000
vn 0.500000 -0.866025 0.000000
vn 0.500000 -0.866025 0.000000
vn 0.309017 -0.951057 0.000000
vn 0.309017 -0.951057 0.000000
vn 0.104528 -0.994522 0.000000
vn 0.104528 -0.994522 0.000000
vn -0.104528 -0.994522 0.000000
vn -0.104528 -0.994522 0.000000
vn -0.309017 -0.951057 0.000000
vn -0.309017 -0.951057 0.000000
vn -0.500000 -0.866025 0.000000
vn -0.500000 -0.866025 0.000000
vn -0.669131 -0.743145 0.000000
vn -0.669131 -0.743145 0.000000
vn -0.809017 -0.587785 0.000000
vn -0.809017 -0.587785 0.000000
vn -0.913545 -0.406737 0.000000
vn -0.913545 -0.406737 0.000000
vn 0.107248 -0.000000 -0.994232
vn 0.015499 -0.190868 -0.981493
vn -0.000000 -0.201133 -0.979564
vn 0.013635 -0.375005 -0.926923
vn -0.000000 -0.394455 -0.918915
vn 0.010107 -0.544597 -0.838637
vn -0.000000 -0.571312 -0.820733
vn 0.007025 -0.694261 -0.719689
vn -0.000000 -0.724883 -0.688872
vn 0.004959 -0.818478 -0.574516
vn -0.000000 -0.848543 -0.529127
vn 0.003428 -0.913027 -0.407885
vn -0.000000 -0.937759 -0.347286
vn 0.002243 -0.973986 -0.226598
vn -0.000000 -0.988478 -0.151365
vn 0.000604 -0.999337 -0.036412
vn -0.000000 -0.998707 0.050836
vn -0.001501 -0.987895 0.155115
vn -0.000000 -0.968118 0.250497
vn -0.004087 -0.939974 0.341222
vn -0.000000 -0.897835 0.440331
vn -0.005413 -0.902943 0.429726
vn -0.006801 -0.857509 0.514425
vn -0.018260 -0.905948 0.422996
vn -0.023153 -0.860802 0.508412
vn -0.042183 -0.911144 0.409924
vn -0.054000 -0.866484 0.496276
vn -0.070513 -0.916864 0.392924
vn -0.090815 -0.872635 0.479855
vn -0.101570 -0.922328 0.372819
vn -0.131292 -0.878390 0.459558
vn -0.132858 -0.927030 0.350661
vn -0.172036 -0.883213 0.436278
vn -0.169849 -0.931288 0.322263
vn -0.219781 -0.887463 0.405100
vn -0.205321 -0.934016 0.292330
vn -0.264921 -0.890107 0.370846
vn -0.239464 -0.935268 0.260637
vn -0.307460 -0.891303 0.333239
vn -0.272386 -0.934987 0.227169
vn -0.347331 -0.891035 0.292262
vn -0.303439 -0.933207 0.192485
vn -0.383723 -0.889331 0.248690
vn -0.333003 -0.929891 0.156240
vn -0.417056 -0.886082 0.202296
vn -0.360291 -0.925142 0.119592
vn -0.446504 -0.881294 0.154773
vn -0.385217 -0.919116 0.082663
vn -0.472193 -0.875019 0.106653
vn -0.403665 -0.913365 0.053090
vn -0.490300 -0.868886 0.068140
vn -0.418603 -0.907785 0.026414
vn -0.504394 -0.862818 0.033628
vn -0.382817 -0.923824 -0.000000
vn -0.555583 -0.831461 -0.000000
vn -0.586055 -0.809231 0.041043
vn -0.661828 -0.748101 0.048252
vn -0.649735 -0.753787 0.098233
vn -0.720408 -0.684411 0.112219
vn -0.703232 -0.688921 0.175649
vn -0.765759 -0.612890 0.194883
vn -0.735971 -0.615965 0.280953
vn -0.789030 -0.533718 0.304264
vn -0.748199 -0.534744 0.392743
vn -0.791395 -0.446585 0.417439
vn -0.738760 -0.446607 0.504752
vn -0.796218 -0.261556 0.545550
vn -0.731519 -0.261405 0.629720
vn -0.756035 -0.067877 0.651002
vn -0.680511 -0.067865 0.729588
vn -0.676576 0.126740 0.725384
vn -0.593431 0.126811 0.794833
vn -0.566774 0.318622 0.759768
vn -0.478645 0.318776 0.818096
vn -0.435562 0.499989 0.748530
vn -0.345969 0.499468 0.794252
vn -0.321875 0.584559 0.744773
vn -0.247570 0.582801 0.773985
vn -0.225436 0.661709 0.715066
vn -0.156375 0.658105 0.736508
vn -0.138561 0.730453 0.668760
vn -0.082219 0.725181 0.683632
vn -0.070771 0.789693 0.609406
vn -0.030206 0.784025 0.619994
vn -0.025232 0.840366 0.541432
vn -0.007419 0.837055 0.547068
vn -0.005952 0.885925 0.463789
vn 0.000000 0.897886 0.440228
vn -0.004573 0.926425 0.376452
vn 0.000000 0.968027 0.250848
vn -0.003292 0.958212 0.286039
vn -0.000841 0.995226 0.097596
vn -0.010754 0.960351 0.278588
vn -0.002154 0.995932 0.090077
vn -0.024018 0.964020 0.264743
vn -0.003302 0.997043 0.076781
vn -0.039089 0.968074 0.247598
vn -0.003087 0.998115 0.061286
vn -0.055196 0.971966 0.228551
vn -0.001693 0.998963 0.045501
vn -0.071194 0.975341 0.208907
vn 0.000553 0.999522 0.030910
vn -0.090430 0.978417 0.185804
vn 0.002988 0.999859 0.016503
vn -0.109595 0.980407 0.163682
vn 0.004270 0.999973 0.005925
vn -0.129308 0.981320 0.142446
vn 0.003220 0.999994 -0.000816
vn -0.150075 0.981115 0.122031
vn -0.001193 0.999992 -0.003934
vn -0.171626 0.979813 0.102526
vn -0.009307 0.999949 -0.004038
vn -0.194279 0.977406 0.083268
vn -0.021408 0.999768 -0.002209
vn -0.217282 0.973980 0.064428
vn -0.036910 0.999318 0.000480
vn -0.240125 0.969679 0.045413
vn -0.054886 0.998489 0.002618
vn -0.258334 0.965593 0.029902
vn -0.070873 0.997479 0.003431
vn -0.273856 0.961648 0.015342
vn -0.085445 0.996339 0.002692
vn -0.195076 0.980788 0.000000
vn 0.105985 0.994334 -0.008170
vn 0.194937 0.980816 0.000000
vn 0.292667 0.956064 -0.016938
vn 0.382817 0.923824 0.000000
vn 0.467745 0.883537 -0.024020
vn 0.555583 0.831461 0.000000
vn 0.624912 0.780043 -0.031900
vn 0.759295 0.649297 -0.043404
vn 0.831383 0.555700 0.000000
vn 0.866968 0.494970 -0.058055
vn 0.923935 0.382550 0.000000
vn 0.944200 0.321256 -0.072671
vn 0.980788 0.195076 0.000000
vn 0.987743 0.134142 -0.079814
vn 0.994205 -0.000000 -0.107501
vn 0.977474 0.134766 -0.162429
vn 0.957941 0.135315 -0.253059
vn 0.934764 0.322586 -0.148842
vn 0.916723 0.324079 -0.233648
vn 0.860040 0.495635 -0.121149
vn 0.845748 0.496907 -0.194407
vn 0.756004 0.647966 -0.092725
vn 0.746655 0.647347 -0.153124
vn 0.626504 0.776225 -0.070473
vn 0.623383 0.772649 -0.120029
vn 0.474278 0.878691 -0.054427
vn 0.477575 0.873505 -0.094401
vn 0.302969 0.952204 -0.038958
vn 0.311587 0.947776 -0.068075
vn 0.118820 0.992718 -0.019827
vn 0.131513 0.990670 -0.035737
vn -0.000000 -0.790751 0.612138
vn -0.008269 -0.803869 0.594749
vn -0.028207 -0.807196 0.589609
vn -0.066068 -0.812898 0.578647
vn -0.111357 -0.818907 0.563020
vn -0.161100 -0.824332 0.542700
vn -0.210985 -0.828674 0.518444
vn -0.268941 -0.832308 0.484701
vn -0.323103 -0.834438 0.446450
vn -0.373391 -0.835373 0.403399
vn -0.419646 -0.835166 0.355520
vn -0.460961 -0.833829 0.303719
vn -0.497783 -0.831148 0.247800
vn -0.529203 -0.826977 0.189878
vn -0.555475 -0.821175 0.130837
vn -0.573043 -0.815265 0.083453
vn -0.009710 -0.742968 0.669256
vn -0.000000 -0.651233 0.758877
vn -0.011104 -0.674880 0.737844
vn -0.012371 -0.600869 0.799252
vn -0.037842 -0.677693 0.734370
vn -0.042085 -0.603293 0.796408
vn -0.088844 -0.682495 0.725471
vn -0.098772 -0.607469 0.788179
vn -0.149633 -0.687250 0.710843
vn -0.166137 -0.611514 0.773595
vn -0.215879 -0.691141 0.689725
vn -0.239231 -0.614674 0.751627
vn -0.281536 -0.693817 0.662839
vn -0.311260 -0.616661 0.723081
vn -0.356586 -0.695630 0.623655
vn -0.393048 -0.617795 0.681060
vn -0.425501 -0.696395 0.577912
vn -0.467684 -0.618093 0.631848
vn -0.488425 -0.696664 0.525452
vn -0.535549 -0.618142 0.575402
vn -0.545356 -0.696609 0.466178
vn -0.596820 -0.618137 0.511578
vn -0.595398 -0.696213 0.400984
vn -0.650669 -0.618054 0.441179
vn -0.639017 -0.695101 0.329381
vn -0.697560 -0.617495 0.363470
vn -0.674932 -0.692836 0.253860
vn -0.000000 -0.485355 0.874317
vn -0.013435 -0.521348 0.853239
vn -0.045710 -0.523338 0.850898
vn -0.107309 -0.526840 0.843163
vn -0.180353 -0.530198 0.828470
vn -0.259340 -0.532737 0.805565
vn -0.336817 -0.534211 0.775353
vn -0.424339 -0.534901 0.730628
vn -0.503837 -0.534928 0.678233
vn -0.575935 -0.534856 0.618245
vn -0.640998 -0.534878 0.550479
vn -0.698266 -0.534967 0.475641
vn -0.014340 -0.436501 0.899589
vn -0.000000 -0.299505 0.954095
vn -0.015599 -0.256702 0.966365
vn -0.000000 -0.101167 0.994869
vn -0.016142 -0.067086 0.997617
vn 0.000000 0.101303 0.994856
vn -0.016031 0.124901 0.992040
vn 0.000000 0.299454 0.954111
vn -0.015298 0.312362 0.949840
vn 0.000000 0.485129 0.874442
vn -0.013818 0.488071 0.872694
vn -0.012793 0.569989 0.821552
vn -0.047004 0.489827 0.870551
vn -0.043561 0.572239 0.818929
vn -0.110353 0.492966 0.863022
vn -0.102287 0.576144 0.810923
vn -0.185428 0.495971 0.848310
vn -0.172017 0.579906 0.796316
vn -0.266530 0.498214 0.825072
vn 0.000000 0.651343 0.758783
vn -0.011612 0.646356 0.762948
vn -0.039563 0.649035 0.759729
vn -0.092890 0.653615 0.751105
vn -0.010264 0.716888 0.697113
vn 0.000000 0.790812 0.612059
vn -0.008863 0.780710 0.624831
vn 0.000000 0.998713 0.050712
vn 0.001116 0.995532 -0.094418
vn 0.005141 0.994805 -0.101672
vn 0.014744 0.993400 -0.113752
vn 0.028948 0.991526 -0.126640
vn 0.046713 0.989331 -0.137993
vn 0.066410 0.987022 -0.146207
vn 0.090039 0.984528 -0.150325
vn 0.111813 0.982664 -0.147881
vn 0.129968 0.981741 -0.138900
vn 0.142919 0.981953 -0.123869
vn 0.149575 0.983244 -0.104201
vn 0.149574 0.985392 -0.081429
vn 0.143159 0.988006 -0.057872
vn -0.000000 0.988472 -0.151401
vn 0.002627 0.959264 -0.282500
vn 0.010988 0.957278 -0.288961
vn 0.029463 0.953783 -0.299049
vn 0.055703 0.949577 -0.308545
vn 0.088052 0.945078 -0.314760
vn 0.123857 0.940659 -0.315942
vn 0.167697 0.936139 -0.309065
vn 0.209612 0.932874 -0.292931
vn 0.247109 0.931289 -0.267653
vn 0.277892 0.931651 -0.234101
vn 0.299937 0.933882 -0.194684
vn 0.312723 0.937679 -0.151536
vn 0.316125 0.942513 -0.108324
vn -0.000000 0.937681 -0.347498
vn 0.003828 0.887860 -0.460097
vn 0.015713 0.885140 -0.465059
vn 0.041346 0.880630 -0.471998
vn 0.077418 0.875570 -0.476848
vn 0.121902 0.870518 -0.476801
vn 0.171424 0.865827 -0.470060
vn 0.233011 0.861279 -0.451559
vn 0.293152 0.858101 -0.421574
vn 0.348692 0.856592 -0.380347
vn 0.396615 0.856935 -0.329179
vn 0.433891 0.859073 -0.271537
vn 0.459802 0.862800 -0.210141
vn 0.473824 0.867768 -0.149898
vn -0.000000 0.848721 -0.528841
vn 0.005424 0.783944 -0.620808
vn 0.021151 0.781432 -0.623631
vn 0.054004 0.777688 -0.626326
vn 0.099050 0.774006 -0.625383
vn 0.153943 0.770842 -0.618146
vn 0.214646 0.768292 -0.603038
vn 0.290412 0.766203 -0.573231
vn 0.365005 0.764915 -0.530731
vn 0.435067 0.764361 -0.475887
vn 0.497227 0.764484 -0.410280
vn 0.547751 0.765294 -0.338075
vn 0.585821 0.766855 -0.262196
vn 0.610500 0.769308 -0.188298
vn -0.000000 0.724831 -0.688927
vn 0.008002 0.651417 -0.758678
vn 0.029240 0.649967 -0.759400
vn 0.071966 0.648390 -0.757899
vn 0.127791 0.647491 -0.751282
vn 0.193626 0.647379 -0.737163
vn 0.264295 0.647793 -0.714501
vn 0.350803 0.648696 -0.675375
vn 0.434816 0.649516 -0.623750
vn 0.513675 0.649976 -0.560062
vn 0.584596 0.649868 -0.485715
vn 0.644066 0.649249 -0.404542
vn 0.691418 0.648334 -0.318753
vn 0.725230 0.647574 -0.233858
vn -0.000000 0.571357 -0.820701
vn 0.011148 0.495306 -0.868647
vn 0.039442 0.494962 -0.868019
vn 0.094985 0.495281 -0.863524
vn 0.164053 0.496336 -0.852489
vn 0.242067 0.497888 -0.832773
vn 0.322110 0.499532 -0.804185
vn 0.416292 0.501307 -0.758546
vn 0.504789 0.502555 -0.701873
vn 0.586544 0.503171 -0.634653
vn 0.660331 0.503030 -0.557605
vn 0.723847 0.502177 -0.473142
vn 0.776859 0.500692 -0.381835
vn 0.817420 0.498843 -0.288061
vn -0.000000 0.394195 -0.919027
vn 0.014460 0.320586 -0.947109
vn 0.049725 0.320915 -0.945802
vn 0.117618 0.322026 -0.939396
vn 0.198889 0.323485 -0.925095
vn 0.287277 0.324948 -0.901045
vn 0.374314 0.326143 -0.868056
vn 0.472799 0.327158 -0.818186
vn 0.562357 0.327743 -0.759170
vn 0.643676 0.328007 -0.691442
vn 0.717134 0.327948 -0.614954
vn 0.781773 0.327580 -0.530586
vn 0.837861 0.326832 -0.437229
vn 0.883110 0.325677 -0.337716
vn -0.000000 0.201309 -0.979528
vn 0.016062 0.133707 -0.990891
vn 0.054742 0.133949 -0.989475
vn 0.128702 0.134522 -0.982517
vn 0.216056 0.135116 -0.966987
vn 0.309803 0.135564 -0.941087
vn 0.400784 0.135793 -0.906053
vn 0.502323 0.135857 -0.853940
vn 0.593592 0.135804 -0.793225
vn 0.675966 0.135764 -0.724319
vn 0.750396 0.135774 -0.646894
vn 0.816385 0.135831 -0.561307
vn 0.874390 0.135852 -0.465817
vn 0.921975 0.135724 -0.362686
vn 0.321737 -0.000000 -0.946829
vn 0.532682 -0.000000 -0.846315
vn 0.707180 -0.000000 -0.707034
vn 0.846712 -0.000000 -0.532051
vn 0.947061 -0.000000 -0.321054
vn -0.382550 0.923935 -0.000000
vn -0.364837 0.930809 0.022104
vn -0.349565 0.935873 0.044113
vn -0.331079 0.941127 0.068308
vn -0.306786 0.946675 0.098432
vn -0.280963 0.951095 0.128370
vn -0.253856 0.954206 0.158266
vn -0.226242 0.955889 0.187324
vn -0.197770 0.956155 0.215997
vn -0.168959 0.954972 0.243887
vn -0.139564 0.952402 0.271022
vn -0.109243 0.948428 0.297574
vn -0.083742 0.944077 0.318914
vn -0.058382 0.939064 0.338749
vn -0.035136 0.933853 0.355927
vn -0.015329 0.929147 0.369393
vn -0.453074 0.890993 0.029238
vn -0.555700 0.831383 -0.000000
vn -0.537618 0.842391 0.036663
vn -0.616594 0.786053 0.043956
vn -0.524026 0.848448 0.074378
vn -0.603902 0.792030 0.089392
vn -0.506223 0.854496 0.116513
vn -0.586408 0.797808 0.140103
vn -0.480407 0.860585 0.169124
vn -0.559748 0.803375 0.203154
vn -0.450252 0.865129 0.220963
vn -0.527444 0.807268 0.264806
vn -0.415558 0.868153 0.271333
vn -0.489241 0.809699 0.324084
vn -0.377171 0.869712 0.318346
vn -0.446105 0.810880 0.378766
vn -0.334658 0.869955 0.362191
vn -0.397576 0.811062 0.429083
vn -0.288883 0.868863 0.402025
vn -0.344573 0.810237 0.474115
vn -0.239972 0.866423 0.437865
vn -0.287242 0.808329 0.513903
vn -0.187980 0.862416 0.470002
vn -0.225649 0.804971 0.548729
vn -0.143459 0.857783 0.493587
vn -0.172444 0.800855 0.573493
vn -0.099186 0.852157 0.513801
vn -0.119264 0.795603 0.593963
vn -0.058920 0.846059 0.529823
vn -0.690181 0.721837 0.051012
vn -0.678425 0.727290 0.103870
vn -0.661201 0.732350 0.162716
vn -0.633608 0.736934 0.235518
vn -0.599110 0.739824 0.306150
vn -0.557520 0.741425 0.373445
vn -0.509978 0.742105 0.434974
vn -0.456017 0.742206 0.491100
vn -0.396559 0.741736 0.540896
vn -0.331684 0.740551 0.584439
vn -0.261362 0.738155 0.621947
vn -0.200123 0.734911 0.647964
vn -0.757154 0.650689 0.057633
vn -0.831461 0.555583 -0.000000
vn -0.816638 0.573650 0.063464
vn -0.868489 0.490955 0.068478
vn -0.805983 0.577680 0.129143
vn -0.858117 0.494200 0.139292
vn -0.788377 0.581172 0.201743
vn -0.840107 0.496962 0.217368
vn -0.757978 0.583955 0.290629
vn -0.808218 0.499059 0.312607
vn -0.718591 0.585254 0.375639
vn -0.766496 0.499884 0.403236
vn -0.670459 0.585652 0.455518
vn -0.715440 0.499991 0.488011
vn -0.615202 0.585649 0.527770
vn -0.656912 0.499848 0.564463
vn -0.552359 0.585641 0.593232
vn -0.590461 0.499818 0.633670
vn -0.482730 0.585652 0.651140
vn -0.516821 0.499926 0.694960
vn -0.406061 0.585486 0.701656
vn -0.923824 0.382817 -0.000000
vn -0.946438 0.313883 0.075716
vn -0.936278 0.315723 0.153959
vn -0.917458 0.317281 0.240007
vn -0.883115 0.318415 0.344559
vn -0.837680 0.318764 0.443489
vn -0.782050 0.318698 0.535565
vn -0.718460 0.318531 0.618347
vn -0.646484 0.318500 0.693265
vn -0.980816 0.194937 -0.000000
vn -0.988927 0.125382 0.079386
vn -0.978799 0.126010 0.161474
vn -0.959494 0.126533 0.251717
vn -0.923793 0.126884 0.361257
vn -0.876307 0.126942 0.464727
vn -0.818127 0.126856 0.560871
vn -0.751685 0.126757 0.647226
vn -0.994528 -0.067322 0.079888
vn -0.984393 -0.067631 0.162472
vn -0.965015 -0.067880 0.253257
vn -0.929130 -0.068028 0.363442
vn -0.881371 -0.068022 0.467502
vn -0.822853 -0.067947 0.564177
vn -0.980788 -0.195076 -0.000000
vn -0.963094 -0.257859 0.077194
vn -0.952957 -0.259297 0.156964
vn -0.933953 -0.260516 0.244671
vn -0.899080 -0.261391 0.351184
vn -0.852843 -0.261637 0.451890
vn -0.923935 -0.382550 -0.000000
vn -0.895695 -0.438957 0.071045
vn -0.885415 -0.441771 0.144497
vn -0.867135 -0.444157 0.225391
vn -0.834400 -0.445939 0.323907
vn -0.831383 -0.555700 -0.000000
vn -0.848740 -0.524600 0.066590
vn -0.838236 -0.528215 0.135457
vn -0.820362 -0.531315 0.211450
vn -0.794013 -0.604802 0.061297
vn -0.731670 -0.679426 0.055123
vn -0.329339 -0.944011 0.019452
vn -0.194937 -0.980816 -0.000000
vn -0.142885 -0.989719 0.006271
vn 0.048172 -0.998826 -0.005138
vn 0.195076 -0.980788 -0.000000
vn 0.237294 -0.971329 -0.014578
vn 0.382550 -0.923935 -0.000000
vn 0.416418 -0.908910 -0.021869
vn 0.555700 -0.831383 -0.000000
vn 0.579686 -0.814308 -0.029432
vn 0.721307 -0.691499 -0.039317
vn 0.831461 -0.555583 -0.000000
vn 0.837522 -0.543793 -0.053346
vn 0.923824 -0.382817 -0.000000
vn 0.924260 -0.375507 -0.068830
vn 0.980816 -0.194937 -0.000000
vn 0.978390 -0.191416 -0.078186
vn 0.968244 -0.192273 -0.159799
vn 0.948927 -0.193078 -0.249518
vn 0.913324 -0.193751 -0.358190
vn 0.866077 -0.380281 -0.324495
vn 0.822021 -0.381762 -0.422540
vn 0.753483 -0.548368 -0.362707
vn 0.701839 -0.549890 -0.452817
vn 0.616664 -0.687239 -0.383963
vn 0.559333 -0.687519 -0.463103
vn 0.468306 -0.794468 -0.386666
vn 0.410024 -0.794267 -0.448353
vn 0.319675 -0.881265 -0.348108
vn 0.269318 -0.882894 -0.384664
vn 0.181587 -0.950891 -0.250662
vn 0.145634 -0.953851 -0.262600
vn 0.064303 -0.992904 -0.100031
vn 0.047109 -0.994574 -0.092756
vn -0.020419 -0.996200 0.084662
vn -0.017242 -0.994741 0.100963
vn -0.072442 -0.956219 0.283544
vn -0.050749 -0.951603 0.303110
vn 0.866173 -0.194060 -0.460528
vn 0.766686 -0.382799 -0.515421
vn 0.639103 -0.550793 -0.536819
vn 0.490364 -0.687574 -0.535524
vn 0.343899 -0.795159 -0.499455
vn 0.214362 -0.886294 -0.410526
vn 0.107701 -0.957918 -0.266070
vn 0.032657 -0.996048 -0.082596
vn -0.013474 -0.992934 0.117898
vn -0.030751 -0.946810 0.320320
vn 0.808641 -0.194152 -0.555342
vn 0.743141 -0.194148 -0.640350
vn 0.669226 -0.194146 -0.717248
vn 0.628676 -0.383432 -0.676570
vn 0.547182 -0.383041 -0.744226
vn 0.484240 -0.550288 -0.680216
vn 0.396600 -0.548992 -0.735742
vn 0.331708 -0.687044 -0.646483
vn 0.248079 -0.686911 -0.683089
vn 0.201480 -0.800114 -0.564999
vn 0.144016 -0.803478 -0.577652
vn 0.112130 -0.895953 -0.429762
vn 0.071074 -0.901077 -0.427795
vn 0.048332 -0.965786 -0.254799
vn 0.025463 -0.969400 -0.244163
vn 0.009643 -0.998372 -0.056215
vn 0.003127 -0.999037 -0.043758
vn -0.004566 -0.989040 0.147576
vn 0.587408 -0.194149 -0.785658
vn 0.457840 -0.382204 -0.802684
vn 0.304348 -0.547232 -0.779686
vn 0.180343 -0.687314 -0.703616
vn 0.092257 -0.807399 -0.582748
vn 0.037804 -0.906087 -0.421400
vn 0.009428 -0.972343 -0.233366
vn 0.496771 -0.194115 -0.845895
vn 0.395985 -0.193895 -0.897552
vn 0.305750 -0.193473 -0.932247
vn 0.275222 -0.379407 -0.883348
vn 0.189597 -0.377755 -0.906286
vn 0.152599 -0.544453 -0.824793
vn 0.087638 -0.543813 -0.834618
vn 0.065681 -0.690105 -0.720723
vn 0.026330 -0.692421 -0.721013
vn 0.019468 -0.815817 -0.577982
vn 0.212870 -0.192778 -0.957874
vn 0.111612 -0.376242 -0.919774
vn 0.036145 -0.543956 -0.838335
vn 0.126454 -0.191931 -0.973227
vn 0.053476 -0.191163 -0.980100
vn 0.047050 -0.375212 -0.925744
vn -0.020172 0.889070 0.457327
vn -0.046818 0.894504 0.444602
vn -0.078503 0.900453 0.427811
vn -0.113305 0.906098 0.407613
vn -0.148375 0.910914 0.384995
vn -0.189695 0.915236 0.355469
vn -0.229080 0.917981 0.323781
vn -0.266634 0.919234 0.289682
vn -0.302384 0.918953 0.253159
vn -0.335608 0.917169 0.214868
vn -0.366702 0.913822 0.174522
vn -0.394868 0.908986 0.133508
vn -0.420115 0.902784 0.092117
vn -0.438447 0.896818 0.059001
vn -0.035021 0.719956 0.693135
vn -0.051976 0.313264 0.948243
vn -0.122003 0.315019 0.941211
vn -0.204840 0.316726 0.926135
vn -0.294049 0.317974 0.901348
vn -0.381038 0.318607 0.867928
vn -0.054485 0.125177 0.990637
vn -0.127948 0.125769 0.983774
vn -0.214842 0.126349 0.968441
vn -0.308359 0.126756 0.942787
vn -0.399431 0.126929 0.907934
vn -0.501453 0.126922 0.855825
vn -0.054835 -0.067220 0.996230
vn -0.128743 -0.067513 0.989377
vn -0.216162 -0.067794 0.974001
vn -0.310235 -0.067979 0.948226
vn -0.401836 -0.068038 0.913181
vn -0.504432 -0.067999 0.860770
vn -0.596914 -0.067915 0.799425
vn -0.052990 -0.257381 0.964856
vn -0.124385 -0.258746 0.957903
vn -0.208829 -0.260082 0.942734
vn -0.299737 -0.261054 0.917610
vn -0.388327 -0.261532 0.883630
vn -0.487658 -0.261635 0.832908
vn -0.577284 -0.261487 0.773542
vn -0.658327 -0.261378 0.705895
vn -0.048766 -0.437987 0.897658
vn -0.114488 -0.440700 0.890324
vn -0.192312 -0.443304 0.875499
vn -0.276272 -0.445230 0.851730
vn -0.358361 -0.446270 0.820013
vn -0.450750 -0.446649 0.772871
vn -0.534394 -0.446530 0.717659
vn -0.610131 -0.446403 0.654572
vn -0.678487 -0.446436 0.583395
vn -0.033133 -0.746152 0.664951
vn -0.077754 -0.751579 0.655045
vn -0.131066 -0.757125 0.639987
vn -0.189412 -0.761912 0.619366
vn -0.247592 -0.765506 0.593884
vn -0.314615 -0.768282 0.557459
vn -0.376652 -0.769748 0.515385
vn -0.433682 -0.770355 0.467412
vn -0.485583 -0.770223 0.413480
vn -0.531427 -0.769349 0.354525
vn -0.571679 -0.767423 0.290249
vn -0.605275 -0.764136 0.223021
vn -0.632448 -0.759151 0.153946
vn -0.013546 -0.942483 0.333980
vn 0.014254 -0.910448 -0.413377
vn -0.009217 -0.990935 0.134024
vn 0.019751 -0.997359 -0.069897
vn 0.076537 -0.961845 -0.262671
vn 0.157791 -0.891098 -0.425495
vn 0.273262 -0.797124 -0.538443
vn 0.413462 -0.687352 -0.597157
vn 0.565659 -0.550944 -0.613589
vn 0.702280 -0.383343 -0.599875
vn 0.050003 -0.811683 -0.581955
vn 0.117952 -0.688325 -0.715749
vn 0.226961 -0.545726 -0.806643
vn 0.360432 -0.380863 -0.851488
vn -0.293719 0.664102 0.687530
vn -0.371554 0.665626 0.647217
vn -0.442837 0.666187 0.600075
vn -0.507801 0.666359 0.545989
vn -0.566513 0.666326 0.484843
vn -0.618101 0.666068 0.417497
vn -0.663034 0.665196 0.343368
vn -0.699936 0.663239 0.264958
vn -0.728814 0.659662 0.183513
vn -0.746087 0.655432 0.117314
vn -0.094194 -0.960232 0.262835
vn -0.024480 -0.997425 0.067409
vn 0.079803 -0.991619 -0.101602
vn 0.213295 -0.949448 -0.230335
vn 0.362618 -0.881636 -0.302037
vn 0.515165 -0.795749 -0.318416
vn 0.661611 -0.686937 -0.300647
vn 0.792238 -0.546586 -0.271299
vn 0.898330 -0.378411 -0.223178
vn -0.120162 -0.963902 0.237600
vn -0.145559 -0.966282 0.212397
vn -0.170829 -0.967377 0.187082
vn -0.196314 -0.967130 0.161615
vn -0.221584 -0.965571 0.136280
vn -0.246979 -0.962694 0.110548
vn -0.271732 -0.958614 0.084977
vn -0.295500 -0.953504 0.059247
vn -0.313922 -0.948668 0.038497
vn -0.029383 -0.998154 0.053146
vn 0.092044 -0.990972 -0.097476
vn 0.238690 -0.949777 -0.202361
vn 0.395409 -0.883938 -0.249610
vn 0.549793 -0.798091 -0.246535
vn 0.692903 -0.687026 -0.218817
vn 0.818641 -0.544894 -0.181429
vn 0.915424 -0.376809 -0.141472
vn -0.036141 -0.998469 0.041865
vn -0.045625 -0.998400 0.033411
vn -0.057974 -0.997942 0.027399
vn -0.073472 -0.997035 0.022871
vn -0.091459 -0.995625 0.019130
vn -0.111110 -0.993695 0.015005
vn -0.127917 -0.991724 0.011023
vn 0.099633 -0.991121 -0.088046
vn 0.256045 -0.951807 -0.168833
vn 0.417387 -0.887912 -0.193393
vn 0.571382 -0.801478 -0.176513
vn 0.711881 -0.687817 -0.141895
vn 0.831565 -0.543995 -0.112115
vn 0.101729 -0.992022 -0.074455
vn 0.098004 -0.993490 -0.058078
vn 0.088806 -0.995212 -0.040834
vn 0.075234 -0.996861 -0.024671
vn 0.061539 -0.998017 -0.013209
vn 0.264898 -0.955242 -0.131690
vn 0.428149 -0.893117 -0.137951
vn 0.581561 -0.805752 -0.112024
vn 0.719428 -0.689346 -0.085006
vn 0.265239 -0.959571 -0.094191
vn 0.258439 -0.964217 -0.059124
vn 0.248475 -0.968051 -0.033730
vn -0.783216 -0.609115 0.124707
vn 0.429275 -0.898998 -0.086754
vn 0.582765 -0.810005 -0.065401
vn 0.424232 -0.904180 -0.049856
usemtl Recubrimiento_de_polvo_(amarillo)
f 2/1/1 30/2/2 1/3/3
f 1/3/3 30/2/2 40/4/4
f 1/3/3 40/4/4 68/5/5
f 68/5/5 40/4/4 67/6/6
f 67/6/6 40/4/4 66/7/7
f 66/7/7 40/4/4 65/8/8
f 65/8/8 40/4/4 41/9/9
f 65/8/8 41/9/9 64/10/10
f 64/10/10 41/9/9 63/11/11
f 63/11/11 41/9/9 42/12/12
f 63/11/11 42/12/12 62/13/13
f 62/13/13 42/12/12 43/14/14
f 62/13/13 43/14/14 61/15/15
f 61/15/15 43/14/14 60/16/16
f 60/16/16 43/14/14 44/17/17
f 60/16/16 44/17/17 59/18/18
f 59/18/18 44/17/17 58/19/19
f 58/19/19 44/17/17 45/20/20
f 58/19/19 45/20/20 57/21/21
f 57/21/21 45/20/20 56/22/22
f 56/22/22 45/20/20 46/23/23
f 56/22/22 46/23/23 55/24/24
f 55/24/24 46/23/23 54/25/25
f 54/25/25 46/23/23 47/26/26
f 54/25/25 47/26/26 53/27/27
f 53/27/27 47/26/26 48/28/28
f 53/27/27 48/28/28 52/29/29
f 52/29/29 48/28/28 49/30/30
f 52/29/29 49/30/30 50/31/31
f 2/1/1 3/32/32 30/2/2
f 30/2/2 3/32/32 4/33/33
f 30/2/2 4/33/33 5/34/34
f 30/2/2 5/34/34 29/35/35
f 29/35/35 5/34/34 6/36/36
f 29/35/35 6/36/36 7/37/37
f 29/35/35 7/37/37 28/38/38
f 28/38/38 7/37/37 8/39/39
f 28/38/38 8/39/39 27/40/40
f 27/40/40 8/39/39 9/41/41
f 27/40/40 9/41/41 10/42/42
f 27/40/40 10/42/42 26/43/43
f 26/43/43 10/42/42 11/44/44
f 26/43/43 11/44/44 12/45/45
f 12/45/45 13/46/46 26/43/43
f 26/43/43 13/46/46 25/47/47
f 25/47/47 13/46/46 14/48/48
f 25/47/47 14/48/48 15/49/49
f 15/49/49 16/50/50 25/47/47
f 25/47/47 16/50/50 24/51/51
f 24/51/51 16/50/50 17/52/52
f 24/51/51 17/52/52 18/53/53
f 19/54/54 22/55/55 18/53/53
f 18/53/53 22/55/55 23/56/56
f 18/53/53 23/56/56 24/51/51
f 20/57/57 21/58/58 19/54/54
f 19/54/54 21/58/58 22/55/55
f 30/2/2 31/59/59 40/4/4
f 40/4/4 31/59/59 39/60/60
f 39/60/60 31/59/59 38/61/61
f 38/61/61 31/59/59 32/62/62
f 38/61/61 32/62/62 37/63/63
f 37/63/63 32/62/62 33/64/64
f 37/63/63 33/64/64 34/65/65
f 35/66/66 36/67/67 34/65/65
f 34/65/65 36/67/67 37/63/63
f 50/31/31 51/68/68 52/29/29
f 95/69/69 69/70/70 101/71/71
f 101/71/71 69/70/70 70/72/72
f 101/71/71 70/72/72 100/73/73
f 100/73/73 70/72/72 71/74/74
f 100/73/73 71/74/74 72/75/75
f 100/73/73 72/75/75 99/76/76
f 99/76/76 72/75/75 73/77/77
f 99/76/76 73/77/77 98/78/78
f 98/78/78 73/77/77 74/79/79
f 98/80/78 74/81/79 97/82/80
f 97/82/80 74/81/79 75/83/81
f 97/82/80 75/83/81 124/84/82
f 124/84/82 75/83/81 76/85/83
f 124/84/82 76/85/83 120/86/84
f 120/86/84 76/85/83 119/87/85
f 119/87/85 76/85/83 77/88/86
f 119/87/85 77/88/86 78/89/87
f 119/87/85 78/89/87 118/90/88
f 118/90/88 78/89/87 79/91/89
f 118/92/88 79/93/89 80/94/90
f 118/92/88 80/94/90 117/95/91
f 117/95/91 80/94/90 81/96/92
f 117/95/91 81/96/92 82/97/93
f 82/97/93 83/98/94 117/95/91
f 117/95/91 83/98/94 116/99/95
f 116/99/95 83/98/94 84/100/96
f 116/99/95 84/100/96 85/101/97
f 85/101/97 86/102/98 116/99/95
f 116/99/95 86/102/98 87/103/99
f 116/99/95 87/103/99 88/104/100
f 89/105/101 101/71/71 88/104/100
f 88/104/100 101/71/71 102/106/102
f 88/104/100 102/106/102 116/99/95
f 116/99/95 102/106/102 115/107/103
f 115/107/103 102/106/102 103/108/104
f 115/107/103 103/108/104 114/109/105
f 114/109/105 103/108/104 113/110/106
f 113/110/106 103/108/104 104/111/107
f 113/110/106 104/111/107 112/112/108
f 112/112/108 104/111/107 105/113/109
f 112/112/108 105/113/109 111/114/110
f 111/114/110 105/113/109 110/115/111
f 110/115/111 105/113/109 106/116/112
f 110/115/111 106/116/112 107/117/113
f 89/105/101 90/118/114 101/71/71
f 101/71/71 90/118/114 91/119/115
f 101/71/71 91/119/115 92/120/116
f 92/120/116 93/121/117 101/71/71
f 101/71/71 93/121/117 94/122/118
f 101/71/71 94/122/118 95/69/69
f 96/123/119 97/82/80 124/84/82
f 108/124/120 109/125/121 107/117/113
f 107/117/113 109/125/121 110/115/111
f 124/84/82 120/86/84 123/126/122
f 123/126/122 120/86/84 121/127/123
f 123/126/122 121/127/123 122/128/124
usemtl Cobre_-_Pulido
f 73/77/77 72/75/75 79/93/89
f 79/93/89 72/75/75 71/74/74
f 79/93/89 71/74/74 80/94/90
f 80/94/90 71/74/74 70/72/72
f 80/94/90 70/72/72 81/96/92
f 81/96/92 70/72/72 69/70/70
f 81/96/92 69/70/70 95/69/69
f 81/96/92 95/69/69 82/97/93
f 82/97/93 95/69/69 94/122/118
f 82/97/93 94/122/118 83/98/94
f 83/98/94 94/122/118 93/121/117
f 83/98/94 93/121/117 84/100/96
f 84/100/96 93/121/117 92/120/116
f 84/100/96 92/120/116 85/101/97
f 85/101/97 92/120/116 91/119/115
f 85/101/97 91/119/115 90/118/114
f 89/105/101 88/104/100 90/118/114
f 90/118/114 88/104/100 87/103/99
f 90/118/114 87/103/99 86/102/98
f 86/102/98 85/101/97 90/118/114
f 79/93/89 78/129/87 73/130/77
f 73/130/77 78/129/87 74/131/79
f 74/131/79 78/129/87 77/132/86
f 74/131/79 77/132/86 75/133/81
f 75/133/81 77/132/86 76/134/83
usemtl Recubrimiento_de_polvo_(amarillo)
f 126/135/125 172/136/126 125/137/127
f 125/137/127 172/136/126 173/138/128
f 125/137/127 173/138/128 150/139/129
f 150/139/129 173/138/128 149/140/130
f 149/140/130 173/138/128 148/141/131
f 148/141/131 173/138/128 147/142/132
f 147/142/132 173/138/128 188/143/133
f 147/142/132 188/143/133 146/144/134
f 146/144/134 188/143/133 189/145/135
f 146/144/134 189/145/135 145/146/136
f 145/146/136 189/145/135 144/147/137
f 144/147/137 189/145/135 143/148/138
f 143/148/138 189/145/135 142/149/139
f 142/149/139 189/145/135 141/150/140
f 141/150/140 189/145/135 140/151/141
f 140/151/141 189/145/135 190/152/142
f 140/151/141 190/152/142 139/153/143
f 139/153/143 190/152/142 191/154/144
f 139/153/143 191/154/144 138/155/145
f 138/155/145 191/154/144 137/156/146
f 137/156/146 191/154/144 136/157/147
f 136/157/147 191/154/144 192/158/148
f 136/157/147 192/158/148 135/159/149
f 135/159/149 192/158/148 153/160/150
f 135/159/149 153/160/150 155/161/151
f 155/161/151 153/160/150 154/162/152
f 126/135/125 127/163/153 172/136/126
f 172/136/126 127/163/153 128/164/154
f 172/136/126 128/164/154 129/165/155
f 172/136/126 129/165/155 164/166/156
f 164/166/156 129/165/155 130/167/157
f 164/166/156 130/167/157 163/168/158
f 163/168/158 130/167/157 131/169/159
f 163/168/158 131/169/159 132/170/160
f 133/171/161 160/172/162 132/170/160
f 132/170/160 160/172/162 161/173/163
f 132/170/160 161/173/163 162/174/164
f 160/172/162 133/171/161 159/175/165
f 159/175/165 133/171/161 134/176/166
f 159/175/165 134/176/166 158/177/167
f 158/177/167 134/176/166 157/178/168
f 157/178/168 134/176/166 135/159/149
f 157/178/168 135/159/149 156/179/169
f 156/179/169 135/159/149 155/161/151
f 151/180/170 152/181/171 193/182/172
f 193/182/172 152/181/171 192/158/148
f 192/158/148 152/181/171 153/160/150
f 162/174/164 163/168/158 132/170/160
f 172/136/126 164/166/156 171/183/173
f 171/183/173 164/166/156 165/184/174
f 171/183/173 165/184/174 170/185/175
f 170/185/175 165/184/174 166/186/176
f 170/185/175 166/186/176 169/187/177
f 169/187/177 166/186/176 167/188/178
f 169/187/177 167/188/178 168/189/179
f 173/138/128 174/190/180 188/143/133
f 188/143/133 174/190/180 187/191/181
f 187/191/181 174/190/180 186/192/182
f 186/192/182 174/190/180 175/193/183
f 186/192/182 175/193/183 185/194/184
f 185/194/184 175/193/183 176/195/185
f 185/194/184 176/195/185 184/196/186
f 184/196/186 176/195/185 177/197/187
f 184/196/186 177/197/187 183/198/188
f 183/198/188 177/197/187 178/199/189
f 183/198/188 178/199/189 182/200/190
f 182/200/190 178/199/189 179/201/191
f 182/200/190 179/201/191 180/202/192
f 180/202/192 181/203/193 182/200/190
usemtl Cobre_-_Pulido
f 130/167/157 129/165/155 141/150/140
f 141/150/140 129/165/155 128/164/154
f 141/150/140 128/164/154 142/149/139
f 142/149/139 128/164/154 127/163/153
f 142/149/139 127/163/153 143/148/138
f 143/148/138 127/163/153 126/135/125
f 143/148/138 126/135/125 144/147/137
f 144/147/137 126/135/125 125/137/127
f 144/147/137 125/137/127 150/139/129
f 144/147/137 150/139/129 145/146/136
f 145/146/136 150/139/129 149/140/130
f 145/146/136 149/140/130 148/141/131
f 148/141/131 147/142/132 145/146/136
f 145/146/136 147/142/132 146/144/134
f 141/150/140 140/151/141 130/167/157
f 130/167/157 140/151/141 131/169/159
f 131/169/159 140/151/141 139/153/143
f 131/169/159 139/153/143 132/170/160
f 132/170/160 139/153/143 138/155/145
f 132/170/160 138/155/145 133/171/161
f 133/171/161 138/155/145 137/156/146
f 133/171/161 137/156/146 134/176/166
f 134/176/166 137/156/146 136/157/147
f 134/176/166 136/157/147 135/159/149
usemtl Recubrimiento_de_polvo_(amarillo)
f 195/204/194 266/205/195 194/206/196
f 194/206/196 266/205/195 243/207/197
f 194/206/196 243/207/197 224/208/198
f 224/208/198 243/207/197 223/209/199
f 223/209/199 243/207/197 222/210/200
f 222/210/200 243/207/197 244/211/201
f 222/210/200 244/211/201 221/212/202
f 221/212/202 244/211/201 220/213/203
f 220/213/203 244/211/201 219/214/204
f 219/214/204 244/211/201 245/215/205
f 219/214/204 245/215/205 218/216/206
f 218/216/206 245/215/205 217/217/207
f 217/217/207 245/215/205 246/218/208
f 217/217/207 246/218/208 216/219/209
f 216/219/209 246/218/208 215/220/210
f 215/220/210 246/218/208 214/221/211
f 214/221/211 246/218/208 247/222/212
f 214/221/211 247/222/212 213/223/213
f 213/223/213 247/222/212 212/224/214
f 212/224/214 247/222/212 211/225/215
f 211/225/215 247/222/212 210/226/216
f 210/226/216 247/222/212 248/227/217
f 210/226/216 248/227/217 259/228/218
f 259/228/218 248/227/217 258/229/219
f 258/229/219 248/227/217 249/230/220
f 258/229/219 249/230/220 257/231/221
f 257/231/221 249/230/220 250/232/222
f 257/231/221 250/232/222 256/233/223
f 256/233/223 250/232/222 255/234/224
f 255/234/224 250/232/222 251/235/225
f 255/234/224 251/235/225 254/236/226
f 254/236/226 251/235/225 252/237/227
f 254/236/226 252/237/227 253/238/228
f 195/204/194 196/239/229 266/205/195
f 266/205/195 196/239/229 265/240/230
f 265/240/230 196/239/229 197/241/231
f 265/240/230 197/241/231 198/242/232
f 198/242/232 199/243/233 265/240/230
f 265/240/230 199/243/233 264/244/234
f 264/244/234 199/243/233 200/245/235
f 264/244/234 200/245/235 201/246/236
f 264/244/234 201/246/236 263/247/237
f 263/247/237 201/246/236 202/248/238
f 263/247/237 202/248/238 262/249/239
f 262/249/239 202/248/238 203/250/240
f 262/249/239 203/250/240 204/251/241
f 262/249/239 204/251/241 261/252/242
f 261/252/242 204/251/241 205/253/243
f 261/252/242 205/253/243 206/254/244
f 206/254/244 207/255/245 261/252/242
f 261/252/242 207/255/245 208/256/246
f 261/252/242 208/256/246 260/257/247
f 260/257/247 208/256/246 209/258/248
f 260/257/247 209/258/248 210/226/216
f 226/259/249 282/260/250 225/261/251
f 225/261/251 282/260/250 283/262/252
f 225/261/251 283/262/252 287/263/253
f 287/263/253 283/262/252 286/264/254
f 286/264/254 283/262/252 285/265/255
f 285/265/255 283/262/252 284/266/256
f 282/260/250 226/259/249 281/267/257
f 281/267/257 226/259/249 227/268/258
f 281/267/257 227/268/258 280/269/259
f 280/269/259 227/268/258 279/270/260
f 279/270/260 227/268/258 228/271/261
f 279/270/260 228/271/261 278/272/262
f 278/272/262 228/271/261 277/273/263
f 277/273/263 228/271/261 276/274/264
f 276/274/264 228/271/261 229/275/265
f 276/274/264 229/275/265 275/276/266
f 275/276/266 229/275/265 274/277/267
f 274/277/267 229/275/265 273/278/268
f 273/278/268 229/275/265 230/279/269
f 273/278/268 230/279/269 272/280/270
f 272/280/270 230/279/269 271/281/271
f 271/281/271 230/279/269 231/282/272
f 271/281/271 231/282/272 270/283/273
f 270/283/273 231/282/272 269/284/274
f 269/284/274 231/282/272 268/285/275
f 268/285/275 231/282/272 267/286/276
f 267/286/276 231/282/272 232/287/277
f 267/286/276 232/287/277 266/205/195
f 266/205/195 232/287/277 242/288/278
f 266/205/195 242/288/278 243/207/197
f 232/287/277 233/289/279 242/288/278
f 242/288/278 233/289/279 241/290/280
f 241/290/280 233/289/279 234/291/281
f 241/290/280 234/291/281 240/292/282
f 240/292/282 234/291/281 239/293/283
f 239/293/283 234/291/281 235/294/284
f 239/293/283 235/294/284 238/295/285
f 238/295/285 235/294/284 236/296/286
f 238/295/285 236/296/286 237/297/287
f 259/228/218 260/257/247 210/226/216
usemtl Cobre_-_Pulido
f 6/298/36 5/299/34 65/300/8
f 65/300/8 5/299/34 4/301/33
f 65/300/8 4/301/33 66/302/7
f 66/302/7 4/301/33 3/303/32
f 66/302/7 3/303/32 67/304/6
f 67/304/6 3/303/32 68/305/5
f 68/305/5 3/303/32 2/306/1
f 68/305/5 2/306/1 1/307/3
f 65/300/8 64/308/10 6/298/36
f 6/298/36 64/308/10 63/309/11
f 6/298/36 63/309/11 7/310/37
f 7/310/37 63/309/11 62/311/13
f 7/310/37 62/311/13 8/312/39
f 8/312/39 62/311/13 61/313/15
f 8/312/39 61/313/15 9/314/41
f 9/314/41 61/313/15 60/315/16
f 9/314/41 60/315/16 10/316/42
f 10/316/42 60/315/16 59/317/18
f 10/316/42 59/317/18 11/318/44
f 11/318/44 59/317/18 58/319/19
f 11/318/44 58/319/19 12/320/45
f 12/320/45 58/319/19 57/321/21
f 12/320/45 57/321/21 13/322/46
f 13/322/46 57/321/21 56/323/22
f 13/322/46 56/323/22 14/324/48
f 14/324/48 56/323/22 15/325/49
f 15/325/49 56/323/22 55/326/24
f 15/325/49 55/326/24 16/327/50
f 16/327/50 55/326/24 17/328/52
f 17/328/52 55/326/24 54/329/25
f 17/328/52 54/329/25 18/330/53
f 18/330/53 54/329/25 53/331/27
f 18/330/53 53/331/27 19/332/54
f 19/332/54 53/331/27 52/333/29
f 19/332/54 52/333/29 20/334/57
f 20/334/57 52/333/29 51/335/68
f 20/334/57 51/335/68 246/336/208
f 246/336/208 51/335/68 247/337/212
f 247/337/212 51/335/68 248/338/217
f 248/338/217 51/335/68 249/339/220
f 249/339/220 51/335/68 250/340/222
f 250/340/222 51/335/68 251/341/225
f 251/341/225 51/335/68 513/342/288
f 251/341/225 513/342/288 252/343/227
f 252/343/227 513/342/288 515/344/289
f 252/343/227 515/344/289 516/345/290
f 513/342/288 51/335/68 861/346/291
f 861/346/291 51/335/68 50/347/31
f 861/346/291 50/347/31 49/348/30
f 49/348/30 48/349/28 861/346/291
f 861/346/291 48/349/28 47/350/26
f 861/346/291 47/350/26 46/351/23
f 46/351/23 45/352/20 861/346/291
f 861/346/291 45/352/20 44/353/17
f 861/346/291 44/353/17 43/354/14
f 43/354/14 42/355/12 861/346/291
f 861/346/291 42/355/12 41/356/9
f 861/346/291 41/356/9 40/357/4
f 40/357/4 39/358/60 861/346/291
f 861/346/291 39/358/60 102/359/102
f 861/346/291 102/359/102 101/360/71
f 39/358/60 38/361/61 102/359/102
f 102/359/102 38/361/61 103/362/104
f 103/362/104 38/361/61 104/363/107
f 104/363/107 38/361/61 37/364/63
f 104/363/107 37/364/63 105/365/109
f 105/365/109 37/364/63 36/366/67
f 105/365/109 36/366/67 106/367/112
f 106/367/112 36/366/67 107/368/113
f 107/368/113 36/366/67 108/369/120
f 108/369/120 36/366/67 294/370/292
f 108/369/120 294/370/292 109/371/121
f 109/371/121 294/370/292 110/372/111
f 110/372/111 294/370/292 111/373/110
f 111/373/110 294/370/292 112/374/108
f 112/374/108 294/370/292 295/375/293
f 112/374/108 295/375/293 113/376/106
f 113/376/106 295/375/293 114/377/105
f 114/377/105 295/375/293 115/378/103
f 115/378/103 295/375/293 116/379/95
f 116/379/95 295/375/293 599/380/294
f 116/379/95 599/380/294 350/381/295
f 350/381/295 599/380/294 600/382/296
f 350/381/295 600/382/296 349/383/297
f 349/383/297 600/382/296 601/384/298
f 349/383/297 601/384/298 348/385/299
f 348/385/299 601/384/298 602/386/300
f 348/385/299 602/386/300 347/387/301
f 347/387/301 602/386/300 593/388/302
f 347/387/301 593/388/302 609/389/303
f 609/389/303 593/388/302 608/390/304
f 608/390/304 593/388/302 806/391/305
f 608/390/304 806/391/305 607/392/306
f 607/392/306 806/391/305 807/393/307
f 607/394/306 807/395/307 606/396/308
f 606/396/308 807/395/307 808/397/309
f 606/396/308 808/397/309 605/398/310
f 605/398/310 808/397/309 809/399/311
f 605/398/310 809/399/311 604/400/312
f 604/400/312 809/399/311 810/401/313
f 604/400/312 810/401/313 632/402/314
f 632/402/314 810/401/313 631/403/315
f 631/403/315 810/401/313 621/404/316
f 631/403/315 621/404/316 622/405/317
f 36/366/67 35/406/66 294/370/292
f 294/370/292 35/406/66 34/407/65
f 294/370/292 34/407/65 33/408/64
f 33/408/64 32/409/62 294/370/292
f 294/370/292 32/409/62 293/410/318
f 293/410/318 32/409/62 31/411/59
f 293/410/318 31/411/59 30/412/2
f 30/412/2 29/413/35 293/410/318
f 293/410/318 29/413/35 292/414/319
f 292/414/319 29/413/35 28/415/38
f 292/414/319 28/415/38 291/416/320
f 291/416/320 28/415/38 339/417/321
f 291/416/320 339/417/321 340/418/322
f 339/417/321 28/415/38 557/419/323
f 557/419/323 28/415/38 27/420/40
f 557/419/323 27/420/40 237/421/287
f 237/421/287 27/420/40 238/422/285
f 238/422/285 27/420/40 239/423/283
f 239/423/283 27/420/40 26/424/43
f 239/423/283 26/424/43 240/425/282
f 240/425/282 26/424/43 241/426/280
f 241/426/280 26/424/43 25/427/47
f 241/426/280 25/427/47 242/428/278
f 242/428/278 25/427/47 24/429/51
f 242/428/278 24/429/51 243/430/197
f 243/430/197 24/429/51 23/431/56
f 243/430/197 23/431/56 244/432/201
f 244/432/201 23/431/56 22/433/55
f 244/432/201 22/433/55 245/434/205
f 245/434/205 22/433/55 21/435/58
f 245/434/205 21/435/58 20/334/57
f 97/436/80 96/437/119 98/438/78
f 98/438/78 96/437/119 861/439/291
f 98/438/78 861/439/291 99/440/76
f 99/441/76 861/346/291 100/442/73
f 100/442/73 861/346/291 101/360/71
f 96/437/119 124/443/82 861/439/291
f 861/439/291 124/443/82 123/444/122
f 861/439/291 123/444/122 122/445/124
f 861/439/291 122/445/124 168/446/179
f 168/446/179 122/445/124 121/447/123
f 168/446/179 121/447/123 364/448/324
f 364/448/324 121/447/123 363/449/325
f 363/449/325 121/447/123 120/450/84
f 363/449/325 120/450/84 362/451/326
f 362/451/326 120/450/84 612/452/327
f 362/451/326 612/452/327 361/453/328
f 361/453/328 612/452/327 603/454/329
f 361/453/328 603/454/329 632/402/314
f 632/402/314 603/454/329 604/400/312
f 612/452/327 120/450/84 346/455/330
f 346/455/330 120/450/84 119/456/85
f 346/455/330 119/456/85 353/457/331
f 353/457/331 119/456/85 352/458/332
f 352/458/332 119/456/85 118/459/88
f 352/460/332 118/461/88 351/462/333
f 351/462/333 118/461/88 117/463/91
f 351/462/333 117/463/91 350/381/295
f 350/381/295 117/463/91 116/379/95
f 153/464/150 861/439/291 154/465/152
f 154/465/152 861/439/291 165/466/174
f 154/465/152 165/466/174 164/467/156
f 153/464/150 152/468/171 861/439/291
f 861/439/291 152/468/171 151/469/170
f 861/439/291 151/469/170 860/470/334
f 860/470/334 151/469/170 755/471/335
f 860/470/334 755/471/335 756/472/336
f 193/473/172 394/474/337 151/469/170
f 151/469/170 394/474/337 395/475/338
f 151/469/170 395/475/338 396/476/339
f 192/477/148 392/478/340 193/473/172
f 193/473/172 392/478/340 393/479/341
f 193/473/172 393/479/341 394/474/337
f 191/480/144 389/481/342 192/477/148
f 192/477/148 389/481/342 390/482/343
f 192/477/148 390/482/343 391/483/344
f 190/484/142 385/485/345 191/480/144
f 191/480/144 385/485/345 386/486/346
f 191/480/144 386/486/346 387/487/347
f 189/488/135 357/489/348 190/484/142
f 190/484/142 357/489/348 358/490/349
f 190/484/142 358/490/349 385/485/345
f 385/485/345 358/490/349 635/491/350
f 385/485/345 635/491/350 384/492/351
f 384/492/351 635/491/350 383/493/352
f 383/493/352 635/491/350 382/494/353
f 382/494/353 635/491/350 381/495/354
f 381/495/354 635/491/350 674/496/355
f 381/495/354 674/496/355 380/497/356
f 380/497/356 674/496/355 379/498/357
f 379/498/357 674/496/355 675/499/358
f 379/498/357 675/499/358 378/500/359
f 378/500/359 675/499/358 377/501/360
f 377/501/360 675/499/358 376/502/361
f 376/502/361 675/499/358 676/503/362
f 376/502/361 676/503/362 677/504/363
f 357/489/348 189/488/135 369/505/364
f 369/505/364 189/488/135 188/506/133
f 369/505/364 188/506/133 368/507/365
f 368/507/365 188/506/133 187/508/181
f 368/507/365 187/508/181 367/509/366
f 367/509/366 187/508/181 186/510/182
f 367/509/366 186/510/182 185/511/184
f 367/509/366 185/511/184 366/512/367
f 366/512/367 185/511/184 184/513/186
f 366/512/367 184/513/186 183/514/188
f 183/514/188 182/515/190 366/512/367
f 366/512/367 182/515/190 365/516/368
f 365/516/368 182/515/190 181/517/193
f 365/516/368 181/517/193 180/518/192
f 365/516/368 180/518/192 168/446/179
f 168/446/179 180/518/192 179/519/191
f 168/446/179 179/519/191 169/520/177
f 169/520/177 179/519/191 178/521/189
f 169/520/177 178/521/189 177/522/187
f 177/522/187 176/523/185 169/520/177
f 169/520/177 176/523/185 175/524/183
f 169/520/177 175/524/183 170/525/175
f 170/525/175 175/524/183 174/526/180
f 170/525/175 174/526/180 173/527/128
f 172/528/126 171/529/173 173/527/128
f 173/527/128 171/529/173 170/525/175
f 168/446/179 167/530/178 861/439/291
f 861/439/291 167/530/178 166/531/176
f 861/439/291 166/531/176 165/466/174
f 154/465/152 164/467/156 160/532/162
f 160/532/162 164/467/156 163/533/158
f 160/532/162 163/533/158 161/534/163
f 161/534/163 163/533/158 162/535/164
f 160/532/162 159/536/165 154/465/152
f 154/465/152 159/536/165 158/537/167
f 154/465/152 158/537/167 157/538/168
f 157/538/168 156/539/169 154/465/152
f 154/465/152 156/539/169 155/540/151
f 228/541/261 553/542/369 229/543/265
f 229/543/265 553/542/369 554/544/370
f 229/543/265 554/544/370 230/545/269
f 230/545/269 554/544/370 231/546/272
f 231/546/272 554/544/370 555/547/371
f 231/546/272 555/547/371 232/548/277
f 232/548/277 555/547/371 556/549/372
f 232/548/277 556/549/372 233/550/279
f 233/550/279 556/549/372 234/551/281
f 234/551/281 556/549/372 235/552/284
f 235/552/284 556/549/372 557/419/323
f 235/552/284 557/419/323 236/553/286
f 236/553/286 557/419/323 237/421/287
f 228/541/261 227/554/258 553/542/369
f 553/542/369 227/554/258 552/555/373
f 552/555/373 227/554/258 226/556/249
f 552/555/373 226/556/249 551/557/374
f 551/557/374 226/556/249 225/558/251
f 551/557/374 225/558/251 521/559/375
f 521/559/375 225/558/251 287/560/253
f 521/559/375 287/560/253 286/561/254
f 521/559/375 286/561/254 520/562/376
f 520/562/376 286/561/254 285/563/255
f 520/562/376 285/563/255 284/564/256
f 283/565/252 256/566/223 284/564/256
f 284/564/256 256/566/223 255/567/224
f 284/564/256 255/567/224 254/568/226
f 282/569/250 258/570/219 283/565/252
f 283/565/252 258/570/219 257/571/221
f 283/565/252 257/571/221 256/566/223
f 281/572/257 260/573/247 282/569/250
f 282/569/250 260/573/247 259/574/218
f 282/569/250 259/574/218 258/570/219
f 260/573/247 281/572/257 261/575/242
f 261/575/242 281/572/257 280/576/259
f 261/575/242 280/576/259 279/577/260
f 279/577/260 278/578/262 261/575/242
f 261/575/242 278/578/262 277/579/263
f 261/575/242 277/579/263 262/580/239
f 262/580/239 277/579/263 276/581/264
f 262/580/239 276/581/264 275/582/266
f 275/582/266 274/583/267 262/580/239
f 262/580/239 274/583/267 263/584/237
f 263/584/237 274/583/267 273/585/268
f 263/584/237 273/585/268 272/586/270
f 263/584/237 272/586/270 264/587/234
f 264/587/234 272/586/270 271/588/271
f 264/587/234 271/588/271 270/589/273
f 264/587/234 270/589/273 265/590/230
f 265/590/230 270/589/273 269/591/274
f 265/590/230 269/591/274 268/592/275
f 268/592/275 267/593/276 265/590/230
f 265/590/230 267/593/276 266/594/195
f 254/568/226 253/595/228 284/564/256
f 284/564/256 253/595/228 520/562/376
f 252/343/227 518/596/377 253/595/228
f 253/595/228 518/596/377 519/597/378
f 253/595/228 519/597/378 520/562/376
f 246/336/208 245/434/205 20/334/57
f 288/598/379 289/599/380 345/600/381
f 345/600/381 289/599/380 344/601/382
f 344/601/382 289/599/380 290/602/383
f 344/601/382 290/602/383 343/603/384
f 343/603/384 290/602/383 342/604/385
f 342/604/385 290/602/383 291/416/320
f 342/604/385 291/416/320 341/605/386
f 341/605/386 291/416/320 340/418/322
f 296/606/387 322/607/388 295/375/293
f 295/375/293 322/607/388 598/608/389
f 295/375/293 598/608/389 599/380/294
f 296/606/387 297/609/390 322/607/388
f 322/607/388 297/609/390 321/610/391
f 321/610/391 297/609/390 298/611/392
f 321/610/391 298/611/392 320/612/393
f 320/612/393 298/611/392 319/613/394
f 319/613/394 298/611/392 299/614/395
f 319/613/394 299/614/395 318/615/396
f 318/615/396 299/614/395 317/616/397
f 317/616/397 299/614/395 316/617/398
f 316/617/398 299/614/395 315/618/399
f 315/618/399 299/614/395 314/619/400
f 314/619/400 299/614/395 313/620/401
f 313/620/401 299/614/395 312/621/402
f 312/621/402 299/614/395 311/622/403
f 311/622/403 299/614/395 310/623/404
f 310/623/404 299/614/395 300/624/405
f 310/623/404 300/624/405 309/625/406
f 309/625/406 300/624/405 308/626/407
f 308/626/407 300/624/405 307/627/408
f 307/627/408 300/624/405 306/628/409
f 306/628/409 300/624/405 301/629/410
f 306/628/409 301/629/410 305/630/411
f 305/630/411 301/629/410 302/631/412
f 305/630/411 302/631/412 304/632/413
f 304/632/413 302/631/412 303/633/414
f 598/608/389 322/607/388 597/634/415
f 597/634/415 322/607/388 323/635/416
f 597/634/415 323/635/416 324/636/417
f 325/637/418 786/638/419 324/636/417
f 324/636/417 786/638/419 761/639/420
f 324/636/417 761/639/420 597/634/415
f 597/634/415 761/639/420 799/640/421
f 597/634/415 799/640/421 800/641/422
f 325/637/418 326/642/423 786/638/419
f 786/638/419 326/642/423 327/643/424
f 786/638/419 327/643/424 785/644/425
f 785/644/425 327/643/424 328/645/426
f 785/644/425 328/645/426 329/646/427
f 785/644/425 329/646/427 784/647/428
f 784/647/428 329/646/427 330/648/429
f 784/647/428 330/648/429 331/649/430
f 332/650/431 564/651/432 331/649/430
f 331/649/430 564/651/432 565/652/433
f 331/649/430 565/652/433 784/647/428
f 784/647/428 565/652/433 566/653/434
f 784/647/428 566/653/434 567/654/435
f 333/655/436 562/656/437 332/650/431
f 332/650/431 562/656/437 563/657/438
f 332/650/431 563/657/438 564/651/432
f 562/656/437 333/655/436 561/658/439
f 561/658/439 333/655/436 334/659/440
f 561/658/439 334/659/440 560/660/441
f 560/660/441 334/659/440 335/661/442
f 560/660/441 335/661/442 559/662/443
f 559/662/443 335/661/442 336/663/444
f 559/662/443 336/663/444 558/664/445
f 558/664/445 336/663/444 337/665/446
f 558/664/445 337/665/446 338/666/447
f 338/666/447 339/417/321 558/664/445
f 558/664/445 339/417/321 557/419/323
f 347/387/301 609/389/303 346/667/330
f 346/455/330 609/668/303 610/669/448
f 346/455/330 610/669/448 611/670/449
f 354/671/450 355/672/451 372/673/452
f 372/673/452 355/672/451 371/674/453
f 371/674/453 355/672/451 356/675/454
f 371/674/453 356/675/454 370/676/455
f 370/676/455 356/675/454 369/505/364
f 369/505/364 356/675/454 357/489/348
f 635/491/350 358/490/349 634/677/456
f 634/677/456 358/490/349 359/678/457
f 634/677/456 359/678/457 633/679/458
f 633/679/458 359/678/457 360/680/459
f 633/679/458 360/680/459 632/402/314
f 632/402/314 360/680/459 361/453/328
f 364/448/324 365/516/368 168/446/179
f 404/681/460 373/682/461 678/683/462
f 678/683/462 373/682/461 374/684/463
f 678/683/462 374/684/463 375/685/464
f 678/683/462 375/685/464 677/504/363
f 677/504/363 375/685/464 376/502/361
f 387/487/347 388/686/465 191/480/144
f 191/480/144 388/686/465 389/481/342
f 391/483/344 392/478/340 192/477/148
f 396/476/339 397/687/466 151/469/170
f 151/469/170 397/687/466 398/688/467
f 151/469/170 398/688/467 399/689/468
f 399/689/468 400/690/469 151/469/170
f 151/469/170 400/690/469 699/691/470
f 151/469/170 699/691/470 700/692/471
f 401/693/472 687/694/473 400/690/469
f 400/690/469 687/694/473 688/695/474
f 400/690/469 688/695/474 689/696/475
f 402/697/476 685/698/477 401/693/472
f 401/693/472 685/698/477 686/699/478
f 401/693/472 686/699/478 687/694/473
f 402/697/476 403/700/479 685/698/477
f 685/698/477 403/700/479 678/683/462
f 685/698/477 678/683/462 671/701/480
f 403/700/479 404/681/460 678/683/462
f 406/702/481 844/703/482 405/704/483
f 405/704/483 844/703/482 508/705/484
f 405/704/483 508/705/484 504/706/485
f 504/706/485 508/705/484 503/707/486
f 503/707/486 508/705/484 502/708/487
f 502/708/487 508/705/484 501/709/488
f 501/709/488 508/705/484 500/710/489
f 500/710/489 508/705/484 499/711/490
f 499/711/490 508/705/484 498/712/491
f 498/712/491 508/705/484 509/713/492
f 498/712/491 509/713/492 497/714/493
f 497/714/493 509/713/492 465/715/494
f 497/714/493 465/715/494 496/716/495
f 496/716/495 465/715/494 495/717/496
f 495/717/496 465/715/494 466/718/497
f 495/717/496 466/718/497 494/719/498
f 494/719/498 466/718/497 467/720/499
f 494/719/498 467/720/499 493/721/500
f 493/721/500 467/720/499 492/722/501
f 492/722/501 467/720/499 468/723/502
f 492/722/501 468/723/502 491/724/503
f 491/724/503 468/723/502 469/725/504
f 491/724/503 469/725/504 470/726/505
f 406/702/481 407/727/506 844/703/482
f 844/703/482 407/727/506 408/728/507
f 844/703/482 408/728/507 409/729/508
f 409/729/508 410/730/509 844/703/482
f 844/703/482 410/730/509 411/731/510
f 844/703/482 411/731/510 412/732/511
f 412/732/511 413/733/512 844/703/482
f 844/703/482 413/733/512 414/734/513
f 844/703/482 414/734/513 415/735/514
f 416/736/515 444/737/516 415/735/514
f 415/735/514 444/737/516 445/738/517
f 415/735/514 445/738/517 446/739/518
f 417/740/519 442/741/520 416/736/515
f 416/736/515 442/741/520 443/742/521
f 416/736/515 443/742/521 444/737/516
f 417/740/519 418/743/522 442/741/520
f 442/741/520 418/743/522 441/744/523
f 441/744/523 418/743/522 419/745/524
f 441/744/523 419/745/524 420/746/525
f 420/746/525 421/747/526 441/744/523
f 441/744/523 421/747/526 422/748/527
f 441/744/523 422/748/527 423/749/528
f 441/744/523 423/749/528 440/750/529
f 440/750/529 423/749/528 424/751/530
f 440/750/529 424/751/530 425/752/531
f 440/750/529 425/752/531 439/753/532
f 439/753/532 425/752/531 426/754/533
f 439/753/532 426/754/533 438/755/534
f 438/755/534 426/754/533 427/756/535
f 438/755/534 427/756/535 428/757/536
f 438/755/534 428/757/536 437/758/537
f 437/758/537 428/757/536 429/759/538
f 437/758/537 429/759/538 436/760/539
f 436/760/539 429/759/538 430/761/540
f 436/760/539 430/761/540 435/762/541
f 435/762/541 430/761/540 431/763/542
f 435/762/541 431/763/542 434/764/543
f 434/764/543 431/763/542 432/765/544
f 434/764/543 432/765/544 433/766/545
f 446/739/518 447/767/546 415/735/514
f 415/735/514 447/767/546 448/768/547
f 415/735/514 448/768/547 844/703/482
f 844/703/482 448/768/547 449/769/548
f 844/703/482 449/769/548 862/770/549
f 862/770/549 449/769/548 450/771/550
f 862/770/549 450/771/550 451/772/551
f 451/772/551 452/773/552 862/770/549
f 862/770/549 452/773/552 453/774/553
f 862/770/549 453/774/553 454/775/554
f 454/775/554 455/776/555 862/770/549
f 862/770/549 455/776/555 456/777/556
f 862/770/549 456/777/556 457/778/557
f 457/778/557 458/779/558 862/770/549
f 862/770/549 458/779/558 459/780/559
f 862/770/549 459/780/559 510/781/560
f 510/781/560 459/780/559 460/782/561
f 510/781/560 460/782/561 461/783/562
f 461/783/562 462/784/563 510/781/560
f 510/781/560 462/784/563 463/785/564
f 510/781/560 463/785/564 464/786/565
f 464/786/565 465/715/494 510/781/560
f 510/781/560 465/715/494 509/713/492
f 470/726/505 471/787/566 491/724/503
f 491/724/503 471/787/566 472/788/567
f 491/724/503 472/788/567 490/789/568
f 490/789/568 472/788/567 473/790/569
f 490/789/568 473/790/569 474/791/570
f 474/791/570 475/792/571 490/789/568
f 490/789/568 475/792/571 489/793/572
f 489/793/572 475/792/571 476/794/573
f 489/793/572 476/794/573 477/795/574
f 489/793/572 477/795/574 488/796/575
f 488/796/575 477/795/574 478/797/576
f 488/796/575 478/797/576 487/798/577
f 487/798/577 478/797/576 479/799/578
f 487/798/577 479/799/578 486/800/579
f 486/800/579 479/799/578 480/801/580
f 486/800/579 480/801/580 485/802/581
f 485/802/581 480/801/580 484/803/582
f 484/803/582 480/801/580 481/804/583
f 484/803/582 481/804/583 483/805/584
f 483/805/584 481/804/583 482/806/585
f 506/807/586 771/808/587 505/809/588
f 505/809/588 771/808/587 582/810/589
f 505/809/588 582/810/589 521/559/375
f 521/559/375 582/810/589 551/557/374
f 506/807/586 507/811/590 771/808/587
f 771/808/587 507/811/590 508/705/484
f 771/808/587 508/705/484 770/812/591
f 770/812/591 508/705/484 813/813/592
f 770/812/591 813/813/592 769/814/593
f 769/814/593 813/813/592 768/815/594
f 768/815/594 813/813/592 767/816/595
f 767/816/595 813/813/592 766/817/596
f 766/817/596 813/813/592 765/818/597
f 765/818/597 813/813/592 764/819/598
f 764/819/598 813/813/592 763/820/599
f 763/820/599 813/813/592 762/821/600
f 762/821/600 813/813/592 761/639/420
f 761/639/420 813/813/592 798/822/601
f 761/639/420 798/822/601 799/640/421
f 510/781/560 511/823/602 862/770/549
f 862/770/549 511/823/602 512/824/603
f 862/770/549 512/824/603 513/342/288
f 513/342/288 514/825/604 515/344/289
f 517/826/605 518/596/377 516/345/290
f 516/345/290 518/596/377 252/343/227
f 523/827/606 539/828/607 522/829/608
f 522/829/608 539/828/607 548/830/609
f 522/829/608 548/830/609 592/831/610
f 592/831/610 548/830/609 591/832/611
f 591/832/611 548/830/609 549/833/612
f 591/832/611 549/833/612 590/834/613
f 590/834/613 549/833/612 589/835/614
f 589/835/614 549/833/612 588/836/615
f 588/836/615 549/833/612 587/837/616
f 587/837/616 549/833/612 586/838/617
f 586/838/617 549/833/612 585/839/618
f 585/839/618 549/833/612 550/840/619
f 585/839/618 550/840/619 584/841/620
f 584/841/620 550/840/619 583/842/621
f 583/842/621 550/840/619 551/557/374
f 583/842/621 551/557/374 582/810/589
f 539/828/607 523/827/606 538/843/622
f 538/843/622 523/827/606 524/844/623
f 538/843/622 524/844/623 537/845/624
f 537/845/624 524/844/623 536/846/625
f 536/846/625 524/844/623 525/847/626
f 536/846/625 525/847/626 535/848/627
f 535/848/627 525/847/626 526/849/628
f 535/848/627 526/849/628 534/850/629
f 534/850/629 526/849/628 527/851/630
f 534/850/629 527/851/630 528/852/631
f 529/853/632 532/854/633 528/852/631
f 528/852/631 532/854/633 533/855/634
f 528/852/631 533/855/634 534/850/629
f 529/853/632 530/856/635 532/854/633
f 532/854/633 530/856/635 531/857/636
f 548/830/609 539/828/607 547/858/637
f 547/858/637 539/828/607 540/859/638
f 547/858/637 540/859/638 546/860/639
f 546/860/639 540/859/638 541/861/640
f 546/860/639 541/861/640 545/862/641
f 545/862/641 541/861/640 542/863/642
f 545/862/641 542/863/642 544/864/643
f 544/864/643 542/863/642 543/865/644
f 567/654/435 568/866/645 784/647/428
f 784/647/428 568/866/645 783/867/646
f 783/867/646 568/866/645 569/868/647
f 783/867/646 569/868/647 570/869/648
f 783/867/646 570/869/648 782/870/649
f 782/870/649 570/869/648 571/871/650
f 782/870/649 571/871/650 572/872/651
f 782/870/649 572/872/651 781/873/652
f 781/873/652 572/872/651 573/874/653
f 781/873/652 573/874/653 780/875/654
f 780/875/654 573/874/653 574/876/655
f 780/875/654 574/876/655 779/877/656
f 779/877/656 574/876/655 778/878/657
f 778/878/657 574/876/655 777/879/658
f 777/879/658 574/876/655 575/880/659
f 777/879/658 575/880/659 776/881/660
f 776/881/660 575/880/659 775/882/661
f 775/882/661 575/880/659 774/883/662
f 774/883/662 575/880/659 773/884/663
f 773/884/663 575/880/659 576/885/664
f 773/884/663 576/885/664 772/886/665
f 772/886/665 576/885/664 577/887/666
f 772/886/665 577/887/666 578/888/667
f 578/888/667 579/889/668 772/886/665
f 772/886/665 579/889/668 771/808/587
f 771/808/587 579/889/668 580/890/669
f 771/808/587 580/890/669 581/891/670
f 581/891/670 582/810/589 771/808/587
f 806/391/305 593/388/302 805/892/671
f 805/892/671 593/388/302 594/893/672
f 805/892/671 594/893/672 804/894/673
f 804/894/673 594/893/672 803/895/674
f 803/895/674 594/893/672 595/896/675
f 803/895/674 595/896/675 802/897/676
f 802/897/676 595/896/675 801/898/677
f 801/898/677 595/896/675 800/641/422
f 800/641/422 595/896/675 596/899/678
f 800/641/422 596/899/678 597/634/415
f 611/670/449 612/452/327 346/455/330
f 614/900/679 787/901/680 613/902/681
f 613/902/681 787/901/680 788/903/682
f 613/902/681 788/903/682 670/904/683
f 670/904/683 788/903/682 669/905/684
f 669/905/684 788/903/682 668/906/685
f 668/906/685 788/903/682 667/907/686
f 667/907/686 788/903/682 674/496/355
f 667/907/686 674/496/355 666/908/687
f 666/908/687 674/496/355 665/909/688
f 665/909/688 674/496/355 664/910/689
f 664/910/689 674/496/355 663/911/690
f 663/911/690 674/496/355 662/912/691
f 662/912/691 674/496/355 635/491/350
f 662/912/691 635/491/350 636/913/692
f 614/900/679 615/914/693 787/901/680
f 787/901/680 615/914/693 812/915/694
f 812/915/694 615/914/693 616/916/695
f 812/915/694 616/916/695 617/917/696
f 812/915/694 617/917/696 811/918/697
f 811/918/697 617/917/696 618/919/698
f 811/918/697 618/919/698 619/920/699
f 619/920/699 620/921/700 811/918/697
f 811/918/697 620/921/700 621/404/316
f 811/918/697 621/404/316 810/401/313
f 622/405/317 623/922/701 631/403/315
f 631/403/315 623/922/701 624/923/702
f 631/403/315 624/923/702 630/924/703
f 630/924/703 624/923/702 625/925/704
f 630/924/703 625/925/704 626/926/705
f 630/924/703 626/926/705 629/927/706
f 629/927/706 626/926/705 627/928/707
f 629/927/706 627/928/707 628/929/708
f 636/913/692 637/930/709 662/912/691
f 662/912/691 637/930/709 661/931/710
f 661/931/710 637/930/709 638/932/711
f 661/931/710 638/932/711 660/933/712
f 660/933/712 638/932/711 659/934/713
f 659/934/713 638/932/711 639/935/714
f 659/934/713 639/935/714 658/936/715
f 658/936/715 639/935/714 657/937/716
f 657/937/716 639/935/714 656/938/717
f 656/938/717 639/935/714 655/939/718
f 655/939/718 639/935/714 654/940/719
f 654/940/719 639/935/714 653/941/720
f 653/941/720 639/935/714 652/942/721
f 652/942/721 639/935/714 651/943/722
f 651/943/722 639/935/714 650/944/723
f 650/944/723 639/935/714 640/945/724
f 650/944/723 640/945/724 649/946/725
f 649/946/725 640/945/724 648/947/726
f 648/947/726 640/945/724 647/948/727
f 647/948/727 640/945/724 646/949/728
f 646/949/728 640/945/724 641/950/729
f 646/949/728 641/950/729 645/951/730
f 645/951/730 641/950/729 642/952/731
f 645/951/730 642/952/731 644/953/732
f 644/953/732 642/952/731 643/954/733
f 685/698/477 671/701/480 788/903/682
f 788/903/682 671/701/480 672/955/734
f 788/903/682 672/955/734 673/956/735
f 673/956/735 674/496/355 788/903/682
f 694/957/736 679/958/737 682/959/738
f 682/959/738 679/958/737 680/960/739
f 682/959/738 680/960/739 681/961/740
f 683/962/741 813/963/592 682/959/738
f 682/959/738 813/963/592 814/964/742
f 682/959/738 814/964/742 738/965/743
f 738/965/743 814/964/742 737/966/744
f 737/966/744 814/964/742 736/967/745
f 736/967/745 814/964/742 735/968/746
f 735/968/746 814/964/742 734/969/747
f 734/969/747 814/964/742 733/970/748
f 733/970/748 814/964/742 732/971/749
f 732/971/749 814/964/742 731/972/750
f 731/972/750 814/964/742 730/973/751
f 730/973/751 814/964/742 729/974/752
f 729/974/752 814/964/742 728/975/753
f 728/975/753 814/964/742 727/976/754
f 727/976/754 814/964/742 726/977/755
f 726/977/755 814/964/742 757/978/756
f 726/977/755 757/978/756 758/979/757
f 813/963/592 683/962/741 788/903/682
f 788/903/682 683/962/741 684/980/758
f 788/903/682 684/980/758 685/698/477
f 690/981/759 691/982/760 689/696/475
f 689/696/475 691/982/760 692/983/761
f 689/696/475 692/983/761 699/691/470
f 699/691/470 692/983/761 698/984/762
f 698/984/762 692/983/761 693/985/763
f 698/984/762 693/985/763 697/986/764
f 697/986/764 693/985/763 741/987/765
f 697/986/764 741/987/765 696/988/766
f 696/988/766 741/987/765 742/989/767
f 696/988/766 742/989/767 695/990/768
f 695/990/768 742/989/767 743/991/769
f 695/990/768 743/991/769 753/992/770
f 753/992/770 743/991/769 744/993/771
f 753/992/770 744/993/771 745/994/772
f 694/957/736 682/959/738 693/985/763
f 693/985/763 682/959/738 739/995/773
f 693/985/763 739/995/773 740/996/774
f 700/692/471 701/997/775 151/469/170
f 151/469/170 701/997/775 702/998/776
f 151/469/170 702/998/776 754/999/777
f 754/999/777 702/998/776 753/992/770
f 753/992/770 702/998/776 695/990/768
f 704/1000/778 714/1001/779 703/1002/780
f 703/1002/780 714/1001/779 715/1003/781
f 703/1002/780 715/1003/781 716/1004/782
f 705/1005/783 710/1006/784 704/1000/778
f 704/1000/778 710/1006/784 711/1007/785
f 704/1000/778 711/1007/785 712/1008/786
f 710/1006/784 705/1005/783 709/1009/787
f 709/1009/787 705/1005/783 706/1010/788
f 709/1009/787 706/1010/788 708/1011/789
f 708/1011/789 706/1010/788 707/1012/790
f 712/1008/786 713/1013/791 704/1000/778
f 704/1000/778 713/1013/791 714/1001/779
f 716/1004/782 717/1014/792 703/1002/780
f 703/1002/780 717/1014/792 718/1015/793
f 703/1002/780 718/1015/793 719/1016/794
f 719/1016/794 720/1017/795 703/1002/780
f 703/1002/780 720/1017/795 721/1018/796
f 703/1002/780 721/1018/796 722/1019/797
f 722/1019/797 723/1020/798 703/1002/780
f 703/1002/780 723/1020/798 760/1021/799
f 760/1021/799 723/1020/798 724/1022/800
f 760/1021/799 724/1022/800 725/1023/801
f 760/1021/799 725/1023/801 759/1024/802
f 759/1024/802 725/1023/801 726/977/755
f 759/1024/802 726/977/755 758/979/757
f 738/965/743 739/995/773 682/959/738
f 740/996/774 741/987/765 693/985/763
f 745/994/772 746/1025/803 753/992/770
f 753/992/770 746/1025/803 752/1026/804
f 752/1026/804 746/1025/803 747/1027/805
f 752/1026/804 747/1027/805 748/1028/806
f 752/1026/804 748/1028/806 751/1029/807
f 751/1029/807 748/1028/806 749/1030/808
f 751/1029/807 749/1030/808 750/1031/809
f 754/999/777 755/471/335 151/469/170
f 756/472/336 757/978/756 860/470/334
f 860/470/334 757/978/756 814/964/742
f 860/470/334 814/964/742 859/1032/810
f 859/1032/810 814/964/742 815/1033/811
f 859/1032/810 815/1033/811 858/1034/812
f 858/1034/812 815/1033/811 816/1035/813
f 858/1034/812 816/1035/813 857/1036/814
f 857/1036/814 816/1035/813 817/1037/815
f 857/1036/814 817/1037/815 856/1038/816
f 856/1038/816 817/1037/815 818/1039/817
f 856/1038/816 818/1039/817 855/1040/818
f 855/1040/818 818/1039/817 819/1041/819
f 855/1040/818 819/1041/819 854/1042/820
f 854/1042/820 819/1041/819 820/1043/821
f 854/1042/820 820/1043/821 853/1044/822
f 853/1044/822 820/1043/821 821/1045/823
f 853/1044/822 821/1045/823 852/1046/824
f 852/1046/824 821/1045/823 822/1047/825
f 852/1046/824 822/1047/825 851/1048/826
f 851/1048/826 822/1047/825 823/1049/827
f 851/1048/826 823/1049/827 850/1050/828
f 850/1050/828 823/1049/827 824/1051/829
f 850/1050/828 824/1051/829 849/1052/830
f 849/1052/830 824/1051/829 825/1053/831
f 849/1052/830 825/1053/831 848/1054/832
f 848/1054/832 825/1053/831 826/1055/833
f 848/1054/832 826/1055/833 847/1056/834
f 847/1056/834 826/1055/833 827/1057/835
f 847/1056/834 827/1057/835 846/1058/836
f 846/1058/836 827/1057/835 828/1059/837
f 846/1058/836 828/1059/837 845/1060/838
f 845/1060/838 828/1059/837 829/1061/839
f 845/1060/838 829/1061/839 876/1062/840
f 876/1062/840 829/1061/839 830/1063/841
f 876/1062/840 830/1063/841 875/1064/842
f 875/1064/842 830/1063/841 831/1065/843
f 875/1064/842 831/1065/843 874/1066/844
f 874/1066/844 831/1065/843 832/1067/845
f 874/1066/844 832/1067/845 873/1068/846
f 873/1068/846 832/1067/845 833/1069/847
f 873/1068/846 833/1069/847 872/1070/848
f 872/1070/848 833/1069/847 834/1071/849
f 872/1070/848 834/1071/849 871/1072/850
f 871/1072/850 834/1071/849 835/1073/851
f 871/1072/850 835/1073/851 870/1074/852
f 870/1074/852 835/1073/851 836/1075/853
f 870/1074/852 836/1075/853 869/1076/854
f 869/1076/854 836/1075/853 837/1077/855
f 869/1076/854 837/1077/855 868/1078/856
f 868/1078/856 837/1077/855 838/1079/857
f 868/1078/856 838/1079/857 867/1080/858
f 867/1080/858 838/1079/857 839/1081/859
f 867/1080/858 839/1081/859 866/1082/860
f 866/1082/860 839/1081/859 840/1083/861
f 866/1082/860 840/1083/861 865/1084/862
f 865/1084/862 840/1083/861 841/1085/863
f 865/1084/862 841/1085/863 864/1086/864
f 864/1086/864 841/1085/863 842/1087/865
f 864/1086/864 842/1087/865 863/1088/866
f 863/1088/866 842/1087/865 843/1089/867
f 863/1088/866 843/1089/867 862/770/549
f 862/770/549 843/1089/867 844/703/482
f 788/903/682 789/1090/868 813/963/592
f 813/963/592 789/1090/868 790/1091/869
f 813/963/592 790/1091/869 791/1092/870
f 791/1092/870 792/1093/871 813/963/592
f 813/963/592 792/1093/871 793/1094/872
f 813/813/592 793/1095/872 794/1096/873
f 794/1096/873 795/1097/874 813/813/592
f 813/813/592 795/1097/874 796/1098/875
f 813/813/592 796/1098/875 797/1099/876
f 797/1099/876 798/822/601 813/813/592
f 844/703/482 813/813/592 508/705/484
f 861/346/291 862/770/549 513/342/288
f 400/690/469 689/696/475 699/691/470
f 197/1100/231 223/1101/199 198/1102/232
f 198/1102/232 223/1101/199 222/1103/200
f 198/1102/232 222/1103/200 199/1104/233
f 199/1104/233 222/1103/200 221/1105/202
f 199/1104/233 221/1105/202 200/1106/235
f 200/1106/235 221/1105/202 220/1107/203
f 200/1106/235 220/1107/203 201/1108/236
f 201/1108/236 220/1107/203 219/1109/204
f 201/1108/236 219/1109/204 202/1110/238
f 202/1110/238 219/1109/204 218/1111/206
f 202/1110/238 218/1111/206 203/1112/240
f 203/1112/240 218/1111/206 217/1113/207
f 203/1112/240 217/1113/207 204/1114/241
f 204/1114/241 217/1113/207 216/1115/209
f 204/1114/241 216/1115/209 205/1116/243
f 205/1116/243 216/1115/209 215/1117/210
f 205/1116/243 215/1117/210 206/1118/244
f 206/1118/244 215/1117/210 214/1119/211
f 206/1118/244 214/1119/211 207/1120/245
f 207/1120/245 214/1119/211 208/1121/246
f 208/1121/246 214/1119/211 212/1122/214
f 208/1121/246 212/1122/214 209/1123/248
f 209/1123/248 212/1122/214 210/1124/216
f 210/1124/216 212/1122/214 211/1125/215
f 197/1100/231 196/1126/229 223/1101/199
f 223/1101/199 196/1126/229 195/1127/194
f 223/1101/199 195/1127/194 224/1128/198
f 224/1128/198 195/1127/194 194/1129/196
f 214/1119/211 213/1130/213 212/1122/214
usemtl Recubrimiento_de_polvo_(amarillo)
f 291/1131/320 290/1132/383 292/1133/319
f 292/1133/319 290/1132/383 293/1134/318
f 293/1134/318 290/1132/383 289/1135/380
f 293/1134/318 289/1135/380 288/1136/379
f 345/1137/381 299/1138/395 288/1136/379
f 288/1136/379 299/1138/395 294/1139/292
f 288/1136/379 294/1139/292 293/1134/318
f 299/1138/395 345/1137/381 300/1140/405
f 300/1140/405 345/1137/381 344/1141/382
f 300/1140/405 344/1141/382 301/1142/410
f 301/1142/410 344/1141/382 302/1143/412
f 302/1143/412 344/1141/382 334/1144/440
f 302/1143/412 334/1144/440 303/1145/414
f 303/1145/414 334/1144/440 333/1146/436
f 303/1145/414 333/1146/436 304/1147/413
f 304/1147/413 333/1146/436 305/1148/411
f 305/1148/411 333/1146/436 306/1149/409
f 306/1149/409 333/1146/436 307/1150/408
f 307/1150/408 333/1146/436 332/1151/431
f 307/1150/408 332/1151/431 308/1152/407
f 308/1152/407 332/1151/431 309/1153/406
f 309/1153/406 332/1151/431 310/1154/404
f 310/1154/404 332/1151/431 331/1155/430
f 310/1154/404 331/1155/430 311/1156/403
f 311/1156/403 331/1155/430 312/1157/402
f 312/1157/402 331/1155/430 330/1158/429
f 312/1157/402 330/1158/429 313/1159/401
f 313/1159/401 330/1158/429 314/1160/400
f 314/1160/400 330/1158/429 329/1161/427
f 314/1160/400 329/1161/427 315/1162/399
f 315/1162/399 329/1161/427 316/1163/398
f 316/1163/398 329/1161/427 317/1164/397
f 317/1164/397 329/1161/427 328/1165/426
f 317/1164/397 328/1165/426 318/1166/396
f 318/1166/396 328/1165/426 319/1167/394
f 319/1167/394 328/1165/426 320/1168/393
f 320/1168/393 328/1165/426 327/1169/424
f 320/1168/393 327/1169/424 326/1170/423
f 344/1141/382 343/1171/384 334/1144/440
f 334/1144/440 343/1171/384 335/1172/442
f 335/1172/442 343/1171/384 342/1173/385
f 335/1172/442 342/1173/385 336/1174/444
f 336/1174/444 342/1173/385 341/1175/386
f 336/1174/444 341/1175/386 337/1176/446
f 337/1176/446 341/1175/386 340/1177/322
f 337/1176/446 340/1177/322 338/1178/447
f 338/1178/447 340/1177/322 339/1179/321
f 320/1168/393 326/1170/423 321/1180/391
f 321/1180/391 326/1170/423 325/1181/418
f 321/1180/391 325/1181/418 324/1182/417
f 323/1183/416 322/1184/388 324/1182/417
f 324/1182/417 322/1184/388 321/1180/391
f 299/1138/395 298/1185/392 294/1139/292
f 294/1139/292 298/1185/392 297/1186/390
f 294/1139/292 297/1186/390 295/1187/293
f 295/1187/293 297/1186/390 296/1188/387
f 346/1189/330 353/1190/331 347/1191/301
f 347/1191/301 353/1190/331 352/1192/332
f 347/1191/301 352/1192/332 351/1193/333
f 350/1194/295 349/1195/297 351/1193/333
f 351/1193/333 349/1195/297 348/1196/299
f 351/1193/333 348/1196/299 347/1191/301
f 357/1197/348 356/1198/454 358/1199/349
f 358/1199/349 356/1198/454 359/1200/457
f 359/1200/457 356/1198/454 355/1201/451
f 359/1200/457 355/1201/451 360/1202/459
f 360/1202/459 355/1201/451 354/1203/450
f 360/1202/459 354/1203/450 364/1204/324
f 364/1204/324 354/1203/450 365/1205/368
f 365/1205/368 354/1203/450 372/1206/452
f 365/1205/368 372/1206/452 366/1207/367
f 366/1207/367 372/1206/452 367/1208/366
f 367/1208/366 372/1206/452 371/1209/453
f 367/1208/366 371/1209/453 368/1210/365
f 368/1210/365 371/1209/453 370/1211/455
f 368/1210/365 370/1211/455 369/1212/364
f 364/1204/324 363/1213/325 360/1202/459
f 360/1202/459 363/1213/325 361/1214/328
f 361/1214/328 363/1213/325 362/1215/326
f 915/1216/877 877/1217/878 376/1218/361
f 376/1218/361 877/1217/878 878/1219/879
f 376/1218/361 878/1219/879 879/1220/880
f 879/1220/880 880/1221/881 376/1218/361
f 376/1218/361 880/1221/881 377/1222/360
f 377/1222/360 880/1221/881 881/1223/882
f 377/1222/360 881/1223/882 882/1224/883
f 882/1224/883 883/1225/884 377/1222/360
f 377/1222/360 883/1225/884 378/1226/359
f 378/1226/359 883/1225/884 884/1227/885
f 378/1226/359 884/1227/885 885/1228/886
f 885/1228/886 886/1229/887 378/1226/359
f 378/1226/359 886/1229/887 887/1230/888
f 378/1226/359 887/1230/888 888/1231/889
f 378/1226/359 888/1231/889 379/1232/357
f 379/1232/357 888/1231/889 889/1233/890
f 379/1232/357 889/1233/890 890/1234/891
f 890/1234/891 891/1235/892 379/1232/357
f 379/1232/357 891/1235/892 391/1236/344
f 379/1232/357 391/1236/344 390/1237/343
f 891/1235/892 892/1238/893 391/1236/344
f 391/1236/344 892/1238/893 893/1239/894
f 391/1236/344 893/1239/894 894/1240/895
f 391/1236/344 894/1240/895 392/1241/340
f 392/1241/340 894/1240/895 895/1242/896
f 392/1241/340 895/1242/896 896/1243/897
f 896/1243/897 897/1244/898 392/1241/340
f 392/1241/340 897/1244/898 898/1245/899
f 392/1241/340 898/1245/899 899/1246/900
f 392/1241/340 899/1246/900 393/1247/341
f 393/1247/341 899/1246/900 900/1248/901
f 393/1247/341 900/1248/901 901/1249/902
f 901/1249/902 902/1250/903 393/1247/341
f 393/1247/341 902/1250/903 394/1251/337
f 394/1251/337 902/1250/903 903/1252/904
f 394/1251/337 903/1252/904 904/1253/905
f 904/1253/905 905/1254/906 394/1251/337
f 394/1251/337 905/1254/906 906/1255/907
f 394/1251/337 906/1255/907 395/1256/338
f 395/1256/338 906/1255/907 907/1257/908
f 395/1256/338 907/1257/908 908/1258/909
f 908/1258/909 909/1259/910 395/1256/338
f 395/1256/338 909/1259/910 910/1260/911
f 395/1256/338 910/1260/911 911/1261/912
f 395/1256/338 911/1261/912 375/1262/464
f 375/1262/464 911/1261/912 912/1263/913
f 375/1262/464 912/1263/913 913/1264/914
f 913/1264/914 914/1265/915 375/1262/464
f 375/1262/464 914/1265/915 915/1216/877
f 375/1262/464 915/1216/877 376/1218/361
f 375/1262/464 374/1266/463 395/1256/338
f 395/1256/338 374/1266/463 396/1267/339
f 396/1267/339 374/1266/463 373/1268/461
f 396/1267/339 373/1268/461 397/1269/466
f 397/1269/466 373/1268/461 404/1270/460
f 397/1269/466 404/1270/460 398/1271/467
f 398/1271/467 404/1270/460 403/1272/479
f 398/1271/467 403/1272/479 399/1273/468
f 399/1273/468 403/1272/479 402/1274/476
f 399/1273/468 402/1274/476 400/1275/469
f 400/1275/469 402/1274/476 401/1276/472
f 389/1277/342 381/1278/354 390/1237/343
f 390/1237/343 381/1278/354 380/1279/356
f 390/1237/343 380/1279/356 379/1232/357
f 381/1278/354 389/1277/342 382/1280/353
f 382/1280/353 389/1277/342 388/1281/465
f 382/1280/353 388/1281/465 383/1282/352
f 383/1282/352 388/1281/465 387/1283/347
f 383/1282/352 387/1283/347 384/1284/351
f 384/1284/351 387/1283/347 386/1285/346
f 384/1284/351 386/1285/346 385/1286/345
usemtl Cobre_-_Pulido
f 882/1224/883 881/1223/882 901/1249/902
f 901/1249/902 881/1223/882 880/1221/881
f 901/1249/902 880/1221/881 902/1250/903
f 902/1250/903 880/1221/881 903/1252/904
f 903/1252/904 880/1221/881 879/1220/880
f 903/1252/904 879/1220/880 904/1253/905
f 904/1253/905 879/1220/880 878/1219/879
f 904/1253/905 878/1219/879 905/1254/906
f 905/1254/906 878/1219/879 877/1217/878
f 905/1254/906 877/1217/878 907/1257/908
f 907/1257/908 877/1217/878 915/1216/877
f 907/1257/908 915/1216/877 914/1265/915
f 907/1257/908 914/1265/915 908/1258/909
f 908/1258/909 914/1265/915 913/1264/914
f 908/1258/909 913/1264/914 912/1263/913
f 908/1258/909 912/1263/913 909/1259/910
f 909/1259/910 912/1263/913 911/1261/912
f 909/1259/910 911/1261/912 910/1260/911
f 907/1257/908 906/1255/907 905/1254/906
f 901/1249/902 900/1248/901 882/1224/883
f 882/1224/883 900/1248/901 883/1225/884
f 883/1225/884 900/1248/901 899/1246/900
f 883/1225/884 899/1246/900 884/1227/885
f 884/1227/885 899/1246/900 898/1245/899
f 884/1227/885 898/1245/899 885/1228/886
f 885/1228/886 898/1245/899 897/1244/898
f 885/1228/886 897/1244/898 887/1230/888
f 887/1230/888 897/1244/898 896/1243/897
f 887/1230/888 896/1243/897 895/1242/896
f 887/1230/888 895/1242/896 888/1231/889
f 888/1231/889 895/1242/896 894/1240/895
f 888/1231/889 894/1240/895 893/1239/894
f 892/1238/893 891/1235/892 893/1239/894
f 893/1239/894 891/1235/892 889/1233/890
f 893/1239/894 889/1233/890 888/1231/889
f 891/1235/892 890/1234/891 889/1233/890
f 887/1230/888 886/1229/887 885/1228/886
usemtl Recubrimiento_de_polvo_(amarillo)
f 406/1287/481 426/1288/533 407/1289/506
f 407/1289/506 426/1288/533 425/1290/531
f 407/1289/506 425/1290/531 424/1291/530
f 426/1288/533 406/1287/481 427/1292/535
f 427/1292/535 406/1287/481 405/1293/483
f 427/1292/535 405/1293/483 428/1294/536
f 428/1294/536 405/1293/483 429/1295/538
f 429/1295/538 405/1293/483 430/1296/540
f 430/1296/540 405/1293/483 431/1297/542
f 431/1297/542 405/1293/483 432/1298/544
f 432/1298/544 405/1293/483 433/1299/545
f 433/1299/545 405/1293/483 492/1300/501
f 433/1299/545 492/1300/501 434/1301/543
f 434/1301/543 492/1300/501 491/1302/503
f 434/1301/543 491/1302/503 435/1303/541
f 435/1303/541 491/1302/503 436/1304/539
f 436/1304/539 491/1302/503 437/1305/537
f 437/1305/537 491/1302/503 438/1306/534
f 438/1306/534 491/1302/503 439/1307/532
f 439/1307/532 491/1302/503 490/1308/568
f 439/1307/532 490/1308/568 440/1309/529
f 440/1309/529 490/1308/568 489/1310/572
f 440/1309/529 489/1310/572 441/1311/523
f 441/1311/523 489/1310/572 488/1312/575
f 441/1311/523 488/1312/575 487/1313/577
f 405/1293/483 504/1314/485 492/1300/501
f 492/1300/501 504/1314/485 493/1315/500
f 493/1315/500 504/1314/485 503/1316/486
f 493/1315/500 503/1316/486 502/1317/487
f 493/1315/500 502/1317/487 494/1318/498
f 494/1318/498 502/1317/487 501/1319/488
f 494/1318/498 501/1319/488 495/1320/496
f 495/1320/496 501/1319/488 500/1321/489
f 495/1320/496 500/1321/489 499/1322/490
f 495/1320/496 499/1322/490 496/1323/495
f 496/1323/495 499/1322/490 498/1324/491
f 496/1323/495 498/1324/491 497/1325/493
f 487/1313/577 486/1326/579 441/1311/523
f 441/1311/523 486/1326/579 485/1327/581
f 441/1311/523 485/1327/581 484/1328/582
f 441/1311/523 484/1328/582 442/1329/520
f 442/1329/520 484/1328/582 483/1330/584
f 442/1329/520 483/1330/584 482/1331/585
f 442/1329/520 482/1331/585 456/1332/556
f 456/1332/556 482/1331/585 481/1333/583
f 456/1332/556 481/1333/583 480/1334/580
f 480/1334/580 479/1335/578 456/1332/556
f 456/1332/556 479/1335/578 457/1336/557
f 457/1336/557 479/1335/578 478/1337/576
f 457/1336/557 478/1337/576 477/1338/574
f 477/1338/574 476/1339/573 457/1336/557
f 457/1336/557 476/1339/573 458/1340/558
f 458/1340/558 476/1339/573 475/1341/571
f 458/1340/558 475/1341/571 474/1342/570
f 474/1342/570 473/1343/569 458/1340/558
f 458/1340/558 473/1343/569 459/1344/559
f 459/1344/559 473/1343/569 472/1345/567
f 459/1344/559 472/1345/567 471/1346/566
f 471/1346/566 470/1347/505 459/1344/559
f 459/1344/559 470/1347/505 460/1348/561
f 460/1348/561 470/1347/505 469/1349/504
f 460/1348/561 469/1349/504 468/1350/502
f 468/1350/502 467/1351/499 460/1348/561
f 460/1348/561 467/1351/499 461/1352/562
f 461/1352/562 467/1351/499 462/1353/563
f 462/1353/563 467/1351/499 466/1354/497
f 462/1353/563 466/1354/497 463/1355/564
f 463/1355/564 466/1354/497 465/1356/494
f 463/1355/564 465/1356/494 464/1357/565
f 456/1332/556 455/1358/555 442/1329/520
f 442/1329/520 455/1358/555 454/1359/554
f 442/1329/520 454/1359/554 443/1360/521
f 443/1360/521 454/1359/554 453/1361/553
f 443/1360/521 453/1361/553 444/1362/516
f 444/1362/516 453/1361/553 452/1363/552
f 444/1362/516 452/1363/552 445/1364/517
f 445/1364/517 452/1363/552 451/1365/551
f 445/1364/517 451/1365/551 446/1366/518
f 446/1366/518 451/1365/551 447/1367/546
f 447/1367/546 451/1365/551 450/1368/550
f 447/1367/546 450/1368/550 449/1369/548
f 449/1369/548 448/1370/547 447/1367/546
f 407/1289/506 424/1291/530 408/1371/507
f 408/1371/507 424/1291/530 423/1372/528
f 408/1371/507 423/1372/528 422/1373/527
f 422/1373/527 421/1374/526 408/1371/507
f 408/1371/507 421/1374/526 420/1375/525
f 408/1371/507 420/1375/525 419/1376/524
f 419/1376/524 418/1377/522 408/1371/507
f 408/1371/507 418/1377/522 409/1378/508
f 409/1378/508 418/1377/522 417/1379/519
f 409/1378/508 417/1379/519 410/1380/509
f 410/1380/509 417/1379/519 411/1381/510
f 411/1381/510 417/1379/519 416/1382/515
f 411/1381/510 416/1382/515 412/1383/511
f 412/1383/511 416/1382/515 413/1384/512
f 413/1384/512 416/1382/515 414/1385/513
f 414/1385/513 416/1382/515 415/1386/514
f 917/1387/916 515/1388/289 916/1389/917
f 916/1389/917 515/1388/289 514/1390/604
f 916/1389/917 514/1390/604 508/1391/484
f 508/1391/484 514/1390/604 513/1392/288
f 508/1391/484 513/1392/288 509/1393/492
f 509/1393/492 513/1392/288 512/1394/603
f 509/1393/492 512/1394/603 511/1395/602
f 515/1388/289 917/1387/916 516/1396/290
f 516/1396/290 917/1387/916 918/1397/918
f 516/1396/290 918/1397/918 919/1398/919
f 920/1399/920 506/1400/586 919/1398/919
f 919/1398/919 506/1400/586 505/1401/588
f 919/1398/919 505/1401/588 521/1402/375
f 916/1389/917 508/1391/484 920/1399/920
f 920/1399/920 508/1391/484 507/1403/590
f 920/1399/920 507/1403/590 506/1400/586
f 919/1398/919 521/1402/375 517/1404/605
f 517/1404/605 521/1402/375 520/1405/376
f 517/1404/605 520/1405/376 519/1406/378
f 519/1406/378 518/1407/377 517/1404/605
f 517/1404/605 516/1396/290 919/1398/919
f 511/1395/602 510/1408/560 509/1393/492
usemtl Cobre_-_Pulido
f 919/1398/919 918/1397/918 920/1399/920
f 920/1399/920 918/1397/918 917/1387/916
f 920/1399/920 917/1387/916 916/1389/917
usemtl Recubrimiento_de_polvo_(amarillo)
f 525/1409/626 573/1410/653 526/1411/628
f 526/1411/628 573/1410/653 572/1412/651
f 526/1411/628 572/1412/651 527/1413/630
f 527/1413/630 572/1412/651 528/1414/631
f 528/1414/631 572/1412/651 571/1415/650
f 528/1414/631 571/1415/650 529/1416/632
f 529/1416/632 571/1415/650 530/1417/635
f 530/1417/635 571/1415/650 531/1418/636
f 531/1418/636 571/1415/650 560/1419/441
f 531/1418/636 560/1419/441 532/1420/633
f 532/1420/633 560/1419/441 559/1421/443
f 532/1420/633 559/1421/443 533/1422/634
f 533/1422/634 559/1421/443 534/1423/629
f 534/1423/629 559/1421/443 535/1424/627
f 535/1424/627 559/1421/443 558/1425/445
f 535/1424/627 558/1425/445 536/1426/625
f 536/1426/625 558/1425/445 557/1427/323
f 536/1426/625 557/1427/323 537/1428/624
f 537/1428/624 557/1427/323 538/1429/622
f 538/1429/622 557/1427/323 556/1430/372
f 538/1429/622 556/1430/372 539/1431/607
f 539/1431/607 556/1430/372 540/1432/638
f 540/1432/638 556/1430/372 555/1433/371
f 540/1432/638 555/1433/371 541/1434/640
f 541/1434/640 555/1433/371 542/1435/642
f 542/1435/642 555/1433/371 554/1436/370
f 542/1435/642 554/1436/370 543/1437/644
f 543/1437/644 554/1436/370 544/1438/643
f 544/1438/643 554/1436/370 550/1439/619
f 544/1438/643 550/1439/619 549/1440/612
f 573/1410/653 525/1409/626 574/1441/655
f 574/1441/655 525/1409/626 524/1442/623
f 574/1441/655 524/1442/623 523/1443/606
f 574/1441/655 523/1443/606 575/1444/659
f 575/1444/659 523/1443/606 522/1445/608
f 575/1444/659 522/1445/608 592/1446/610
f 592/1446/610 591/1447/611 575/1444/659
f 575/1444/659 591/1447/611 576/1448/664
f 576/1448/664 591/1447/611 590/1449/613
f 576/1448/664 590/1449/613 589/1450/614
f 589/1450/614 588/1451/615 576/1448/664
f 576/1448/664 588/1451/615 587/1452/616
f 576/1448/664 587/1452/616 577/1453/666
f 577/1453/666 587/1452/616 586/1454/617
f 577/1453/666 586/1454/617 585/1455/618
f 577/1453/666 585/1455/618 578/1456/667
f 578/1456/667 585/1455/618 584/1457/620
f 578/1456/667 584/1457/620 579/1458/668
f 579/1458/668 584/1457/620 583/1459/621
f 579/1458/668 583/1459/621 580/1460/669
f 580/1460/669 583/1459/621 581/1461/670
f 581/1461/670 583/1459/621 582/1462/589
f 571/1415/650 570/1463/648 560/1419/441
f 560/1419/441 570/1463/648 561/1464/439
f 561/1464/439 570/1463/648 569/1465/647
f 561/1464/439 569/1465/647 562/1466/437
f 562/1466/437 569/1465/647 568/1467/645
f 562/1466/437 568/1467/645 563/1468/438
f 563/1468/438 568/1467/645 567/1469/435
f 563/1468/438 567/1469/435 564/1470/432
f 564/1470/432 567/1469/435 566/1471/434
f 564/1470/432 566/1471/434 565/1472/433
f 554/1436/370 553/1473/369 550/1439/619
f 550/1439/619 553/1473/369 551/1474/374
f 551/1474/374 553/1473/369 552/1475/373
f 548/1476/609 546/1477/639 549/1440/612
f 549/1440/612 546/1477/639 545/1478/641
f 549/1440/612 545/1478/641 544/1438/643
f 548/1476/609 547/1479/637 546/1477/639
f 593/1480/302 602/1481/300 594/1482/672
f 594/1482/672 602/1481/300 595/1483/675
f 595/1483/675 602/1481/300 601/1484/298
f 595/1483/675 601/1484/298 596/1485/678
f 596/1485/678 601/1484/298 600/1486/296
f 596/1485/678 600/1486/296 599/1487/294
f 598/1488/389 597/1489/415 599/1487/294
f 599/1487/294 597/1489/415 596/1485/678
f 603/1490/329 612/1491/327 604/1492/312
f 604/1492/312 612/1491/327 605/1493/310
f 605/1493/310 612/1491/327 611/1494/449
f 605/1493/310 611/1494/449 606/1495/308
f 606/1495/308 611/1494/449 610/1496/448
f 606/1495/308 610/1496/448 609/1497/303
f 608/1498/304 607/1499/306 609/1497/303
f 609/1497/303 607/1499/306 606/1495/308
f 616/1500/695 625/1501/704 617/1502/696
f 617/1502/696 625/1501/704 624/1503/702
f 617/1502/696 624/1503/702 618/1504/698
f 618/1504/698 624/1503/702 623/1505/701
f 618/1504/698 623/1505/701 619/1506/699
f 619/1506/699 623/1505/701 622/1507/317
f 619/1506/699 622/1507/317 620/1508/700
f 620/1508/700 622/1507/317 621/1509/316
f 615/1510/693 643/1511/733 616/1500/695
f 616/1500/695 643/1511/733 642/1512/731
f 616/1500/695 642/1512/731 626/1513/705
f 626/1513/705 642/1512/731 641/1514/729
f 626/1513/705 641/1514/729 640/1515/724
f 614/1516/679 647/1517/727 615/1510/693
f 615/1510/693 647/1517/727 646/1518/728
f 615/1510/693 646/1518/728 645/1519/730
f 613/1520/681 650/1521/723 614/1516/679
f 614/1516/679 650/1521/723 649/1522/725
f 614/1516/679 649/1522/725 648/1523/726
f 670/1524/683 652/1525/721 613/1520/681
f 613/1520/681 652/1525/721 651/1526/722
f 613/1520/681 651/1526/722 650/1521/723
f 669/1527/684 654/1528/719 670/1524/683
f 670/1524/683 654/1528/719 653/1529/720
f 670/1524/683 653/1529/720 652/1525/721
f 668/1530/685 657/1531/716 669/1527/684
f 669/1527/684 657/1531/716 656/1532/717
f 669/1527/684 656/1532/717 655/1533/718
f 667/1534/686 660/1535/712 668/1530/685
f 668/1530/685 660/1535/712 659/1536/713
f 668/1530/685 659/1536/713 658/1537/715
f 667/1534/686 666/1538/687 660/1535/712
f 660/1535/712 666/1538/687 661/1539/710
f 661/1539/710 666/1538/687 665/1540/688
f 661/1539/710 665/1540/688 664/1541/689
f 663/1542/690 662/1543/691 664/1541/689
f 664/1541/689 662/1543/691 661/1539/710
f 658/1537/715 657/1531/716 668/1530/685
f 655/1533/718 654/1528/719 669/1527/684
f 648/1523/726 647/1517/727 614/1516/679
f 645/1519/730 644/1544/732 615/1510/693
f 615/1510/693 644/1544/732 643/1511/733
f 626/1513/705 640/1515/724 627/1545/707
f 627/1545/707 640/1515/724 639/1546/714
f 627/1545/707 639/1546/714 628/1547/708
f 628/1547/708 639/1546/714 634/1548/456
f 628/1547/708 634/1548/456 633/1549/458
f 639/1546/714 638/1550/711 634/1548/456
f 634/1548/456 638/1550/711 637/1551/709
f 634/1548/456 637/1551/709 635/1552/350
f 635/1552/350 637/1551/709 636/1553/692
f 632/1554/314 630/1555/703 633/1549/458
f 633/1549/458 630/1555/703 629/1556/706
f 633/1549/458 629/1556/706 628/1547/708
f 632/1554/314 631/1557/315 630/1555/703
f 626/1513/705 625/1501/704 616/1500/695
f 674/1558/355 673/1559/735 675/1560/358
f 675/1560/358 673/1559/735 672/1561/734
f 675/1560/358 672/1561/734 671/1562/480
f 678/1563/462 677/1564/363 671/1562/480
f 671/1562/480 677/1564/363 676/1565/362
f 671/1562/480 676/1565/362 675/1560/358
f 681/1566/740 689/1567/475 682/1568/738
f 682/1568/738 689/1567/475 688/1569/474
f 682/1568/738 688/1569/474 683/1570/741
f 683/1570/741 688/1569/474 687/1571/473
f 683/1570/741 687/1571/473 684/1572/758
f 684/1572/758 687/1571/473 686/1573/478
f 684/1572/758 686/1573/478 685/1574/477
f 689/1567/475 681/1566/740 690/1575/759
f 690/1575/759 681/1566/740 680/1576/739
f 690/1575/759 680/1576/739 679/1577/737
f 690/1575/759 679/1577/737 691/1578/760
f 691/1578/760 679/1577/737 694/1579/736
f 691/1578/760 694/1579/736 692/1580/761
f 692/1580/761 694/1579/736 693/1581/763
f 699/1582/470 698/1583/762 700/1584/471
f 700/1584/471 698/1583/762 697/1585/764
f 700/1584/471 697/1585/764 701/1586/775
f 701/1586/775 697/1585/764 696/1587/766
f 701/1586/775 696/1587/766 702/1588/776
f 702/1588/776 696/1587/766 695/1589/768
f 703/1590/780 749/1591/808 704/1592/778
f 704/1592/778 749/1591/808 748/1593/806
f 704/1592/778 748/1593/806 705/1594/783
f 705/1594/783 748/1593/806 706/1595/788
f 706/1595/788 748/1593/806 738/1596/743
f 706/1595/788 738/1596/743 707/1597/790
f 707/1597/790 738/1596/743 737/1598/744
f 707/1597/790 737/1598/744 708/1599/789
f 708/1599/789 737/1598/744 709/1600/787
f 709/1600/787 737/1598/744 710/1601/784
f 710/1601/784 737/1598/744 711/1602/785
f 711/1602/785 737/1598/744 736/1603/745
f 711/1602/785 736/1603/745 712/1604/786
f 712/1604/786 736/1603/745 713/1605/791
f 713/1605/791 736/1603/745 714/1606/779
f 714/1606/779 736/1603/745 735/1607/746
f 714/1606/779 735/1607/746 715/1608/781
f 715/1608/781 735/1607/746 716/1609/782
f 716/1609/782 735/1607/746 734/1610/747
f 716/1609/782 734/1610/747 717/1611/792
f 717/1611/792 734/1610/747 718/1612/793
f 718/1612/793 734/1610/747 733/1613/748
f 718/1612/793 733/1613/748 719/1614/794
f 719/1614/794 733/1613/748 720/1615/795
f 720/1615/795 733/1613/748 721/1616/796
f 721/1616/796 733/1613/748 732/1617/749
f 721/1616/796 732/1617/749 722/1618/797
f 722/1618/797 732/1617/749 723/1619/798
f 723/1619/798 732/1617/749 724/1620/800
f 724/1620/800 732/1617/749 731/1621/750
f 724/1620/800 731/1621/750 730/1622/751
f 760/1623/799 756/1624/336 703/1590/780
f 703/1590/780 756/1624/336 750/1625/809
f 703/1590/780 750/1625/809 749/1591/808
f 760/1623/799 759/1626/802 756/1624/336
f 756/1624/336 759/1626/802 757/1627/756
f 757/1627/756 759/1626/802 758/1628/757
f 756/1624/336 755/1629/335 750/1625/809
f 750/1625/809 755/1629/335 751/1630/807
f 751/1630/807 755/1629/335 752/1631/804
f 752/1631/804 755/1629/335 754/1632/777
f 752/1631/804 754/1632/777 753/1633/770
f 748/1593/806 747/1634/805 738/1596/743
f 738/1596/743 747/1634/805 739/1635/773
f 739/1635/773 747/1634/805 746/1636/803
f 739/1635/773 746/1636/803 740/1637/774
f 740/1637/774 746/1636/803 745/1638/772
f 740/1637/774 745/1638/772 741/1639/765
f 741/1639/765 745/1638/772 744/1640/771
f 741/1639/765 744/1640/771 742/1641/767
f 742/1641/767 744/1640/771 743/1642/769
f 724/1620/800 730/1622/751 725/1643/801
f 725/1643/801 730/1622/751 729/1644/752
f 725/1643/801 729/1644/752 728/1645/753
f 727/1646/754 726/1647/755 728/1645/753
f 728/1645/753 726/1647/755 725/1643/801
f 945/1648/921 921/1649/922 783/1650/646
f 783/1650/646 921/1649/922 922/1651/923
f 783/1650/646 922/1651/923 784/1652/428
f 784/1652/428 922/1651/923 923/1653/924
f 784/1652/428 923/1653/924 924/1654/925
f 784/1652/428 924/1654/925 785/1655/425
f 785/1655/425 924/1654/925 925/1656/926
f 785/1655/425 925/1656/926 762/1657/600
f 762/1657/600 925/1656/926 763/1658/599
f 763/1658/599 925/1656/926 926/1659/927
f 763/1658/599 926/1659/927 927/1660/928
f 927/1660/928 928/1661/929 763/1658/599
f 763/1658/599 928/1661/929 764/1662/598
f 764/1662/598 928/1661/929 929/1663/930
f 764/1662/598 929/1663/930 765/1664/597
f 765/1664/597 929/1663/930 930/1665/931
f 765/1664/597 930/1665/931 766/1666/596
f 766/1666/596 930/1665/931 931/1667/932
f 766/1666/596 931/1667/932 932/1668/933
f 932/1668/933 933/1669/934 766/1666/596
f 766/1666/596 933/1669/934 934/1670/935
f 766/1666/596 934/1670/935 935/1671/936
f 766/1666/596 935/1671/936 767/1672/595
f 767/1672/595 935/1671/936 936/1673/937
f 767/1672/595 936/1673/937 937/1674/938
f 767/1672/595 937/1674/938 780/1675/654
f 780/1675/654 937/1674/938 938/1676/939
f 780/1675/654 938/1676/939 939/1677/940
f 939/1677/940 940/1678/941 780/1675/654
f 780/1675/654 940/1678/941 781/1679/652
f 781/1679/652 940/1678/941 941/1680/942
f 781/1679/652 941/1680/942 942/1681/943
f 942/1681/943 943/1682/944 781/1679/652
f 781/1679/652 943/1682/944 944/1683/945
f 781/1679/652 944/1683/945 782/1684/649
f 782/1684/649 944/1683/945 945/1648/921
f 782/1684/649 945/1648/921 783/1650/646
f 761/1685/420 786/1686/419 762/1657/600
f 762/1657/600 786/1686/419 785/1655/425
f 780/1675/654 779/1687/656 767/1672/595
f 767/1672/595 779/1687/656 768/1688/594
f 768/1688/594 779/1687/656 778/1689/657
f 768/1688/594 778/1689/657 769/1690/593
f 769/1690/593 778/1689/657 777/1691/658
f 769/1690/593 777/1691/658 776/1692/660
f 775/1693/661 771/1694/587 776/1692/660
f 776/1692/660 771/1694/587 770/1695/591
f 776/1692/660 770/1695/591 769/1690/593
f 775/1693/661 774/1696/662 771/1694/587
f 771/1694/587 774/1696/662 772/1697/665
f 772/1697/665 774/1696/662 773/1698/663
usemtl Cobre_-_Pulido
f 925/1656/926 924/1654/925 926/1659/927
f 926/1659/927 924/1654/925 923/1653/924
f 926/1659/927 923/1653/924 927/1660/928
f 927/1660/928 923/1653/924 922/1651/923
f 927/1660/928 922/1651/923 928/1661/929
f 928/1661/929 922/1651/923 921/1649/922
f 928/1661/929 921/1649/922 929/1663/930
f 929/1663/930 921/1649/922 945/1648/921
f 929/1663/930 945/1648/921 930/1665/931
f 930/1665/931 945/1648/921 944/1683/945
f 930/1665/931 944/1683/945 931/1667/932
f 931/1667/932 944/1683/945 943/1682/944
f 931/1667/932 943/1682/944 932/1668/933
f 932/1668/933 943/1682/944 942/1681/943
f 932/1668/933 942/1681/943 933/1669/934
f 933/1669/934 942/1681/943 941/1680/942
f 933/1669/934 941/1680/942 940/1678/941
f 933/1669/934 940/1678/941 934/1670/935
f 934/1670/935 940/1678/941 939/1677/940
f 934/1670/935 939/1677/940 935/1671/936
f 935/1671/936 939/1677/940 938/1676/939
f 935/1671/936 938/1676/939 936/1673/937
f 936/1673/937 938/1676/939 937/1674/938
usemtl Recubrimiento_de_polvo_(amarillo)
f 970/1699/946 946/1700/947 809/1701/311
f 809/1701/311 946/1700/947 947/1702/948
f 809/1701/311 947/1702/948 810/1703/313
f 810/1703/313 947/1702/948 948/1704/949
f 810/1703/313 948/1704/949 811/1705/697
f 811/1705/697 948/1704/949 949/1706/950
f 811/1705/697 949/1706/950 950/1707/951
f 811/1705/697 950/1707/951 812/1708/694
f 812/1708/694 950/1707/951 951/1709/952
f 812/1708/694 951/1709/952 789/1710/868
f 789/1710/868 951/1709/952 790/1711/869
f 790/1711/869 951/1709/952 952/1712/953
f 790/1711/869 952/1712/953 953/1713/954
f 953/1713/954 954/1714/955 790/1711/869
f 790/1711/869 954/1714/955 791/1715/870
f 791/1715/870 954/1714/955 955/1716/956
f 791/1715/870 955/1716/956 792/1717/871
f 792/1717/871 955/1716/956 956/1718/957
f 792/1717/871 956/1718/957 793/1719/872
f 793/1719/872 956/1718/957 957/1720/958
f 793/1719/872 957/1720/958 958/1721/959
f 958/1721/959 959/1722/960 793/1719/872
f 793/1719/872 959/1722/960 960/1723/961
f 793/1719/872 960/1723/961 961/1724/962
f 793/1719/872 961/1724/962 794/1725/873
f 794/1725/873 961/1724/962 962/1726/963
f 794/1727/873 962/1728/963 963/1729/964
f 794/1727/873 963/1729/964 807/1730/307
f 807/1730/307 963/1729/964 964/1731/965
f 807/1730/307 964/1731/965 965/1732/966
f 965/1732/966 966/1733/967 807/1730/307
f 807/1730/307 966/1733/967 808/1734/309
f 808/1735/309 966/1736/967 967/1737/968
f 808/1735/309 967/1737/968 968/1738/969
f 968/1738/969 969/1739/970 808/1735/309
f 808/1735/309 969/1739/970 970/1699/946
f 808/1735/309 970/1699/946 809/1701/311
f 788/1740/682 787/1741/680 789/1710/868
f 789/1710/868 787/1741/680 812/1708/694
f 807/1730/307 806/1742/305 794/1727/873
f 794/1727/873 806/1742/305 795/1743/874
f 795/1743/874 806/1742/305 805/1744/671
f 795/1743/874 805/1744/671 796/1745/875
f 796/1745/875 805/1744/671 804/1746/673
f 796/1745/875 804/1746/673 803/1747/674
f 802/1748/676 798/1749/601 803/1747/674
f 803/1747/674 798/1749/601 797/1750/876
f 803/1747/674 797/1750/876 796/1745/875
f 802/1748/676 801/1751/677 798/1749/601
f 798/1749/601 801/1751/677 799/1752/421
f 799/1752/421 801/1751/677 800/1753/422
usemtl Cobre_-_Pulido
f 946/1700/947 955/1716/956 947/1702/948
f 947/1702/948 955/1716/956 954/1714/955
f 947/1702/948 954/1714/955 948/1704/949
f 948/1704/949 954/1714/955 953/1713/954
f 948/1704/949 953/1713/954 949/1706/950
f 949/1706/950 953/1713/954 952/1712/953
f 949/1706/950 952/1712/953 950/1707/951
f 950/1707/951 952/1712/953 951/1709/952
f 955/1716/956 946/1700/947 956/1718/957
f 956/1718/957 946/1700/947 970/1699/946
f 956/1718/957 970/1699/946 957/1720/958
f 957/1720/958 970/1699/946 969/1739/970
f 957/1720/958 969/1739/970 958/1721/959
f 958/1721/959 969/1739/970 968/1738/969
f 958/1721/959 968/1738/969 959/1722/960
f 959/1722/960 968/1738/969 967/1737/968
f 959/1722/960 967/1737/968 966/1736/967
f 959/1722/960 966/1736/967 960/1723/961
f 960/1723/961 966/1736/967 965/1754/966
f 960/1755/961 965/1754/966 961/1756/962
f 961/1756/962 965/1754/966 964/1757/965
f 961/1756/962 964/1757/965 962/1758/963
f 962/1758/963 964/1757/965 963/1759/964
f 972/1760/971 1034/1761/972 971/1762/973
f 971/1762/973 1034/1761/972 1003/1763/974
f 971/1762/973 1003/1763/974 1002/1764/975
f 1002/1764/975 1003/1763/974 1004/1765/976
f 1002/1764/975 1004/1765/976 1001/1766/977
f 1001/1766/977 1004/1765/976 1005/1767/978
f 1001/1766/977 1005/1767/978 1000/1768/979
f 1000/1768/979 1005/1767/978 1006/1769/980
f 1000/1768/979 1006/1769/980 999/1770/981
f 999/1770/981 1006/1769/980 1007/1771/982
f 999/1770/981 1007/1771/982 998/1772/983
f 998/1772/983 1007/1771/982 1008/1773/984
f 998/1772/983 1008/1773/984 997/1774/985
f 997/1774/985 1008/1773/984 1009/1775/986
f 997/1774/985 1009/1775/986 996/1776/987
f 996/1776/987 1009/1775/986 1010/1777/988
f 996/1776/987 1010/1777/988 995/1778/989
f 995/1778/989 1010/1777/988 1011/1779/990
f 995/1778/989 1011/1779/990 1012/1780/991
f 972/1760/971 973/1781/992 1034/1761/972
f 1034/1761/972 973/1781/992 1033/1782/993
f 1033/1782/993 973/1781/992 974/1783/994
f 1033/1782/993 974/1783/994 1032/1784/995
f 1032/1784/995 974/1783/994 975/1785/996
f 1032/1784/995 975/1785/996 1031/1786/997
f 1031/1786/997 975/1785/996 976/1787/998
f 1031/1786/997 976/1787/998 1030/1788/999
f 1030/1788/999 976/1787/998 977/1789/1000
f 1030/1788/999 977/1789/1000 1029/1790/1001
f 1029/1790/1001 977/1789/1000 978/1791/1002
f 1029/1790/1001 978/1791/1002 1028/1792/1003
f 1028/1792/1003 978/1791/1002 979/1793/1004
f 1028/1792/1003 979/1793/1004 1027/1794/1005
f 1027/1794/1005 979/1793/1004 1026/1795/1006
f 1026/1795/1006 979/1793/1004 980/1796/1007
f 1026/1795/1006 980/1796/1007 1025/1797/1008
f 1025/1797/1008 980/1796/1007 981/1798/1009
f 1025/1797/1008 981/1798/1009 1024/1799/1010
f 1024/1799/1010 981/1798/1009 982/1800/1011
f 1024/1799/1010 982/1800/1011 1023/1801/1012
f 1023/1801/1012 982/1800/1011 983/1802/1013
f 1023/1801/1012 983/1802/1013 1022/1803/1014
f 1022/1803/1014 983/1802/1013 984/1804/1015
f 1022/1803/1014 984/1804/1015 1021/1805/1016
f 1021/1805/1016 984/1804/1015 985/1806/1017
f 1021/1805/1016 985/1806/1017 1020/1807/1018
f 1020/1807/1018 985/1806/1017 986/1808/1019
f 1020/1807/1018 986/1808/1019 1019/1809/1020
f 1019/1809/1020 986/1808/1019 987/1810/1021
f 1019/1809/1020 987/1810/1021 988/1811/1022
f 1019/1809/1020 988/1811/1022 1018/1812/1023
f 1018/1812/1023 988/1811/1022 989/1813/1024
f 1018/1812/1023 989/1813/1024 1017/1814/1025
f 1017/1814/1025 989/1813/1024 990/1815/1026
f 1017/1814/1025 990/1815/1026 1016/1816/1027
f 1016/1816/1027 990/1815/1026 991/1817/1028
f 1016/1816/1027 991/1817/1028 1015/1818/1029
f 1015/1818/1029 991/1817/1028 992/1819/1030
f 1015/1818/1029 992/1819/1030 1014/1820/1031
f 1014/1820/1031 992/1819/1030 993/1821/1032
f 1014/1820/1031 993/1821/1032 1013/1822/1033
f 1013/1822/1033 993/1821/1032 994/1823/1034
f 1013/1822/1033 994/1823/1034 1012/1780/991
f 1012/1780/991 994/1823/1034 995/1778/989
f 1066/1824/1035 1035/1825/1036 813/1826/1037
f 813/1826/1037 1035/1825/1036 1036/1827/1038
f 813/1826/1037 1036/1827/1038 814/1828/1039
f 814/1828/1039 1036/1827/1038 1037/1829/1040
f 814/1828/1039 1037/1829/1040 815/1830/1041
f 815/1830/1041 1037/1829/1040 1038/1831/1042
f 815/1830/1041 1038/1831/1042 816/1832/1043
f 816/1832/1043 1038/1831/1042 1039/1833/1044
f 816/1832/1043 1039/1833/1044 817/1834/1045
f 817/1834/1045 1039/1833/1044 1040/1835/1046
f 817/1834/1045 1040/1835/1046 818/1836/1047
f 818/1836/1047 1040/1835/1046 1041/1837/1048
f 818/1836/1047 1041/1837/1048 819/1838/1049
f 819/1838/1049 1041/1837/1048 1042/1839/1050
f 819/1838/1049 1042/1839/1050 820/1840/1051
f 820/1840/1051 1042/1839/1050 1043/1841/1052
f 820/1840/1051 1043/1841/1052 821/1842/1053
f 821/1842/1053 1043/1841/1052 822/1843/1054
f 822/1843/1054 1043/1841/1052 1044/1844/1055
f 822/1843/1054 1044/1844/1055 823/1845/1056
f 823/1845/1056 1044/1844/1055 1045/1846/1057
f 823/1845/1056 1045/1846/1057 824/1847/1058
f 824/1847/1058 1045/1846/1057 1046/1848/1059
f 824/1847/1058 1046/1848/1059 825/1849/1060
f 825/1849/1060 1046/1848/1059 1047/1850/1061
f 825/1849/1060 1047/1850/1061 826/1851/1062
f 826/1851/1062 1047/1850/1061 1048/1852/1063
f 826/1851/1062 1048/1852/1063 827/1853/1064
f 827/1853/1064 1048/1852/1063 1049/1854/1065
f 827/1853/1064 1049/1854/1065 828/1855/1066
f 828/1855/1066 1049/1854/1065 1050/1856/1067
f 828/1855/1066 1050/1856/1067 829/1857/1068
f 829/1857/1068 1050/1856/1067 1051/1858/1069
f 829/1857/1068 1051/1858/1069 830/1859/1070
f 830/1859/1070 1051/1858/1069 1052/1860/1071
f 830/1859/1070 1052/1860/1071 1053/1861/1072
f 830/1859/1070 1053/1861/1072 831/1862/1073
f 831/1862/1073 1053/1861/1072 1054/1863/1074
f 831/1862/1073 1054/1863/1074 832/1864/1075
f 832/1864/1075 1054/1863/1074 1055/1865/1076
f 832/1864/1075 1055/1865/1076 833/1866/1077
f 833/1866/1077 1055/1865/1076 1056/1867/1078
f 833/1866/1077 1056/1867/1078 834/1868/1079
f 834/1868/1079 1056/1867/1078 1057/1869/1080
f 834/1868/1079 1057/1869/1080 835/1870/1081
f 835/1870/1081 1057/1869/1080 1058/1871/1082
f 835/1870/1081 1058/1871/1082 836/1872/1083
f 836/1872/1083 1058/1871/1082 1059/1873/1084
f 836/1872/1083 1059/1873/1084 837/1874/1085
f 837/1874/1085 1059/1873/1084 838/1875/1086
f 838/1875/1086 1059/1873/1084 1060/1876/1087
f 838/1875/1086 1060/1876/1087 839/1877/1088
f 839/1877/1088 1060/1876/1087 1061/1878/1089
f 839/1877/1088 1061/1878/1089 840/1879/1090
f 840/1879/1090 1061/1878/1089 1062/1880/1091
f 840/1879/1090 1062/1880/1091 841/1881/1092
f 841/1881/1092 1062/1880/1091 1063/1882/1093
f 841/1881/1092 1063/1882/1093 842/1883/1094
f 842/1883/1094 1063/1882/1093 1064/1884/1095
f 842/1883/1094 1064/1884/1095 843/1885/1096
f 843/1885/1096 1064/1884/1095 1065/1886/1097
f 843/1885/1096 1065/1886/1097 844/1887/1098
f 844/1887/1098 1065/1886/1097 1066/1824/1035
f 844/1887/1098 1066/1824/1035 813/1826/1037
f 1068/1888/1099 1104/1889/1100 1067/1890/1101
f 1067/1890/1101 1104/1889/1100 1099/1891/1102
f 1067/1892/1101 1099/1893/1102 1098/1894/1103
f 1098/1894/1103 1099/1893/1102 1254/1895/1104
f 1098/1894/1103 1254/1895/1104 1097/1896/1105
f 1097/1896/1105 1254/1895/1104 1249/1897/1106
f 1097/1896/1105 1249/1897/1106 1096/1898/1107
f 1096/1898/1107 1249/1897/1106 1244/1899/1108
f 1096/1898/1107 1244/1899/1108 1095/1900/1109
f 1095/1900/1109 1244/1899/1108 1239/1901/1110
f 1095/1900/1109 1239/1901/1110 1094/1902/1111
f 1094/1902/1111 1239/1901/1110 1234/1903/1112
f 1094/1902/1111 1234/1903/1112 1093/1904/1113
f 1093/1904/1113 1234/1903/1112 1229/1905/1114
f 1093/1904/1113 1229/1905/1114 1092/1906/1115
f 1092/1906/1115 1229/1905/1114 1224/1907/1116
f 1092/1906/1115 1224/1907/1116 1091/1908/1117
f 1091/1908/1117 1224/1907/1116 1219/1909/1118
f 1091/1908/1117 1219/1909/1118 1090/1910/1119
f 1090/1910/1119 1219/1909/1118 1214/1911/1120
f 1090/1910/1119 1214/1911/1120 1089/1912/1121
f 1089/1912/1121 1214/1911/1120 1209/1913/1122
f 1089/1912/1121 1209/1913/1122 1088/1914/1123
f 1088/1914/1123 1209/1913/1122 1204/1915/1124
f 1088/1914/1123 1204/1915/1124 1087/1916/1125
f 1087/1916/1125 1204/1915/1124 1199/1917/1126
f 1087/1916/1125 1199/1917/1126 1086/1918/1127
f 1086/1918/1127 1199/1917/1126 1194/1919/1128
f 1086/1918/1127 1194/1919/1128 1085/1920/1129
f 1085/1920/1129 1194/1919/1128 1189/1921/1130
f 1085/1920/1129 1189/1921/1130 1084/1922/1131
f 1084/1922/1131 1189/1921/1130 1184/1923/1132
f 1084/1922/1131 1184/1923/1132 1083/1924/1133
f 1083/1924/1133 1184/1923/1132 1179/1925/1134
f 1083/1924/1133 1179/1925/1134 1082/1926/1135
f 1082/1926/1135 1179/1925/1134 1174/1927/1136
f 1082/1926/1135 1174/1927/1136 1081/1928/1137
f 1081/1928/1137 1174/1927/1136 1169/1929/1138
f 1081/1928/1137 1169/1929/1138 1080/1930/1139
f 1080/1930/1139 1169/1929/1138 1164/1931/1140
f 1080/1930/1139 1164/1931/1140 1079/1932/1141
f 1079/1932/1141 1164/1931/1140 1159/1933/1142
f 1079/1932/1141 1159/1933/1142 1078/1934/1143
f 1078/1934/1143 1159/1933/1142 1154/1935/1144
f 1078/1934/1143 1154/1935/1144 1077/1936/1145
f 1077/1936/1145 1154/1935/1144 1149/1937/1146
f 1077/1936/1145 1149/1937/1146 1076/1938/1147
f 1076/1938/1147 1149/1937/1146 1144/1939/1148
f 1076/1938/1147 1144/1939/1148 1075/1940/1149
f 1075/1940/1149 1144/1939/1148 1139/1941/1150
f 1075/1940/1149 1139/1941/1150 1074/1942/1151
f 1074/1942/1151 1139/1941/1150 1134/1943/1152
f 1074/1942/1151 1134/1943/1152 1073/1944/1153
f 1073/1944/1153 1134/1943/1152 1129/1945/1154
f 1073/1944/1153 1129/1945/1154 1072/1946/1155
f 1072/1946/1155 1129/1945/1154 1124/1947/1156
f 1072/1946/1155 1124/1947/1156 1071/1948/1157
f 1071/1948/1157 1124/1947/1156 1119/1949/1158
f 1071/1948/1157 1119/1949/1158 1070/1950/1159
f 1070/1950/1159 1119/1949/1158 1114/1951/1160
f 1070/1950/1159 1114/1951/1160 1069/1952/1161
f 1069/1952/1161 1114/1951/1160 1109/1953/1162
f 1069/1952/1161 1109/1953/1162 1068/1888/1099
f 1068/1888/1099 1109/1953/1162 1104/1889/1100
f 876/1954/840 1258/1955/1163 845/1956/838
f 845/1956/838 1258/1955/1163 1103/1957/1164
f 845/1958/838 1103/1959/1164 846/1960/836
f 846/1960/836 1103/1959/1164 1108/1961/1165
f 846/1960/836 1108/1961/1165 847/1962/834
f 847/1962/834 1108/1961/1165 1113/1963/1166
f 847/1962/834 1113/1963/1166 848/1964/832
f 848/1964/832 1113/1963/1166 1118/1965/1167
f 848/1964/832 1118/1965/1167 849/1966/830
f 849/1966/830 1118/1965/1167 1123/1967/1168
f 849/1966/830 1123/1967/1168 850/1968/828
f 850/1968/828 1123/1967/1168 1128/1969/1169
f 850/1968/828 1128/1969/1169 851/1970/826
f 851/1970/826 1128/1969/1169 1133/1971/1170
f 851/1970/826 1133/1971/1170 852/1972/824
f 852/1972/824 1133/1971/1170 1138/1973/1171
f 852/1972/824 1138/1973/1171 853/1974/822
f 853/1974/822 1138/1973/1171 1143/1975/1172
f 853/1974/822 1143/1975/1172 854/1976/820
f 854/1976/820 1143/1975/1172 1148/1977/1173
f 854/1976/820 1148/1977/1173 855/1978/818
f 855/1978/818 1148/1977/1173 1153/1979/1174
f 855/1978/818 1153/1979/1174 856/1980/816
f 856/1980/816 1153/1979/1174 1158/1981/1175
f 856/1980/816 1158/1981/1175 857/1982/814
f 857/1982/814 1158/1981/1175 1163/1983/1176
f 857/1982/814 1163/1983/1176 858/1984/812
f 858/1984/812 1163/1983/1176 1168/1985/1177
f 858/1984/812 1168/1985/1177 859/1986/810
f 859/1986/810 1168/1985/1177 1173/1987/1178
f 859/1986/810 1173/1987/1178 860/1988/334
f 860/1988/334 1173/1987/1178 1178/1989/1179
f 860/1988/334 1178/1989/1179 861/1990/291
f 861/1990/291 1178/1989/1179 1183/1991/1180
f 861/1990/291 1183/1991/1180 862/1992/549
f 862/1992/549 1183/1991/1180 1188/1993/1181
f 862/1992/549 1188/1993/1181 863/1994/866
f 863/1994/866 1188/1993/1181 1193/1995/1182
f 863/1994/866 1193/1995/1182 864/1996/864
f 864/1996/864 1193/1995/1182 1198/1997/1183
f 864/1996/864 1198/1997/1183 865/1998/862
f 865/1998/862 1198/1997/1183 1203/1999/1184
f 865/1998/862 1203/1999/1184 866/2000/860
f 866/2000/860 1203/1999/1184 1208/2001/1185
f 866/2000/860 1208/2001/1185 867/2002/858
f 867/2002/858 1208/2001/1185 1213/2003/1186
f 867/2002/858 1213/2003/1186 868/2004/856
f 868/2004/856 1213/2003/1186 1218/2005/1187
f 868/2004/856 1218/2005/1187 869/2006/854
f 869/2006/854 1218/2005/1187 1223/2007/1188
f 869/2006/854 1223/2007/1188 870/2008/852
f 870/2008/852 1223/2007/1188 1228/2009/1189
f 870/2008/852 1228/2009/1189 871/2010/850
f 871/2010/850 1228/2009/1189 1233/2011/1190
f 871/2010/850 1233/2011/1190 872/2012/848
f 872/2012/848 1233/2011/1190 1238/2013/1191
f 872/2012/848 1238/2013/1191 873/2014/846
f 873/2014/846 1238/2013/1191 1243/2015/1192
f 873/2014/846 1243/2015/1192 874/2016/844
f 874/2016/844 1243/2015/1192 1248/2017/1193
f 874/2016/844 1248/2017/1193 875/2018/842
f 875/2018/842 1248/2017/1193 1253/2019/1194
f 875/2018/842 1253/2019/1194 876/1954/840
f 876/1954/840 1253/2019/1194 1258/1955/1163
f 1099/1893/1102 1100/2020/1195 1254/1895/1104
f 1254/1895/1104 1100/2020/1195 1255/2021/1196
f 1254/1895/1104 1255/2021/1196 1249/1897/1106
f 1249/1897/1106 1255/2021/1196 1250/2022/1197
f 1249/1897/1106 1250/2022/1197 1244/1899/1108
f 1244/1899/1108 1250/2022/1197 1245/2023/1198
f 1244/1899/1108 1245/2023/1198 1239/1901/1110
f 1239/1901/1110 1245/2023/1198 1240/2024/1199
f 1239/1901/1110 1240/2024/1199 1234/1903/1112
f 1234/1903/1112 1240/2024/1199 1235/2025/1200
f 1234/1903/1112 1235/2025/1200 1229/1905/1114
f 1229/1905/1114 1235/2025/1200 1230/2026/1201
f 1229/1905/1114 1230/2026/1201 1224/1907/1116
f 1224/1907/1116 1230/2026/1201 1225/2027/1202
f 1224/1907/1116 1225/2027/1202 1219/1909/1118
f 1219/1909/1118 1225/2027/1202 1220/2028/1203
f 1219/1909/1118 1220/2028/1203 1214/1911/1120
f 1214/1911/1120 1220/2028/1203 1215/2029/1204
f 1214/1911/1120 1215/2029/1204 1209/1913/1122
f 1209/1913/1122 1215/2029/1204 1210/2030/1205
f 1209/1913/1122 1210/2030/1205 1204/1915/1124
f 1204/1915/1124 1210/2030/1205 1205/2031/1206
f 1204/1915/1124 1205/2031/1206 1199/1917/1126
f 1199/1917/1126 1205/2031/1206 1200/2032/1207
f 1199/1917/1126 1200/2032/1207 1194/1919/1128
f 1194/1919/1128 1200/2032/1207 1195/2033/1208
f 1194/1919/1128 1195/2033/1208 1189/1921/1130
f 1189/1921/1130 1195/2033/1208 1190/2034/1209
f 1189/1921/1130 1190/2034/1209 1184/1923/1132
f 1184/1923/1132 1190/2034/1209 1185/2035/1210
f 1184/1923/1132 1185/2035/1210 1179/1925/1134
f 1179/1925/1134 1185/2035/1210 1180/2036/1211
f 1179/1925/1134 1180/2036/1211 1174/1927/1136
f 1174/1927/1136 1180/2036/1211 1175/2037/1212
f 1174/1927/1136 1175/2037/1212 1169/1929/1138
f 1169/1929/1138 1175/2037/1212 1170/2038/1213
f 1169/1929/1138 1170/2038/1213 1164/1931/1140
f 1164/1931/1140 1170/2038/1213 1165/2039/1214
f 1164/1931/1140 1165/2039/1214 1159/1933/1142
f 1159/1933/1142 1165/2039/1214 1160/2040/1215
f 1159/1933/1142 1160/2040/1215 1154/1935/1144
f 1154/1935/1144 1160/2040/1215 1155/2041/1216
f 1154/1935/1144 1155/2041/1216 1149/1937/1146
f 1149/1937/1146 1155/2041/1216 1150/2042/1217
f 1149/1937/1146 1150/2042/1217 1144/1939/1148
f 1144/1939/1148 1150/2042/1217 1145/2043/1218
f 1144/1939/1148 1145/2043/1218 1139/1941/1150
f 1139/1941/1150 1145/2043/1218 1140/2044/1219
f 1139/1941/1150 1140/2044/1219 1134/1943/1152
f 1134/1943/1152 1140/2044/1219 1135/2045/1220
f 1134/1943/1152 1135/2045/1220 1129/1945/1154
f 1129/1945/1154 1135/2045/1220 1130/2046/1221
f 1129/1945/1154 1130/2046/1221 1124/1947/1156
f 1124/1947/1156 1130/2046/1221 1125/2047/1222
f 1124/1947/1156 1125/2047/1222 1119/1949/1158
f 1119/1949/1158 1125/2047/1222 1120/2048/1223
f 1119/1949/1158 1120/2048/1223 1114/1951/1160
f 1114/1951/1160 1120/2048/1223 1115/2049/1224
f 1114/1951/1160 1115/2049/1224 1109/1953/1162
f 1109/1953/1162 1115/2049/1224 1110/2050/1225
f 1109/1953/1162 1110/2050/1225 1104/1889/1100
f 1104/1889/1100 1110/2050/1225 1105/2051/1226
f 1104/1889/1100 1105/2051/1226 1099/1891/1102
f 1099/1891/1102 1105/2051/1226 1100/2052/1195
f 1100/2020/1195 1101/2053/1227 1255/2021/1196
f 1255/2021/1196 1101/2053/1227 1256/2054/1228
f 1255/2021/1196 1256/2054/1228 1250/2022/1197
f 1250/2022/1197 1256/2054/1228 1251/2055/1229
f 1250/2022/1197 1251/2055/1229 1245/2023/1198
f 1245/2023/1198 1251/2055/1229 1246/2056/1230
f 1245/2023/1198 1246/2056/1230 1240/2024/1199
f 1240/2024/1199 1246/2056/1230 1241/2057/1231
f 1240/2024/1199 1241/2057/1231 1235/2025/1200
f 1235/2025/1200 1241/2057/1231 1236/2058/1232
f 1235/2025/1200 1236/2058/1232 1230/2026/1201
f 1230/2026/1201 1236/2058/1232 1231/2059/1233
f 1230/2026/1201 1231/2059/1233 1225/2027/1202
f 1225/2027/1202 1231/2059/1233 1226/2060/1234
f 1225/2027/1202 1226/2060/1234 1220/2028/1203
f 1220/2028/1203 1226/2060/1234 1221/2061/1235
f 1220/2028/1203 1221/2061/1235 1215/2029/1204
f 1215/2029/1204 1221/2061/1235 1216/2062/1236
f 1215/2029/1204 1216/2062/1236 1210/2030/1205
f 1210/2030/1205 1216/2062/1236 1211/2063/1237
f 1210/2030/1205 1211/2063/1237 1205/2031/1206
f 1205/2031/1206 1211/2063/1237 1206/2064/1238
f 1205/2031/1206 1206/2064/1238 1200/2032/1207
f 1200/2032/1207 1206/2064/1238 1201/2065/1239
f 1200/2032/1207 1201/2065/1239 1195/2033/1208
f 1195/2033/1208 1201/2065/1239 1196/2066/1240
f 1195/2033/1208 1196/2066/1240 1190/2034/1209
f 1190/2034/1209 1196/2066/1240 1191/2067/1241
f 1190/2034/1209 1191/2067/1241 1185/2035/1210
f 1185/2035/1210 1191/2067/1241 1186/2068/1242
f 1185/2035/1210 1186/2068/1242 1180/2036/1211
f 1180/2036/1211 1186/2068/1242 1181/2069/1243
f 1180/2036/1211 1181/2069/1243 1175/2037/1212
f 1175/2037/1212 1181/2069/1243 1176/2070/1244
f 1175/2037/1212 1176/2070/1244 1170/2038/1213
f 1170/2038/1213 1176/2070/1244 1171/2071/1245
f 1170/2038/1213 1171/2071/1245 1165/2039/1214
f 1165/2039/1214 1171/2071/1245 1166/2072/1246
f 1165/2039/1214 1166/2072/1246 1160/2040/1215
f 1160/2040/1215 1166/2072/1246 1161/2073/1247
f 1160/2040/1215 1161/2073/1247 1155/2041/1216
f 1155/2041/1216 1161/2073/1247 1156/2074/1248
f 1155/2041/1216 1156/2074/1248 1150/2042/1217
f 1150/2042/1217 1156/2074/1248 1151/2075/1249
f 1150/2042/1217 1151/2075/1249 1145/2043/1218
f 1145/2043/1218 1151/2075/1249 1146/2076/1250
f 1145/2043/1218 1146/2076/1250 1140/2044/1219
f 1140/2044/1219 1146/2076/1250 1141/2077/1251
f 1140/2044/1219 1141/2077/1251 1135/2045/1220
f 1135/2045/1220 1141/2077/1251 1136/2078/1252
f 1135/2045/1220 1136/2078/1252 1130/2046/1221
f 1130/2046/1221 1136/2078/1252 1131/2079/1253
f 1130/2046/1221 1131/2079/1253 1125/2047/1222
f 1125/2047/1222 1131/2079/1253 1126/2080/1254
f 1125/2047/1222 1126/2080/1254 1120/2048/1223
f 1120/2048/1223 1126/2080/1254 1121/2081/1255
f 1120/2048/1223 1121/2081/1255 1115/2049/1224
f 1115/2049/1224 1121/2081/1255 1116/2082/1256
f 1115/2049/1224 1116/2082/1256 1110/2050/1225
f 1110/2050/1225 1116/2082/1256 1111/2083/1257
f 1110/2050/1225 1111/2083/1257 1105/2051/1226
f 1105/2051/1226 1111/2083/1257 1106/2084/1258
f 1105/2051/1226 1106/2084/1258 1100/2052/1195
f 1100/2052/1195 1106/2084/1258 1101/2085/1227
f 1101/2053/1227 1102/2086/1259 1256/2054/1228
f 1256/2054/1228 1102/2086/1259 1257/2087/1260
f 1256/2054/1228 1257/2087/1260 1251/2055/1229
f 1251/2055/1229 1257/2087/1260 1252/2088/1261
f 1251/2055/1229 1252/2088/1261 1246/2056/1230
f 1246/2056/1230 1252/2088/1261 1247/2089/1262
f 1246/2056/1230 1247/2089/1262 1241/2057/1231
f 1241/2057/1231 1247/2089/1262 1242/2090/1263
f 1241/2057/1231 1242/2090/1263 1236/2058/1232
f 1236/2058/1232 1242/2090/1263 1237/2091/1264
f 1236/2058/1232 1237/2091/1264 1231/2059/1233
f 1231/2059/1233 1237/2091/1264 1232/2092/1265
f 1231/2059/1233 1232/2092/1265 1226/2060/1234
f 1226/2060/1234 1232/2092/1265 1227/2093/1266
f 1226/2060/1234 1227/2093/1266 1221/2061/1235
f 1221/2061/1235 1227/2093/1266 1222/2094/1267
f 1221/2061/1235 1222/2094/1267 1216/2062/1236
f 1216/2062/1236 1222/2094/1267 1217/2095/1268
f 1216/2062/1236 1217/2095/1268 1211/2063/1237
f 1211/2063/1237 1217/2095/1268 1212/2096/1269
f 1211/2063/1237 1212/2096/1269 1206/2064/1238
f 1206/2064/1238 1212/2096/1269 1207/2097/1270
f 1206/2064/1238 1207/2097/1270 1201/2065/1239
f 1201/2065/1239 1207/2097/1270 1202/2098/1271
f 1201/2065/1239 1202/2098/1271 1196/2066/1240
f 1196/2066/1240 1202/2098/1271 1197/2099/1272
f 1196/2066/1240 1197/2099/1272 1191/2067/1241
f 1191/2067/1241 1197/2099/1272 1192/2100/1273
f 1191/2067/1241 1192/2100/1273 1186/2068/1242
f 1186/2068/1242 1192/2100/1273 1187/2101/1274
f 1186/2068/1242 1187/2101/1274 1181/2069/1243
f 1181/2069/1243 1187/2101/1274 1182/2102/1275
f 1181/2069/1243 1182/2102/1275 1176/2070/1244
f 1176/2070/1244 1182/2102/1275 1177/2103/1276
f 1176/2070/1244 1177/2103/1276 1171/2071/1245
f 1171/2071/1245 1177/2103/1276 1172/2104/1277
f 1171/2071/1245 1172/2104/1277 1166/2072/1246
f 1166/2072/1246 1172/2104/1277 1167/2105/1278
f 1166/2072/1246 1167/2105/1278 1161/2073/1247
f 1161/2073/1247 1167/2105/1278 1162/2106/1279
f 1161/2073/1247 1162/2106/1279 1156/2074/1248
f 1156/2074/1248 1162/2106/1279 1157/2107/1280
f 1156/2074/1248 1157/2107/1280 1151/2075/1249
f 1151/2075/1249 1157/2107/1280 1152/2108/1281
f 1151/2075/1249 1152/2108/1281 1146/2076/1250
f 1146/2076/1250 1152/2108/1281 1147/2109/1282
f 1146/2076/1250 1147/2109/1282 1141/2077/1251
f 1141/2077/1251 1147/2109/1282 1142/2110/1283
f 1141/2077/1251 1142/2110/1283 1136/2078/1252
f 1136/2078/1252 1142/2110/1283 1137/2111/1284
f 1136/2078/1252 1137/2111/1284 1131/2079/1253
f 1131/2079/1253 1137/2111/1284 1132/2112/1285
f 1131/2079/1253 1132/2112/1285 1126/2080/1254
f 1126/2080/1254 1132/2112/1285 1127/2113/1286
f 1126/2080/1254 1127/2113/1286 1121/2081/1255
f 1121/2081/1255 1127/2113/1286 1122/2114/1287
f 1121/2081/1255 1122/2114/1287 1116/2082/1256
f 1116/2082/1256 1122/2114/1287 1117/2115/1288
f 1116/2082/1256 1117/2115/1288 1111/2083/1257
f 1111/2083/1257 1117/2115/1288 1112/2116/1289
f 1111/2083/1257 1112/2116/1289 1106/2084/1258
f 1106/2084/1258 1112/2116/1289 1107/2117/1290
f 1106/2084/1258 1107/2117/1290 1101/2085/1227
f 1101/2085/1227 1107/2117/1290 1102/2118/1259
f 1102/2086/1259 1103/1957/1164 1257/2087/1260
f 1257/2087/1260 1103/1957/1164 1258/1955/1163
f 1257/2087/1260 1258/1955/1163 1252/2088/1261
f 1252/2088/1261 1258/1955/1163 1253/2019/1194
f 1252/2088/1261 1253/2019/1194 1247/2089/1262
f 1247/2089/1262 1253/2019/1194 1248/2017/1193
f 1247/2089/1262 1248/2017/1193 1242/2090/1263
f 1242/2090/1263 1248/2017/1193 1243/2015/1192
f 1242/2090/1263 1243/2015/1192 1237/2091/1264
f 1237/2091/1264 1243/2015/1192 1238/2013/1191
f 1237/2091/1264 1238/2013/1191 1232/2092/1265
f 1232/2092/1265 1238/2013/1191 1233/2011/1190
f 1232/2092/1265 1233/2011/1190 1227/2093/1266
f 1227/2093/1266 1233/2011/1190 1228/2009/1189
f 1227/2093/1266 1228/2009/1189 1222/2094/1267
f 1222/2094/1267 1228/2009/1189 1223/2007/1188
f 1222/2094/1267 1223/2007/1188 1217/2095/1268
f 1217/2095/1268 1223/2007/1188 1218/2005/1187
f 1217/2095/1268 1218/2005/1187 1212/2096/1269
f 1212/2096/1269 1218/2005/1187 1213/2003/1186
f 1212/2096/1269 1213/2003/1186 1207/2097/1270
f 1207/2097/1270 1213/2003/1186 1208/2001/1185
f 1207/2097/1270 1208/2001/1185 1202/2098/1271
f 1202/2098/1271 1208/2001/1185 1203/1999/1184
f 1202/2098/1271 1203/1999/1184 1197/2099/1272
f 1197/2099/1272 1203/1999/1184 1198/1997/1183
f 1197/2099/1272 1198/1997/1183 1192/2100/1273
f 1192/2100/1273 1198/1997/1183 1193/1995/1182
f 1192/2100/1273 1193/1995/1182 1187/2101/1274
f 1187/2101/1274 1193/1995/1182 1188/1993/1181
f 1187/2101/1274 1188/1993/1181 1182/2102/1275
f 1182/2102/1275 1188/1993/1181 1183/1991/1180
f 1182/2102/1275 1183/1991/1180 1177/2103/1276
f 1177/2103/1276 1183/1991/1180 1178/1989/1179
f 1177/2103/1276 1178/1989/1179 1172/2104/1277
f 1172/2104/1277 1178/1989/1179 1173/1987/1178
f 1172/2104/1277 1173/1987/1178 1167/2105/1278
f 1167/2105/1278 1173/1987/1178 1168/1985/1177
f 1167/2105/1278 1168/1985/1177 1162/2106/1279
f 1162/2106/1279 1168/1985/1177 1163/1983/1176
f 1162/2106/1279 1163/1983/1176 1157/2107/1280
f 1157/2107/1280 1163/1983/1176 1158/1981/1175
f 1157/2107/1280 1158/1981/1175 1152/2108/1281
f 1152/2108/1281 1158/1981/1175 1153/1979/1174
f 1152/2108/1281 1153/1979/1174 1147/2109/1282
f 1147/2109/1282 1153/1979/1174 1148/1977/1173
f 1147/2109/1282 1148/1977/1173 1142/2110/1283
f 1142/2110/1283 1148/1977/1173 1143/1975/1172
f 1142/2110/1283 1143/1975/1172 1137/2111/1284
f 1137/2111/1284 1143/1975/1172 1138/1973/1171
f 1137/2111/1284 1138/1973/1171 1132/2112/1285
f 1132/2112/1285 1138/1973/1171 1133/1971/1170
f 1132/2112/1285 1133/1971/1170 1127/2113/1286
f 1127/2113/1286 1133/1971/1170 1128/1969/1169
f 1127/2113/1286 1128/1969/1169 1122/2114/1287
f 1122/2114/1287 1128/1969/1169 1123/1967/1168
f 1122/2114/1287 1123/1967/1168 1117/2115/1288
f 1117/2115/1288 1123/1967/1168 1118/1965/1167
f 1117/2115/1288 1118/1965/1167 1112/2116/1289
f 1112/2116/1289 1118/1965/1167 1113/1963/1166
f 1112/2116/1289 1113/1963/1166 1107/2117/1290
f 1107/2117/1290 1113/1963/1166 1108/1961/1165
f 1107/2117/1290 1108/1961/1165 1102/2118/1259
f 1102/2118/1259 1108/1961/1165 1103/1959/1164
f 1260/2119/1291 1296/2120/1292 1259/2121/1293
f 1259/2121/1293 1296/2120/1292 1290/2122/1294
f 1259/2123/1293 1290/2124/1294 1450/2125/1295
f 1450/2125/1295 1290/2124/1294 1291/2126/1296
f 1450/2125/1295 1291/2126/1296 1451/2127/1297
f 1451/2127/1297 1291/2126/1296 1292/2128/1298
f 1451/2127/1297 1292/2128/1298 1452/2129/1299
f 1452/2129/1299 1292/2128/1298 1293/2130/1300
f 1452/2129/1299 1293/2130/1300 1453/2131/1301
f 1453/2131/1301 1293/2130/1300 1294/2132/1302
f 1453/2131/1301 1294/2132/1302 1454/2133/1303
f 1454/2133/1303 1294/2132/1302 1091/2134/1117
f 1454/2133/1303 1091/2134/1117 1090/2135/1119
f 1296/2120/1292 1260/2119/1291 1301/2136/1304
f 1301/2136/1304 1260/2119/1291 1261/2137/1305
f 1301/2136/1304 1261/2137/1305 1306/2138/1306
f 1306/2138/1306 1261/2137/1305 1262/2139/1307
f 1306/2138/1306 1262/2139/1307 1311/2140/1308
f 1311/2140/1308 1262/2139/1307 1263/2141/1309
f 1311/2140/1308 1263/2141/1309 1316/2142/1310
f 1316/2142/1310 1263/2141/1309 1264/2143/1311
f 1316/2142/1310 1264/2143/1311 1321/2144/1312
f 1321/2144/1312 1264/2143/1311 1265/2145/1313
f 1321/2144/1312 1265/2145/1313 1326/2146/1314
f 1326/2146/1314 1265/2145/1313 1266/2147/1315
f 1326/2146/1314 1266/2147/1315 1331/2148/1316
f 1331/2148/1316 1266/2147/1315 1267/2149/1317
f 1331/2148/1316 1267/2149/1317 1336/2150/1318
f 1336/2150/1318 1267/2149/1317 1268/2151/1319
f 1336/2150/1318 1268/2151/1319 1341/2152/1320
f 1341/2152/1320 1268/2151/1319 1269/2153/1321
f 1341/2152/1320 1269/2153/1321 1346/2154/1322
f 1346/2154/1322 1269/2153/1321 1270/2155/1323
f 1346/2154/1322 1270/2155/1323 1351/2156/1324
f 1351/2156/1324 1270/2155/1323 1271/2157/1325
f 1351/2156/1324 1271/2157/1325 1356/2158/1326
f 1356/2158/1326 1271/2157/1325 1272/2159/1327
f 1356/2158/1326 1272/2159/1327 1361/2160/1328
f 1361/2160/1328 1272/2159/1327 1273/2161/1329
f 1361/2160/1328 1273/2161/1329 1366/2162/1330
f 1366/2162/1330 1273/2161/1329 1274/2163/1331
f 1366/2162/1330 1274/2163/1331 1295/2164/1332
f 1295/2164/1332 1274/2163/1331 1275/2165/1333
f 1295/2164/1332 1275/2165/1333 1384/2166/1334
f 1384/2166/1334 1275/2165/1333 1375/2167/1335
f 1384/2166/1334 1375/2167/1335 1376/2168/1336
f 1376/2168/1336 1375/2167/1335 1386/2169/1337
f 1376/2168/1336 1386/2169/1337 1387/2170/1338
f 1387/2170/1338 1386/2169/1337 1392/2171/1339
f 1387/2170/1338 1392/2171/1339 1393/2172/1340
f 1393/2172/1340 1392/2171/1339 1398/2173/1341
f 1393/2172/1340 1398/2173/1341 1399/2174/1342
f 1399/2174/1342 1398/2173/1341 1404/2175/1343
f 1399/2174/1342 1404/2175/1343 1080/2176/1139
f 1080/2176/1139 1404/2175/1343 1081/2177/1137
f 1081/2177/1137 1404/2175/1343 1409/2178/1344
f 1081/2177/1137 1409/2178/1344 1082/2179/1135
f 1082/2179/1135 1409/2178/1344 1414/2180/1345
f 1082/2179/1135 1414/2180/1345 1083/2181/1133
f 1083/2181/1133 1414/2180/1345 1419/2182/1346
f 1083/2181/1133 1419/2182/1346 1084/2183/1131
f 1084/2183/1131 1419/2182/1346 1424/2184/1347
f 1084/2183/1131 1424/2184/1347 1085/2185/1129
f 1085/2185/1129 1424/2184/1347 1429/2186/1348
f 1085/2185/1129 1429/2186/1348 1086/2187/1127
f 1086/2187/1127 1429/2186/1348 1434/2188/1349
f 1086/2187/1127 1434/2188/1349 1087/2189/1125
f 1087/2189/1125 1434/2188/1349 1439/2190/1350
f 1087/2189/1125 1439/2190/1350 1088/2191/1123
f 1088/2191/1123 1439/2190/1350 1444/2192/1351
f 1088/2191/1123 1444/2192/1351 1089/2193/1121
f 1089/2193/1121 1444/2192/1351 1449/2194/1352
f 1089/2193/1121 1449/2194/1352 1090/2135/1119
f 1090/2135/1119 1449/2194/1352 1454/2133/1303
f 1275/2165/1333 1276/2195/1353 1375/2167/1335
f 1375/2167/1335 1276/2195/1353 1385/2196/1354
f 1375/2167/1335 1385/2196/1354 1386/2169/1337
f 1386/2169/1337 1385/2196/1354 1391/2197/1355
f 1386/2169/1337 1391/2197/1355 1392/2171/1339
f 1392/2171/1339 1391/2197/1355 1397/2198/1356
f 1392/2171/1339 1397/2198/1356 1398/2173/1341
f 1398/2173/1341 1397/2198/1356 1403/2199/1357
f 1398/2173/1341 1403/2199/1357 1404/2175/1343
f 1404/2175/1343 1403/2199/1357 1409/2178/1344
f 1276/2195/1353 1277/2200/1358 1385/2196/1354
f 1385/2196/1354 1277/2200/1358 1390/2201/1359
f 1385/2196/1354 1390/2201/1359 1391/2197/1355
f 1391/2197/1355 1390/2201/1359 1396/2202/1360
f 1391/2197/1355 1396/2202/1360 1397/2198/1356
f 1397/2198/1356 1396/2202/1360 1402/2203/1361
f 1397/2198/1356 1402/2203/1361 1403/2199/1357
f 1403/2199/1357 1402/2203/1361 1408/2204/1362
f 1403/2199/1357 1408/2204/1362 1409/2178/1344
f 1409/2178/1344 1408/2204/1362 1414/2180/1345
f 1277/2200/1358 1278/2205/1363 1390/2201/1359
f 1390/2201/1359 1278/2205/1363 1395/2206/1364
f 1390/2201/1359 1395/2206/1364 1396/2202/1360
f 1396/2202/1360 1395/2206/1364 1401/2207/1365
f 1396/2202/1360 1401/2207/1365 1402/2203/1361
f 1402/2203/1361 1401/2207/1365 1407/2208/1366
f 1402/2203/1361 1407/2208/1366 1408/2204/1362
f 1408/2204/1362 1407/2208/1366 1413/2209/1367
f 1408/2204/1362 1413/2209/1367 1414/2180/1345
f 1414/2180/1345 1413/2209/1367 1419/2182/1346
f 1278/2205/1363 1279/2210/1368 1395/2206/1364
f 1395/2206/1364 1279/2210/1368 1400/2211/1369
f 1395/2206/1364 1400/2211/1369 1401/2207/1365
f 1401/2207/1365 1400/2211/1369 1406/2212/1370
f 1401/2207/1365 1406/2212/1370 1407/2208/1366
f 1407/2208/1366 1406/2212/1370 1412/2213/1371
f 1407/2208/1366 1412/2213/1371 1413/2209/1367
f 1413/2209/1367 1412/2213/1371 1418/2214/1372
f 1413/2209/1367 1418/2214/1372 1419/2182/1346
f 1419/2182/1346 1418/2214/1372 1424/2184/1347
f 1279/2210/1368 1280/2215/1373 1400/2211/1369
f 1400/2211/1369 1280/2215/1373 1405/2216/1374
f 1400/2211/1369 1405/2216/1374 1406/2212/1370
f 1406/2212/1370 1405/2216/1374 1411/2217/1375
f 1406/2212/1370 1411/2217/1375 1412/2213/1371
f 1412/2213/1371 1411/2217/1375 1417/2218/1376
f 1412/2213/1371 1417/2218/1376 1418/2214/1372
f 1418/2214/1372 1417/2218/1376 1423/2219/1377
f 1418/2214/1372 1423/2219/1377 1424/2184/1347
f 1424/2184/1347 1423/2219/1377 1429/2186/1348
f 1280/2215/1373 1281/2220/1378 1405/2216/1374
f 1405/2216/1374 1281/2220/1378 1410/2221/1379
f 1405/2216/1374 1410/2221/1379 1411/2217/1375
f 1411/2217/1375 1410/2221/1379 1416/2222/1380
f 1411/2217/1375 1416/2222/1380 1417/2218/1376
f 1417/2218/1376 1416/2222/1380 1422/2223/1381
f 1417/2218/1376 1422/2223/1381 1423/2219/1377
f 1423/2219/1377 1422/2223/1381 1428/2224/1382
f 1423/2219/1377 1428/2224/1382 1429/2186/1348
f 1429/2186/1348 1428/2224/1382 1434/2188/1349
f 1281/2220/1378 1282/2225/1383 1410/2221/1379
f 1410/2221/1379 1282/2225/1383 1415/2226/1384
f 1410/2221/1379 1415/2226/1384 1416/2222/1380
f 1416/2222/1380 1415/2226/1384 1421/2227/1385
f 1416/2222/1380 1421/2227/1385 1422/2223/1381
f 1422/2223/1381 1421/2227/1385 1427/2228/1386
f 1422/2223/1381 1427/2228/1386 1428/2224/1382
f 1428/2224/1382 1427/2228/1386 1433/2229/1387
f 1428/2224/1382 1433/2229/1387 1434/2188/1349
f 1434/2188/1349 1433/2229/1387 1439/2190/1350
f 1282/2225/1383 1283/2230/1388 1415/2226/1384
f 1415/2226/1384 1283/2230/1388 1420/2231/1389
f 1415/2226/1384 1420/2231/1389 1421/2227/1385
f 1421/2227/1385 1420/2231/1389 1426/2232/1390
f 1421/2227/1385 1426/2232/1390 1427/2228/1386
f 1427/2228/1386 1426/2232/1390 1432/2233/1391
f 1427/2228/1386 1432/2233/1391 1433/2229/1387
f 1433/2229/1387 1432/2233/1391 1438/2234/1392
f 1433/2229/1387 1438/2234/1392 1439/2190/1350
f 1439/2190/1350 1438/2234/1392 1444/2192/1351
f 1283/2230/1388 1284/2235/1393 1420/2231/1389
f 1420/2231/1389 1284/2235/1393 1425/2236/1394
f 1420/2231/1389 1425/2236/1394 1426/2232/1390
f 1426/2232/1390 1425/2236/1394 1431/2237/1395
f 1426/2232/1390 1431/2237/1395 1432/2233/1391
f 1432/2233/1391 1431/2237/1395 1437/2238/1396
f 1432/2233/1391 1437/2238/1396 1438/2234/1392
f 1438/2234/1392 1437/2238/1396 1443/2239/1397
f 1438/2234/1392 1443/2239/1397 1444/2192/1351
f 1444/2192/1351 1443/2239/1397 1449/2194/1352
f 1284/2235/1393 1285/2240/1398 1425/2236/1394
f 1425/2236/1394 1285/2240/1398 1430/2241/1399
f 1425/2236/1394 1430/2241/1399 1431/2237/1395
f 1431/2237/1395 1430/2241/1399 1436/2242/1400
f 1431/2237/1395 1436/2242/1400 1437/2238/1396
f 1437/2238/1396 1436/2242/1400 1442/2243/1401
f 1437/2238/1396 1442/2243/1401 1443/2239/1397
f 1443/2239/1397 1442/2243/1401 1448/2244/1402
f 1443/2239/1397 1448/2244/1402 1449/2194/1352
f 1449/2194/1352 1448/2244/1402 1454/2133/1303
f 1285/2240/1398 1286/2245/1403 1430/2241/1399
f 1430/2241/1399 1286/2245/1403 1435/2246/1404
f 1430/2241/1399 1435/2246/1404 1436/2242/1400
f 1436/2242/1400 1435/2246/1404 1441/2247/1405
f 1436/2242/1400 1441/2247/1405 1442/2243/1401
f 1442/2243/1401 1441/2247/1405 1447/2248/1406
f 1442/2243/1401 1447/2248/1406 1448/2244/1402
f 1448/2244/1402 1447/2248/1406 1453/2131/1301
f 1448/2244/1402 1453/2131/1301 1454/2133/1303
f 1286/2245/1403 1287/2249/1407 1435/2246/1404
f 1435/2246/1404 1287/2249/1407 1440/2250/1408
f 1435/2246/1404 1440/2250/1408 1441/2247/1405
f 1441/2247/1405 1440/2250/1408 1446/2251/1409
f 1441/2247/1405 1446/2251/1409 1447/2248/1406
f 1447/2248/1406 1446/2251/1409 1452/2129/1299
f 1447/2248/1406 1452/2129/1299 1453/2131/1301
f 1287/2249/1407 1288/2252/1410 1440/2250/1408
f 1440/2250/1408 1288/2252/1410 1445/2253/1411
f 1440/2250/1408 1445/2253/1411 1446/2251/1409
f 1446/2251/1409 1445/2253/1411 1451/2127/1297
f 1446/2251/1409 1451/2127/1297 1452/2129/1299
f 1288/2252/1410 1289/2254/1412 1445/2253/1411
f 1445/2253/1411 1289/2254/1412 1450/2125/1295
f 1445/2253/1411 1450/2125/1295 1451/2127/1297
f 1289/2254/1412 1259/2123/1293 1450/2125/1295
f 1098/2255/1103 1335/2256/1413 1067/2257/1101
f 1067/2257/1101 1335/2256/1413 1340/2258/1414
f 1067/2257/1101 1340/2258/1414 1068/2259/1099
f 1068/2259/1099 1340/2258/1414 1345/2260/1415
f 1068/2259/1099 1345/2260/1415 1069/2261/1161
f 1069/2261/1161 1345/2260/1415 1350/2262/1416
f 1069/2261/1161 1350/2262/1416 1070/2263/1159
f 1070/2263/1159 1350/2262/1416 1355/2264/1417
f 1070/2263/1159 1355/2264/1417 1071/2265/1157
f 1071/2265/1157 1355/2264/1417 1360/2266/1418
f 1071/2265/1157 1360/2266/1418 1072/2267/1155
f 1072/2267/1155 1360/2266/1418 1365/2268/1419
f 1072/2267/1155 1365/2268/1419 1073/2269/1153
f 1073/2269/1153 1365/2268/1419 1370/2270/1420
f 1073/2269/1153 1370/2270/1420 1074/2271/1151
f 1074/2271/1151 1370/2270/1420 1374/2272/1421
f 1074/2271/1151 1374/2272/1421 1075/2273/1149
f 1075/2273/1149 1374/2272/1421 1380/2274/1422
f 1075/2273/1149 1380/2274/1422 1076/2275/1147
f 1076/2275/1147 1380/2274/1422 1379/2276/1423
f 1076/2275/1147 1379/2276/1423 1077/2277/1145
f 1077/2277/1145 1379/2276/1423 1389/2278/1424
f 1077/2277/1145 1389/2278/1424 1078/2279/1143
f 1078/2279/1143 1389/2278/1424 1394/2280/1425
f 1078/2279/1143 1394/2280/1425 1079/2281/1141
f 1079/2281/1141 1394/2280/1425 1399/2174/1342
f 1079/2281/1141 1399/2174/1342 1080/2176/1139
f 1335/2256/1413 1098/2255/1103 1330/2282/1426
f 1330/2282/1426 1098/2255/1103 1097/2283/1105
f 1330/2282/1426 1097/2283/1105 1325/2284/1427
f 1325/2284/1427 1097/2283/1105 1096/2285/1107
f 1325/2284/1427 1096/2285/1107 1320/2286/1428
f 1320/2286/1428 1096/2285/1107 1095/2287/1109
f 1320/2286/1428 1095/2287/1109 1315/2288/1429
f 1315/2288/1429 1095/2287/1109 1094/2289/1111
f 1315/2288/1429 1094/2289/1111 1310/2290/1430
f 1310/2290/1430 1094/2289/1111 1093/2291/1113
f 1310/2290/1430 1093/2291/1113 1305/2292/1431
f 1305/2292/1431 1093/2291/1113 1092/2293/1115
f 1305/2292/1431 1092/2293/1115 1300/2294/1432
f 1300/2294/1432 1092/2293/1115 1091/2295/1117
f 1300/2294/1432 1091/2295/1117 1294/2296/1302
f 1291/2297/1296 1290/2122/1294 1297/2298/1433
f 1297/2298/1433 1290/2122/1294 1296/2120/1292
f 1297/2298/1433 1296/2120/1292 1302/2299/1434
f 1302/2299/1434 1296/2120/1292 1301/2136/1304
f 1302/2299/1434 1301/2136/1304 1307/2300/1435
f 1307/2300/1435 1301/2136/1304 1306/2138/1306
f 1307/2300/1435 1306/2138/1306 1312/2301/1436
f 1312/2301/1436 1306/2138/1306 1311/2140/1308
f 1312/2301/1436 1311/2140/1308 1317/2302/1437
f 1317/2302/1437 1311/2140/1308 1316/2142/1310
f 1317/2302/1437 1316/2142/1310 1322/2303/1438
f 1322/2303/1438 1316/2142/1310 1321/2144/1312
f 1322/2303/1438 1321/2144/1312 1327/2304/1439
f 1327/2304/1439 1321/2144/1312 1326/2146/1314
f 1327/2304/1439 1326/2146/1314 1332/2305/1440
f 1332/2305/1440 1326/2146/1314 1331/2148/1316
f 1332/2305/1440 1331/2148/1316 1337/2306/1441
f 1337/2306/1441 1331/2148/1316 1336/2150/1318
f 1337/2306/1441 1336/2150/1318 1342/2307/1442
f 1342/2307/1442 1336/2150/1318 1341/2152/1320
f 1342/2307/1442 1341/2152/1320 1347/2308/1443
f 1347/2308/1443 1341/2152/1320 1346/2154/1322
f 1347/2308/1443 1346/2154/1322 1352/2309/1444
f 1352/2309/1444 1346/2154/1322 1351/2156/1324
f 1352/2309/1444 1351/2156/1324 1357/2310/1445
f 1357/2310/1445 1351/2156/1324 1356/2158/1326
f 1357/2310/1445 1356/2158/1326 1362/2311/1446
f 1362/2311/1446 1356/2158/1326 1361/2160/1328
f 1362/2311/1446 1361/2160/1328 1367/2312/1447
f 1367/2312/1447 1361/2160/1328 1366/2162/1330
f 1367/2312/1447 1366/2162/1330 1371/2313/1448
f 1371/2313/1448 1366/2162/1330 1295/2164/1332
f 1371/2313/1448 1295/2164/1332 1383/2314/1449
f 1383/2314/1449 1295/2164/1332 1384/2166/1334
f 1383/2314/1449 1384/2166/1334 1376/2168/1336
f 1292/2315/1298 1291/2297/1296 1298/2316/1450
f 1298/2316/1450 1291/2297/1296 1297/2298/1433
f 1298/2316/1450 1297/2298/1433 1303/2317/1451
f 1303/2317/1451 1297/2298/1433 1302/2299/1434
f 1303/2317/1451 1302/2299/1434 1308/2318/1452
f 1308/2318/1452 1302/2299/1434 1307/2300/1435
f 1308/2318/1452 1307/2300/1435 1313/2319/1453
f 1313/2319/1453 1307/2300/1435 1312/2301/1436
f 1313/2319/1453 1312/2301/1436 1318/2320/1454
f 1318/2320/1454 1312/2301/1436 1317/2302/1437
f 1318/2320/1454 1317/2302/1437 1323/2321/1455
f 1323/2321/1455 1317/2302/1437 1322/2303/1438
f 1323/2321/1455 1322/2303/1438 1328/2322/1456
f 1328/2322/1456 1322/2303/1438 1327/2304/1439
f 1328/2322/1456 1327/2304/1439 1333/2323/1457
f 1333/2323/1457 1327/2304/1439 1332/2305/1440
f 1333/2323/1457 1332/2305/1440 1338/2324/1458
f 1338/2324/1458 1332/2305/1440 1337/2306/1441
f 1338/2324/1458 1337/2306/1441 1343/2325/1459
f 1343/2325/1459 1337/2306/1441 1342/2307/1442
f 1343/2325/1459 1342/2307/1442 1348/2326/1460
f 1348/2326/1460 1342/2307/1442 1347/2308/1443
f 1348/2326/1460 1347/2308/1443 1353/2327/1461
f 1353/2327/1461 1347/2308/1443 1352/2309/1444
f 1353/2327/1461 1352/2309/1444 1358/2328/1462
f 1358/2328/1462 1352/2309/1444 1357/2310/1445
f 1358/2328/1462 1357/2310/1445 1363/2329/1463
f 1363/2329/1463 1357/2310/1445 1362/2311/1446
f 1363/2329/1463 1362/2311/1446 1368/2330/1464
f 1368/2330/1464 1362/2311/1446 1367/2312/1447
f 1368/2330/1464 1367/2312/1447 1372/2331/1465
f 1372/2331/1465 1367/2312/1447 1371/2313/1448
f 1372/2331/1465 1371/2313/1448 1382/2332/1466
f 1382/2332/1466 1371/2313/1448 1383/2314/1449
f 1382/2332/1466 1383/2314/1449 1377/2333/1467
f 1377/2333/1467 1383/2314/1449 1376/2168/1336
f 1377/2333/1467 1376/2168/1336 1387/2170/1338
f 1300/2294/1432 1294/2296/1302 1293/2334/1300
f 1293/2334/1300 1292/2315/1298 1299/2335/1468
f 1299/2335/1468 1292/2315/1298 1298/2316/1450
f 1299/2335/1468 1298/2316/1450 1304/2336/1469
f 1304/2336/1469 1298/2316/1450 1303/2317/1451
f 1304/2336/1469 1303/2317/1451 1309/2337/1470
f 1309/2337/1470 1303/2317/1451 1308/2318/1452
f 1309/2337/1470 1308/2318/1452 1314/2338/1471
f 1314/2338/1471 1308/2318/1452 1313/2319/1453
f 1314/2338/1471 1313/2319/1453 1319/2339/1472
f 1319/2339/1472 1313/2319/1453 1318/2320/1454
f 1319/2339/1472 1318/2320/1454 1324/2340/1473
f 1324/2340/1473 1318/2320/1454 1323/2321/1455
f 1324/2340/1473 1323/2321/1455 1329/2341/1474
f 1329/2341/1474 1323/2321/1455 1328/2322/1456
f 1329/2341/1474 1328/2322/1456 1334/2342/1475
f 1334/2342/1475 1328/2322/1456 1333/2323/1457
f 1334/2342/1475 1333/2323/1457 1339/2343/1476
f 1339/2343/1476 1333/2323/1457 1338/2324/1458
f 1339/2343/1476 1338/2324/1458 1344/2344/1477
f 1344/2344/1477 1338/2324/1458 1343/2325/1459
f 1344/2344/1477 1343/2325/1459 1349/2345/1478
f 1349/2345/1478 1343/2325/1459 1348/2326/1460
f 1349/2345/1478 1348/2326/1460 1354/2346/1479
f 1354/2346/1479 1348/2326/1460 1353/2327/1461
f 1354/2346/1479 1353/2327/1461 1359/2347/1480
f 1359/2347/1480 1353/2327/1461 1358/2328/1462
f 1359/2347/1480 1358/2328/1462 1364/2348/1481
f 1364/2348/1481 1358/2328/1462 1363/2329/1463
f 1364/2348/1481 1363/2329/1463 1369/2349/1482
f 1369/2349/1482 1363/2329/1463 1368/2330/1464
f 1369/2349/1482 1368/2330/1464 1373/2350/1483
f 1373/2350/1483 1368/2330/1464 1372/2331/1465
f 1373/2350/1483 1372/2331/1465 1381/2351/1484
f 1381/2351/1484 1372/2331/1465 1382/2332/1466
f 1381/2351/1484 1382/2332/1466 1378/2352/1485
f 1378/2352/1485 1382/2332/1466 1377/2333/1467
f 1378/2352/1485 1377/2333/1467 1388/2353/1486
f 1388/2353/1486 1377/2333/1467 1387/2170/1338
f 1388/2353/1486 1387/2170/1338 1393/2172/1340
f 1305/2292/1431 1300/2294/1432 1299/2335/1468
f 1299/2335/1468 1300/2294/1432 1293/2334/1300
f 1305/2292/1431 1299/2335/1468 1304/2336/1469
f 1310/2290/1430 1305/2292/1431 1304/2336/1469
f 1310/2290/1430 1304/2336/1469 1309/2337/1470
f 1315/2288/1429 1310/2290/1430 1309/2337/1470
f 1315/2288/1429 1309/2337/1470 1314/2338/1471
f 1320/2286/1428 1315/2288/1429 1314/2338/1471
f 1320/2286/1428 1314/2338/1471 1319/2339/1472
f 1325/2284/1427 1320/2286/1428 1319/2339/1472
f 1325/2284/1427 1319/2339/1472 1324/2340/1473
f 1330/2282/1426 1325/2284/1427 1324/2340/1473
f 1330/2282/1426 1324/2340/1473 1329/2341/1474
f 1335/2256/1413 1330/2282/1426 1329/2341/1474
f 1335/2256/1413 1329/2341/1474 1334/2342/1475
f 1340/2258/1414 1335/2256/1413 1334/2342/1475
f 1340/2258/1414 1334/2342/1475 1339/2343/1476
f 1345/2260/1415 1340/2258/1414 1339/2343/1476
f 1345/2260/1415 1339/2343/1476 1344/2344/1477
f 1350/2262/1416 1345/2260/1415 1344/2344/1477
f 1350/2262/1416 1344/2344/1477 1349/2345/1478
f 1355/2264/1417 1350/2262/1416 1349/2345/1478
f 1355/2264/1417 1349/2345/1478 1354/2346/1479
f 1360/2266/1418 1355/2264/1417 1354/2346/1479
f 1360/2266/1418 1354/2346/1479 1359/2347/1480
f 1365/2268/1419 1360/2266/1418 1359/2347/1480
f 1365/2268/1419 1359/2347/1480 1364/2348/1481
f 1370/2270/1420 1365/2268/1419 1364/2348/1481
f 1370/2270/1420 1364/2348/1481 1369/2349/1482
f 1374/2272/1421 1370/2270/1420 1369/2349/1482
f 1374/2272/1421 1369/2349/1482 1373/2350/1483
f 1380/2274/1422 1374/2272/1421 1373/2350/1483
f 1380/2274/1422 1373/2350/1483 1381/2351/1484
f 1380/2274/1422 1381/2351/1484 1379/2276/1423
f 1379/2276/1423 1381/2351/1484 1378/2352/1485
f 1379/2276/1423 1378/2352/1485 1389/2278/1424
f 1389/2278/1424 1378/2352/1485 1388/2353/1486
f 1389/2278/1424 1388/2353/1486 1394/2280/1425
f 1394/2280/1425 1388/2353/1486 1393/2172/1340
f 1394/2280/1425 1393/2172/1340 1399/2174/1342
f 1456/2354/1487 1524/2355/1488 1455/2356/1489
f 1455/2356/1489 1524/2355/1488 1519/2357/1490
f 1455/2358/1489 1519/2359/1490 1679/2360/1491
f 1679/2360/1491 1519/2359/1490 1520/2361/1492
f 1679/2360/1491 1520/2361/1492 1680/2362/1493
f 1680/2362/1493 1520/2361/1492 1521/2363/1494
f 1680/2362/1493 1521/2363/1494 1681/2364/1495
f 1681/2364/1495 1521/2363/1494 1522/2365/1496
f 1681/2364/1495 1522/2365/1496 1682/2366/1497
f 1682/2366/1497 1522/2365/1496 1523/2367/1498
f 1682/2366/1497 1523/2367/1498 1683/2368/1499
f 1683/2368/1499 1523/2367/1498 1487/2369/1500
f 1683/2368/1499 1487/2369/1500 1488/2370/1501
f 1524/2355/1488 1456/2354/1487 1529/2371/1502
f 1529/2371/1502 1456/2354/1487 1457/2372/1503
f 1529/2371/1502 1457/2372/1503 1534/2373/1504
f 1534/2373/1504 1457/2372/1503 1458/2374/1505
f 1534/2373/1504 1458/2374/1505 1539/2375/1506
f 1539/2375/1506 1458/2374/1505 1459/2376/1507
f 1539/2375/1506 1459/2376/1507 1544/2377/1508
f 1544/2377/1508 1459/2376/1507 1460/2378/1509
f 1544/2377/1508 1460/2378/1509 1549/2379/1510
f 1549/2379/1510 1460/2378/1509 1461/2380/1511
f 1549/2379/1510 1461/2380/1511 1554/2381/1512
f 1554/2381/1512 1461/2380/1511 1462/2382/1513
f 1554/2381/1512 1462/2382/1513 1559/2383/1514
f 1559/2383/1514 1462/2382/1513 1463/2384/1515
f 1559/2383/1514 1463/2384/1515 1564/2385/1516
f 1564/2385/1516 1463/2384/1515 1464/2386/1517
f 1564/2385/1516 1464/2386/1517 1569/2387/1518
f 1569/2387/1518 1464/2386/1517 1465/2388/1519
f 1569/2387/1518 1465/2388/1519 1574/2389/1520
f 1574/2389/1520 1465/2388/1519 1466/2390/1521
f 1574/2389/1520 1466/2390/1521 1579/2391/1522
f 1579/2391/1522 1466/2390/1521 1467/2392/1523
f 1579/2391/1522 1467/2392/1523 1584/2393/1524
f 1584/2393/1524 1467/2392/1523 1468/2394/1525
f 1584/2393/1524 1468/2394/1525 1589/2395/1526
f 1589/2395/1526 1468/2394/1525 1469/2396/1527
f 1589/2395/1526 1469/2396/1527 1594/2397/1528
f 1594/2397/1528 1469/2396/1527 1470/2398/1529
f 1594/2397/1528 1470/2398/1529 1599/2399/1530
f 1599/2399/1530 1470/2398/1529 1471/2400/1531
f 1599/2399/1530 1471/2400/1531 1604/2401/1532
f 1604/2401/1532 1471/2400/1531 1472/2402/1533
f 1604/2401/1532 1472/2402/1533 1609/2403/1534
f 1609/2403/1534 1472/2402/1533 1473/2404/1535
f 1609/2403/1534 1473/2404/1535 1614/2405/1536
f 1614/2405/1536 1473/2404/1535 1474/2406/1537
f 1614/2405/1536 1474/2406/1537 1619/2407/1538
f 1619/2407/1538 1474/2406/1537 1475/2408/1539
f 1619/2407/1538 1475/2408/1539 1624/2409/1540
f 1624/2409/1540 1475/2408/1539 1476/2410/1541
f 1624/2409/1540 1476/2410/1541 1629/2411/1542
f 1629/2411/1542 1476/2410/1541 1477/2412/1543
f 1629/2411/1542 1477/2412/1543 1634/2413/1544
f 1634/2413/1544 1477/2412/1543 1478/2414/1545
f 1634/2413/1544 1478/2414/1545 1639/2415/1546
f 1639/2415/1546 1478/2414/1545 1479/2416/1547
f 1639/2415/1546 1479/2416/1547 1644/2417/1548
f 1644/2417/1548 1479/2416/1547 1480/2418/1549
f 1644/2417/1548 1480/2418/1549 1649/2419/1550
f 1649/2419/1550 1480/2418/1549 1481/2420/1551
f 1649/2419/1550 1481/2420/1551 1654/2421/1552
f 1654/2421/1552 1481/2420/1551 1482/2422/1553
f 1654/2421/1552 1482/2422/1553 1659/2423/1554
f 1659/2423/1554 1482/2422/1553 1483/2424/1555
f 1659/2423/1554 1483/2424/1555 1664/2425/1556
f 1664/2425/1556 1483/2424/1555 1484/2426/1557
f 1664/2425/1556 1484/2426/1557 1669/2427/1558
f 1669/2427/1558 1484/2426/1557 1485/2428/1559
f 1669/2427/1558 1485/2428/1559 1674/2429/1560
f 1674/2429/1560 1485/2428/1559 1486/2430/1561
f 1674/2429/1560 1486/2430/1561 1679/2360/1491
f 1679/2360/1491 1486/2430/1561 1455/2358/1489
f 1683/2368/1499 1488/2370/1501 1678/2431/1562
f 1678/2431/1562 1488/2370/1501 1489/2432/1563
f 1678/2431/1562 1489/2432/1563 1673/2433/1564
f 1673/2433/1564 1489/2432/1563 1490/2434/1565
f 1673/2433/1564 1490/2434/1565 1668/2435/1566
f 1668/2435/1566 1490/2434/1565 1491/2436/1567
f 1668/2435/1566 1491/2436/1567 1663/2437/1568
f 1663/2437/1568 1491/2436/1567 1492/2438/1569
f 1663/2437/1568 1492/2438/1569 1658/2439/1570
f 1658/2439/1570 1492/2438/1569 1493/2440/1571
f 1658/2439/1570 1493/2440/1571 1653/2441/1572
f 1653/2441/1572 1493/2440/1571 1494/2442/1573
f 1653/2441/1572 1494/2442/1573 1648/2443/1574
f 1648/2443/1574 1494/2442/1573 1495/2444/1575
f 1648/2443/1574 1495/2444/1575 1643/2445/1576
f 1643/2445/1576 1495/2444/1575 1496/2446/1577
f 1643/2445/1576 1496/2446/1577 1638/2447/1578
f 1638/2447/1578 1496/2446/1577 1497/2448/1579
f 1638/2447/1578 1497/2448/1579 1633/2449/1580
f 1633/2449/1580 1497/2448/1579 1498/2450/1581
f 1633/2449/1580 1498/2450/1581 1628/2451/1582
f 1628/2451/1582 1498/2450/1581 1499/2452/1583
f 1628/2451/1582 1499/2452/1583 1623/2453/1584
f 1623/2453/1584 1499/2452/1583 1500/2454/1585
f 1623/2453/1584 1500/2454/1585 1618/2455/1586
f 1618/2455/1586 1500/2454/1585 1501/2456/1587
f 1618/2455/1586 1501/2456/1587 1613/2457/1588
f 1613/2457/1588 1501/2456/1587 1502/2458/1589
f 1613/2457/1588 1502/2458/1589 1608/2459/1590
f 1608/2459/1590 1502/2458/1589 1503/2460/1591
f 1608/2459/1590 1503/2460/1591 1603/2461/1592
f 1603/2461/1592 1503/2460/1591 1504/2462/1593
f 1603/2461/1592 1504/2462/1593 1598/2463/1594
f 1598/2463/1594 1504/2462/1593 1505/2464/1595
f 1598/2463/1594 1505/2464/1595 1593/2465/1596
f 1593/2465/1596 1505/2464/1595 1506/2466/1597
f 1593/2465/1596 1506/2466/1597 1588/2467/1598
f 1588/2467/1598 1506/2466/1597 1507/2468/1599
f 1588/2467/1598 1507/2468/1599 1583/2469/1600
f 1583/2469/1600 1507/2468/1599 1508/2470/1601
f 1583/2469/1600 1508/2470/1601 1578/2471/1602
f 1578/2471/1602 1508/2470/1601 1509/2472/1603
f 1578/2471/1602 1509/2472/1603 1573/2473/1604
f 1573/2473/1604 1509/2472/1603 1510/2474/1605
f 1573/2473/1604 1510/2474/1605 1568/2475/1606
f 1568/2475/1606 1510/2474/1605 1511/2476/1607
f 1568/2475/1606 1511/2476/1607 1563/2477/1608
f 1563/2477/1608 1511/2476/1607 1512/2478/1609
f 1563/2477/1608 1512/2478/1609 1558/2479/1610
f 1558/2479/1610 1512/2478/1609 1513/2480/1611
f 1558/2479/1610 1513/2480/1611 1553/2481/1612
f 1553/2481/1612 1513/2480/1611 1514/2482/1613
f 1553/2481/1612 1514/2482/1613 1548/2483/1614
f 1548/2483/1614 1514/2482/1613 1515/2484/1615
f 1548/2483/1614 1515/2484/1615 1543/2485/1616
f 1543/2485/1616 1515/2484/1615 1516/2486/1617
f 1543/2485/1616 1516/2486/1617 1538/2487/1618
f 1538/2487/1618 1516/2486/1617 1517/2488/1619
f 1538/2487/1618 1517/2488/1619 1533/2489/1620
f 1533/2489/1620 1517/2488/1619 1518/2490/1621
f 1533/2489/1620 1518/2490/1621 1528/2491/1622
f 1528/2491/1622 1518/2490/1621 1487/2492/1500
f 1528/2491/1622 1487/2492/1500 1523/2493/1498
f 1520/2494/1492 1519/2357/1490 1525/2495/1623
f 1525/2495/1623 1519/2357/1490 1524/2355/1488
f 1525/2495/1623 1524/2355/1488 1530/2496/1624
f 1530/2496/1624 1524/2355/1488 1529/2371/1502
f 1530/2496/1624 1529/2371/1502 1535/2497/1625
f 1535/2497/1625 1529/2371/1502 1534/2373/1504
f 1535/2497/1625 1534/2373/1504 1540/2498/1626
f 1540/2498/1626 1534/2373/1504 1539/2375/1506
f 1540/2498/1626 1539/2375/1506 1545/2499/1627
f 1545/2499/1627 1539/2375/1506 1544/2377/1508
f 1545/2499/1627 1544/2377/1508 1550/2500/1628
f 1550/2500/1628 1544/2377/1508 1549/2379/1510
f 1550/2500/1628 1549/2379/1510 1555/2501/1629
f 1555/2501/1629 1549/2379/1510 1554/2381/1512
f 1555/2501/1629 1554/2381/1512 1560/2502/1630
f 1560/2502/1630 1554/2381/1512 1559/2383/1514
f 1560/2502/1630 1559/2383/1514 1565/2503/1631
f 1565/2503/1631 1559/2383/1514 1564/2385/1516
f 1565/2503/1631 1564/2385/1516 1570/2504/1632
f 1570/2504/1632 1564/2385/1516 1569/2387/1518
f 1570/2504/1632 1569/2387/1518 1575/2505/1633
f 1575/2505/1633 1569/2387/1518 1574/2389/1520
f 1575/2505/1633 1574/2389/1520 1580/2506/1634
f 1580/2506/1634 1574/2389/1520 1579/2391/1522
f 1580/2506/1634 1579/2391/1522 1585/2507/1635
f 1585/2507/1635 1579/2391/1522 1584/2393/1524
f 1585/2507/1635 1584/2393/1524 1590/2508/1636
f 1590/2508/1636 1584/2393/1524 1589/2395/1526
f 1590/2508/1636 1589/2395/1526 1595/2509/1637
f 1595/2509/1637 1589/2395/1526 1594/2397/1528
f 1595/2509/1637 1594/2397/1528 1600/2510/1638
f 1600/2510/1638 1594/2397/1528 1599/2399/1530
f 1600/2510/1638 1599/2399/1530 1605/2511/1639
f 1605/2511/1639 1599/2399/1530 1604/2401/1532
f 1605/2511/1639 1604/2401/1532 1610/2512/1640
f 1610/2512/1640 1604/2401/1532 1609/2403/1534
f 1610/2512/1640 1609/2403/1534 1615/2513/1641
f 1615/2513/1641 1609/2403/1534 1614/2405/1536
f 1615/2513/1641 1614/2405/1536 1620/2514/1642
f 1620/2514/1642 1614/2405/1536 1619/2407/1538
f 1620/2514/1642 1619/2407/1538 1625/2515/1643
f 1625/2515/1643 1619/2407/1538 1624/2409/1540
f 1625/2515/1643 1624/2409/1540 1630/2516/1644
f 1630/2516/1644 1624/2409/1540 1629/2411/1542
f 1630/2516/1644 1629/2411/1542 1635/2517/1645
f 1635/2517/1645 1629/2411/1542 1634/2413/1544
f 1635/2517/1645 1634/2413/1544 1640/2518/1646
f 1640/2518/1646 1634/2413/1544 1639/2415/1546
f 1640/2518/1646 1639/2415/1546 1645/2519/1647
f 1645/2519/1647 1639/2415/1546 1644/2417/1548
f 1645/2519/1647 1644/2417/1548 1650/2520/1648
f 1650/2520/1648 1644/2417/1548 1649/2419/1550
f 1650/2520/1648 1649/2419/1550 1655/2521/1649
f 1655/2521/1649 1649/2419/1550 1654/2421/1552
f 1655/2521/1649 1654/2421/1552 1660/2522/1650
f 1660/2522/1650 1654/2421/1552 1659/2423/1554
f 1660/2522/1650 1659/2423/1554 1665/2523/1651
f 1665/2523/1651 1659/2423/1554 1664/2425/1556
f 1665/2523/1651 1664/2425/1556 1670/2524/1652
f 1670/2524/1652 1664/2425/1556 1669/2427/1558
f 1670/2524/1652 1669/2427/1558 1675/2525/1653
f 1675/2525/1653 1669/2427/1558 1674/2429/1560
f 1675/2525/1653 1674/2429/1560 1680/2362/1493
f 1680/2362/1493 1674/2429/1560 1679/2360/1491
f 1521/2526/1494 1520/2494/1492 1526/2527/1654
f 1526/2527/1654 1520/2494/1492 1525/2495/1623
f 1526/2527/1654 1525/2495/1623 1531/2528/1655
f 1531/2528/1655 1525/2495/1623 1530/2496/1624
f 1531/2528/1655 1530/2496/1624 1536/2529/1656
f 1536/2529/1656 1530/2496/1624 1535/2497/1625
f 1536/2529/1656 1535/2497/1625 1541/2530/1657
f 1541/2530/1657 1535/2497/1625 1540/2498/1626
f 1541/2530/1657 1540/2498/1626 1546/2531/1658
f 1546/2531/1658 1540/2498/1626 1545/2499/1627
f 1546/2531/1658 1545/2499/1627 1551/2532/1659
f 1551/2532/1659 1545/2499/1627 1550/2500/1628
f 1551/2532/1659 1550/2500/1628 1556/2533/1660
f 1556/2533/1660 1550/2500/1628 1555/2501/1629
f 1556/2533/1660 1555/2501/1629 1561/2534/1661
f 1561/2534/1661 1555/2501/1629 1560/2502/1630
f 1561/2534/1661 1560/2502/1630 1566/2535/1662
f 1566/2535/1662 1560/2502/1630 1565/2503/1631
f 1566/2535/1662 1565/2503/1631 1571/2536/1663
f 1571/2536/1663 1565/2503/1631 1570/2504/1632
f 1571/2536/1663 1570/2504/1632 1576/2537/1664
f 1576/2537/1664 1570/2504/1632 1575/2505/1633
f 1576/2537/1664 1575/2505/1633 1581/2538/1665
f 1581/2538/1665 1575/2505/1633 1580/2506/1634
f 1581/2538/1665 1580/2506/1634 1586/2539/1666
f 1586/2539/1666 1580/2506/1634 1585/2507/1635
f 1586/2539/1666 1585/2507/1635 1591/2540/1667
f 1591/2540/1667 1585/2507/1635 1590/2508/1636
f 1591/2540/1667 1590/2508/1636 1596/2541/1668
f 1596/2541/1668 1590/2508/1636 1595/2509/1637
f 1596/2541/1668 1595/2509/1637 1601/2542/1669
f 1601/2542/1669 1595/2509/1637 1600/2510/1638
f 1601/2542/1669 1600/2510/1638 1606/2543/1670
f 1606/2543/1670 1600/2510/1638 1605/2511/1639
f 1606/2543/1670 1605/2511/1639 1611/2544/1671
f 1611/2544/1671 1605/2511/1639 1610/2512/1640
f 1611/2544/1671 1610/2512/1640 1616/2545/1672
f 1616/2545/1672 1610/2512/1640 1615/2513/1641
f 1616/2545/1672 1615/2513/1641 1621/2546/1673
f 1621/2546/1673 1615/2513/1641 1620/2514/1642
f 1621/2546/1673 1620/2514/1642 1626/2547/1674
f 1626/2547/1674 1620/2514/1642 1625/2515/1643
f 1626/2547/1674 1625/2515/1643 1631/2548/1675
f 1631/2548/1675 1625/2515/1643 1630/2516/1644
f 1631/2548/1675 1630/2516/1644 1636/2549/1676
f 1636/2549/1676 1630/2516/1644 1635/2517/1645
f 1636/2549/1676 1635/2517/1645 1641/2550/1677
f 1641/2550/1677 1635/2517/1645 1640/2518/1646
f 1641/2550/1677 1640/2518/1646 1646/2551/1678
f 1646/2551/1678 1640/2518/1646 1645/2519/1647
f 1646/2551/1678 1645/2519/1647 1651/2552/1679
f 1651/2552/1679 1645/2519/1647 1650/2520/1648
f 1651/2552/1679 1650/2520/1648 1656/2553/1680
f 1656/2553/1680 1650/2520/1648 1655/2521/1649
f 1656/2553/1680 1655/2521/1649 1661/2554/1681
f 1661/2554/1681 1655/2521/1649 1660/2522/1650
f 1661/2554/1681 1660/2522/1650 1666/2555/1682
f 1666/2555/1682 1660/2522/1650 1665/2523/1651
f 1666/2555/1682 1665/2523/1651 1671/2556/1683
f 1671/2556/1683 1665/2523/1651 1670/2524/1652
f 1671/2556/1683 1670/2524/1652 1676/2557/1684
f 1676/2557/1684 1670/2524/1652 1675/2525/1653
f 1676/2557/1684 1675/2525/1653 1681/2364/1495
f 1681/2364/1495 1675/2525/1653 1680/2362/1493
f 1528/2491/1622 1523/2493/1498 1522/2558/1496
f 1522/2558/1496 1521/2526/1494 1527/2559/1685
f 1527/2559/1685 1521/2526/1494 1526/2527/1654
f 1527/2559/1685 1526/2527/1654 1532/2560/1686
f 1532/2560/1686 1526/2527/1654 1531/2528/1655
f 1532/2560/1686 1531/2528/1655 1537/2561/1687
f 1537/2561/1687 1531/2528/1655 1536/2529/1656
f 1537/2561/1687 1536/2529/1656 1542/2562/1688
f 1542/2562/1688 1536/2529/1656 1541/2530/1657
f 1542/2562/1688 1541/2530/1657 1547/2563/1689
f 1547/2563/1689 1541/2530/1657 1546/2531/1658
f 1547/2563/1689 1546/2531/1658 1552/2564/1690
f 1552/2564/1690 1546/2531/1658 1551/2532/1659
f 1552/2564/1690 1551/2532/1659 1557/2565/1691
f 1557/2565/1691 1551/2532/1659 1556/2533/1660
f 1557/2565/1691 1556/2533/1660 1562/2566/1692
f 1562/2566/1692 1556/2533/1660 1561/2534/1661
f 1562/2566/1692 1561/2534/1661 1567/2567/1693
f 1567/2567/1693 1561/2534/1661 1566/2535/1662
f 1567/2567/1693 1566/2535/1662 1572/2568/1694
f 1572/2568/1694 1566/2535/1662 1571/2536/1663
f 1572/2568/1694 1571/2536/1663 1577/2569/1695
f 1577/2569/1695 1571/2536/1663 1576/2537/1664
f 1577/2569/1695 1576/2537/1664 1582/2570/1696
f 1582/2570/1696 1576/2537/1664 1581/2538/1665
f 1582/2570/1696 1581/2538/1665 1587/2571/1697
f 1587/2571/1697 1581/2538/1665 1586/2539/1666
f 1587/2571/1697 1586/2539/1666 1592/2572/1698
f 1592/2572/1698 1586/2539/1666 1591/2540/1667
f 1592/2572/1698 1591/2540/1667 1597/2573/1699
f 1597/2573/1699 1591/2540/1667 1596/2541/1668
f 1597/2573/1699 1596/2541/1668 1602/2574/1700
f 1602/2574/1700 1596/2541/1668 1601/2542/1669
f 1602/2574/1700 1601/2542/1669 1607/2575/1701
f 1607/2575/1701 1601/2542/1669 1606/2543/1670
f 1607/2575/1701 1606/2543/1670 1612/2576/1702
f 1612/2576/1702 1606/2543/1670 1611/2544/1671
f 1612/2576/1702 1611/2544/1671 1617/2577/1703
f 1617/2577/1703 1611/2544/1671 1616/2545/1672
f 1617/2577/1703 1616/2545/1672 1622/2578/1704
f 1622/2578/1704 1616/2545/1672 1621/2546/1673
f 1622/2578/1704 1621/2546/1673 1627/2579/1705
f 1627/2579/1705 1621/2546/1673 1626/2547/1674
f 1627/2579/1705 1626/2547/1674 1632/2580/1706
f 1632/2580/1706 1626/2547/1674 1631/2548/1675
f 1632/2580/1706 1631/2548/1675 1637/2581/1707
f 1637/2581/1707 1631/2548/1675 1636/2549/1676
f 1637/2581/1707 1636/2549/1676 1642/2582/1708
f 1642/2582/1708 1636/2549/1676 1641/2550/1677
f 1642/2582/1708 1641/2550/1677 1647/2583/1709
f 1647/2583/1709 1641/2550/1677 1646/2551/1678
f 1647/2583/1709 1646/2551/1678 1652/2584/1710
f 1652/2584/1710 1646/2551/1678 1651/2552/1679
f 1652/2584/1710 1651/2552/1679 1657/2585/1711
f 1657/2585/1711 1651/2552/1679 1656/2553/1680
f 1657/2585/1711 1656/2553/1680 1662/2586/1712
f 1662/2586/1712 1656/2553/1680 1661/2554/1681
f 1662/2586/1712 1661/2554/1681 1667/2587/1713
f 1667/2587/1713 1661/2554/1681 1666/2555/1682
f 1667/2587/1713 1666/2555/1682 1672/2588/1714
f 1672/2588/1714 1666/2555/1682 1671/2556/1683
f 1672/2588/1714 1671/2556/1683 1677/2589/1715
f 1677/2589/1715 1671/2556/1683 1676/2557/1684
f 1677/2589/1715 1676/2557/1684 1682/2366/1497
f 1682/2366/1497 1676/2557/1684 1681/2364/1495
f 1533/2489/1620 1528/2491/1622 1527/2559/1685
f 1527/2559/1685 1528/2491/1622 1522/2558/1496
f 1533/2489/1620 1527/2559/1685 1532/2560/1686
f 1538/2487/1618 1533/2489/1620 1532/2560/1686
f 1538/2487/1618 1532/2560/1686 1537/2561/1687
f 1543/2485/1616 1538/2487/1618 1537/2561/1687
f 1543/2485/1616 1537/2561/1687 1542/2562/1688
f 1548/2483/1614 1543/2485/1616 1542/2562/1688
f 1548/2483/1614 1542/2562/1688 1547/2563/1689
f 1553/2481/1612 1548/2483/1614 1547/2563/1689
f 1553/2481/1612 1547/2563/1689 1552/2564/1690
f 1558/2479/1610 1553/2481/1612 1552/2564/1690
f 1558/2479/1610 1552/2564/1690 1557/2565/1691
f 1563/2477/1608 1558/2479/1610 1557/2565/1691
f 1563/2477/1608 1557/2565/1691 1562/2566/1692
f 1568/2475/1606 1563/2477/1608 1562/2566/1692
f 1568/2475/1606 1562/2566/1692 1567/2567/1693
f 1573/2473/1604 1568/2475/1606 1567/2567/1693
f 1573/2473/1604 1567/2567/1693 1572/2568/1694
f 1578/2471/1602 1573/2473/1604 1572/2568/1694
f 1578/2471/1602 1572/2568/1694 1577/2569/1695
f 1583/2469/1600 1578/2471/1602 1577/2569/1695
f 1583/2469/1600 1577/2569/1695 1582/2570/1696
f 1588/2467/1598 1583/2469/1600 1582/2570/1696
f 1588/2467/1598 1582/2570/1696 1587/2571/1697
f 1593/2465/1596 1588/2467/1598 1587/2571/1697
f 1593/2465/1596 1587/2571/1697 1592/2572/1698
f 1598/2463/1594 1593/2465/1596 1592/2572/1698
f 1598/2463/1594 1592/2572/1698 1597/2573/1699
f 1603/2461/1592 1598/2463/1594 1597/2573/1699
f 1603/2461/1592 1597/2573/1699 1602/2574/1700
f 1608/2459/1590 1603/2461/1592 1602/2574/1700
f 1608/2459/1590 1602/2574/1700 1607/2575/1701
f 1613/2457/1588 1608/2459/1590 1607/2575/1701
f 1613/2457/1588 1607/2575/1701 1612/2576/1702
f 1618/2455/1586 1613/2457/1588 1612/2576/1702
f 1618/2455/1586 1612/2576/1702 1617/2577/1703
f 1623/2453/1584 1618/2455/1586 1617/2577/1703
f 1623/2453/1584 1617/2577/1703 1622/2578/1704
f 1628/2451/1582 1623/2453/1584 1622/2578/1704
f 1628/2451/1582 1622/2578/1704 1627/2579/1705
f 1633/2449/1580 1628/2451/1582 1627/2579/1705
f 1633/2449/1580 1627/2579/1705 1632/2580/1706
f 1638/2447/1578 1633/2449/1580 1632/2580/1706
f 1638/2447/1578 1632/2580/1706 1637/2581/1707
f 1643/2445/1576 1638/2447/1578 1637/2581/1707
f 1643/2445/1576 1637/2581/1707 1642/2582/1708
f 1648/2443/1574 1643/2445/1576 1642/2582/1708
f 1648/2443/1574 1642/2582/1708 1647/2583/1709
f 1653/2441/1572 1648/2443/1574 1647/2583/1709
f 1653/2441/1572 1647/2583/1709 1652/2584/1710
f 1658/2439/1570 1653/2441/1572 1652/2584/1710
f 1658/2439/1570 1652/2584/1710 1657/2585/1711
f 1663/2437/1568 1658/2439/1570 1657/2585/1711
f 1663/2437/1568 1657/2585/1711 1662/2586/1712
f 1668/2435/1566 1663/2437/1568 1662/2586/1712
f 1668/2435/1566 1662/2586/1712 1667/2587/1713
f 1673/2433/1564 1668/2435/1566 1667/2587/1713
f 1673/2433/1564 1667/2587/1713 1672/2588/1714
f 1678/2431/1562 1673/2433/1564 1672/2588/1714
f 1678/2431/1562 1672/2588/1714 1677/2589/1715
f 1683/2368/1499 1678/2431/1562 1677/2589/1715
f 1683/2368/1499 1677/2589/1715 1682/2366/1497
f 1685/2590/1716 1503/2591/1591 1684/2592/1717
f 1684/2593/1717 1503/2594/1591 1502/2595/1589
f 1684/2593/1717 1502/2595/1589 1715/2596/1718
f 1715/2596/1718 1502/2595/1589 1501/2597/1587
f 1715/2596/1718 1501/2597/1587 1714/2598/1719
f 1714/2598/1719 1501/2597/1587 1500/2599/1585
f 1714/2598/1719 1500/2599/1585 1713/2600/1720
f 1713/2600/1720 1500/2599/1585 1499/2601/1583
f 1713/2600/1720 1499/2601/1583 1712/2602/1721
f 1712/2602/1721 1499/2601/1583 1498/2603/1581
f 1712/2602/1721 1498/2603/1581 1711/2604/1722
f 1711/2604/1722 1498/2603/1581 1497/2605/1579
f 1711/2604/1722 1497/2605/1579 1710/2606/1723
f 1710/2606/1723 1497/2605/1579 1496/2607/1577
f 1710/2606/1723 1496/2607/1577 1709/2608/1724
f 1709/2608/1724 1496/2607/1577 1495/2609/1575
f 1709/2608/1724 1495/2609/1575 1708/2610/1725
f 1708/2610/1725 1495/2609/1575 1494/2611/1573
f 1708/2610/1725 1494/2611/1573 1707/2612/1726
f 1707/2612/1726 1494/2611/1573 1493/2613/1571
f 1707/2612/1726 1493/2613/1571 1706/2614/1727
f 1706/2614/1727 1493/2613/1571 1492/2615/1569
f 1706/2614/1727 1492/2615/1569 1705/2616/1728
f 1705/2616/1728 1492/2615/1569 1491/2617/1567
f 1705/2616/1728 1491/2617/1567 1704/2618/1729
f 1704/2618/1729 1491/2617/1567 1490/2619/1565
f 1704/2618/1729 1490/2619/1565 1703/2620/1730
f 1703/2620/1730 1490/2619/1565 1489/2621/1563
f 1703/2620/1730 1489/2621/1563 1702/2622/1731
f 1702/2622/1731 1489/2621/1563 1488/2623/1501
f 1702/2622/1731 1488/2623/1501 1701/2624/1732
f 1701/2624/1732 1488/2623/1501 1487/2625/1500
f 1701/2624/1732 1487/2625/1500 1700/2626/1733
f 1700/2626/1733 1487/2625/1500 1518/2627/1621
f 1700/2626/1733 1518/2627/1621 1699/2628/1734
f 1699/2628/1734 1518/2627/1621 1517/2629/1619
f 1699/2628/1734 1517/2629/1619 1698/2630/1735
f 1698/2630/1735 1517/2629/1619 1516/2631/1617
f 1698/2630/1735 1516/2631/1617 1697/2632/1736
f 1697/2632/1736 1516/2631/1617 1515/2633/1615
f 1697/2632/1736 1515/2633/1615 1696/2634/1737
f 1696/2634/1737 1515/2633/1615 1514/2635/1613
f 1696/2634/1737 1514/2635/1613 1695/2636/1738
f 1695/2636/1738 1514/2635/1613 1513/2637/1611
f 1695/2636/1738 1513/2637/1611 1694/2638/1739
f 1694/2638/1739 1513/2637/1611 1512/2639/1609
f 1694/2638/1739 1512/2639/1609 1693/2640/1740
f 1693/2640/1740 1512/2639/1609 1511/2641/1607
f 1693/2640/1740 1511/2641/1607 1692/2642/1741
f 1692/2642/1741 1511/2641/1607 1510/2643/1605
f 1692/2642/1741 1510/2643/1605 1691/2644/1742
f 1691/2644/1742 1510/2643/1605 1509/2645/1603
f 1691/2644/1742 1509/2645/1603 1690/2646/1743
f 1690/2646/1743 1509/2645/1603 1508/2647/1601
f 1690/2646/1743 1508/2647/1601 1689/2648/1744
f 1689/2648/1744 1508/2647/1601 1507/2649/1599
f 1689/2648/1744 1507/2649/1599 1688/2650/1745
f 1688/2650/1745 1507/2649/1599 1506/2651/1597
f 1688/2650/1745 1506/2651/1597 1687/2652/1746
f 1687/2652/1746 1506/2651/1597 1505/2653/1595
f 1687/2652/1746 1505/2653/1595 1686/2654/1747
f 1686/2654/1747 1505/2653/1595 1504/2655/1593
f 1686/2654/1747 1504/2655/1593 1685/2590/1716
f 1685/2590/1716 1504/2655/1593 1503/2591/1591
f 1717/2656/1748 1753/2657/1749 1716/2658/1750
f 1716/2658/1750 1753/2657/1749 1748/2659/1751
f 1716/2660/1750 1748/2661/1751 1747/2662/1752
f 1747/2662/1752 1748/2661/1751 1903/2663/1753
f 1747/2662/1752 1903/2663/1753 1746/2664/1754
f 1746/2664/1754 1903/2663/1753 1898/2665/1755
f 1746/2664/1754 1898/2665/1755 1745/2666/1756
f 1745/2666/1756 1898/2665/1755 1893/2667/1757
f 1745/2666/1756 1893/2667/1757 1744/2668/1758
f 1744/2668/1758 1893/2667/1757 1888/2669/1759
f 1744/2668/1758 1888/2669/1759 1743/2670/1760
f 1743/2670/1760 1888/2669/1759 1883/2671/1761
f 1743/2670/1760 1883/2671/1761 1742/2672/1762
f 1742/2672/1762 1883/2671/1761 1878/2673/1763
f 1742/2672/1762 1878/2673/1763 1741/2674/1764
f 1741/2674/1764 1878/2673/1763 1873/2675/1765
f 1741/2674/1764 1873/2675/1765 1740/2676/1766
f 1740/2676/1766 1873/2675/1765 1868/2677/1767
f 1740/2676/1766 1868/2677/1767 1739/2678/1768
f 1739/2678/1768 1868/2677/1767 1863/2679/1769
f 1739/2678/1768 1863/2679/1769 1738/2680/1770
f 1738/2680/1770 1863/2679/1769 1858/2681/1771
f 1738/2680/1770 1858/2681/1771 1737/2682/1772
f 1737/2682/1772 1858/2681/1771 1853/2683/1773
f 1737/2682/1772 1853/2683/1773 1736/2684/1774
f 1736/2684/1774 1853/2683/1773 1848/2685/1775
f 1736/2684/1774 1848/2685/1775 1735/2686/1776
f 1735/2686/1776 1848/2685/1775 1843/2687/1777
f 1735/2686/1776 1843/2687/1777 1734/2688/1778
f 1734/2688/1778 1843/2687/1777 1838/2689/1779
f 1734/2688/1778 1838/2689/1779 1733/2690/1780
f 1733/2690/1780 1838/2689/1779 1833/2691/1781
f 1733/2690/1780 1833/2691/1781 1732/2692/1782
f 1732/2692/1782 1833/2691/1781 1828/2693/1783
f 1732/2692/1782 1828/2693/1783 1731/2694/1784
f 1731/2694/1784 1828/2693/1783 1823/2695/1785
f 1731/2694/1784 1823/2695/1785 1730/2696/1786
f 1730/2696/1786 1823/2695/1785 1818/2697/1787
f 1730/2696/1786 1818/2697/1787 1729/2698/1788
f 1729/2698/1788 1818/2697/1787 1813/2699/1789
f 1729/2698/1788 1813/2699/1789 1728/2700/1790
f 1728/2700/1790 1813/2699/1789 1808/2701/1791
f 1728/2700/1790 1808/2701/1791 1727/2702/1792
f 1727/2702/1792 1808/2701/1791 1803/2703/1793
f 1727/2702/1792 1803/2703/1793 1726/2704/1794
f 1726/2704/1794 1803/2703/1793 1798/2705/1795
f 1726/2704/1794 1798/2705/1795 1725/2706/1796
f 1725/2706/1796 1798/2705/1795 1793/2707/1797
f 1725/2706/1796 1793/2707/1797 1724/2708/1798
f 1724/2708/1798 1793/2707/1797 1788/2709/1799
f 1724/2708/1798 1788/2709/1799 1723/2710/1800
f 1723/2710/1800 1788/2709/1799 1783/2711/1801
f 1723/2710/1800 1783/2711/1801 1722/2712/1802
f 1722/2712/1802 1783/2711/1801 1778/2713/1803
f 1722/2712/1802 1778/2713/1803 1721/2714/1804
f 1721/2714/1804 1778/2713/1803 1773/2715/1805
f 1721/2714/1804 1773/2715/1805 1720/2716/1806
f 1720/2716/1806 1773/2715/1805 1768/2717/1807
f 1720/2716/1806 1768/2717/1807 1719/2718/1808
f 1719/2718/1808 1768/2717/1807 1763/2719/1809
f 1719/2718/1808 1763/2719/1809 1718/2720/1810
f 1718/2720/1810 1763/2719/1809 1758/2721/1811
f 1718/2720/1810 1758/2721/1811 1717/2656/1748
f 1717/2656/1748 1758/2721/1811 1753/2657/1749
f 1486/2722/1561 1907/2723/1812 1455/2724/1489
f 1455/2724/1489 1907/2723/1812 1752/2725/1813
f 1455/2726/1489 1752/2727/1813 1456/2728/1487
f 1456/2728/1487 1752/2727/1813 1757/2729/1814
f 1456/2728/1487 1757/2729/1814 1457/2730/1503
f 1457/2730/1503 1757/2729/1814 1762/2731/1815
f 1457/2730/1503 1762/2731/1815 1458/2732/1505
f 1458/2732/1505 1762/2731/1815 1767/2733/1816
f 1458/2732/1505 1767/2733/1816 1459/2734/1507
f 1459/2734/1507 1767/2733/1816 1772/2735/1817
f 1459/2734/1507 1772/2735/1817 1460/2736/1509
f 1460/2736/1509 1772/2735/1817 1777/2737/1818
f 1460/2736/1509 1777/2737/1818 1461/2738/1511
f 1461/2738/1511 1777/2737/1818 1782/2739/1819
f 1461/2738/1511 1782/2739/1819 1462/2740/1513
f 1462/2740/1513 1782/2739/1819 1787/2741/1820
f 1462/2740/1513 1787/2741/1820 1463/2742/1515
f 1463/2742/1515 1787/2741/1820 1792/2743/1821
f 1463/2742/1515 1792/2743/1821 1464/2744/1517
f 1464/2744/1517 1792/2743/1821 1797/2745/1822
f 1464/2744/1517 1797/2745/1822 1465/2746/1519
f 1465/2746/1519 1797/2745/1822 1802/2747/1823
f 1465/2746/1519 1802/2747/1823 1466/2748/1521
f 1466/2748/1521 1802/2747/1823 1807/2749/1824
f 1466/2748/1521 1807/2749/1824 1467/2750/1523
f 1467/2750/1523 1807/2749/1824 1812/2751/1825
f 1467/2750/1523 1812/2751/1825 1468/2752/1525
f 1468/2752/1525 1812/2751/1825 1817/2753/1826
f 1468/2752/1525 1817/2753/1826 1469/2754/1527
f 1469/2754/1527 1817/2753/1826 1822/2755/1827
f 1469/2754/1527 1822/2755/1827 1470/2756/1529
f 1470/2756/1529 1822/2755/1827 1827/2757/1828
f 1470/2756/1529 1827/2757/1828 1471/2758/1531
f 1471/2758/1531 1827/2757/1828 1832/2759/1829
f 1471/2758/1531 1832/2759/1829 1472/2760/1533
f 1472/2760/1533 1832/2759/1829 1837/2761/1830
f 1472/2760/1533 1837/2761/1830 1473/2762/1535
f 1473/2762/1535 1837/2761/1830 1842/2763/1831
f 1473/2762/1535 1842/2763/1831 1474/2764/1537
f 1474/2764/1537 1842/2763/1831 1847/2765/1832
f 1474/2764/1537 1847/2765/1832 1475/2766/1539
f 1475/2766/1539 1847/2765/1832 1852/2767/1833
f 1475/2766/1539 1852/2767/1833 1476/2768/1541
f 1476/2768/1541 1852/2767/1833 1857/2769/1834
f 1476/2768/1541 1857/2769/1834 1477/2770/1543
f 1477/2770/1543 1857/2769/1834 1862/2771/1835
f 1477/2770/1543 1862/2771/1835 1478/2772/1545
f 1478/2772/1545 1862/2771/1835 1867/2773/1836
f 1478/2772/1545 1867/2773/1836 1479/2774/1547
f 1479/2774/1547 1867/2773/1836 1872/2775/1837
f 1479/2774/1547 1872/2775/1837 1480/2776/1549
f 1480/2776/1549 1872/2775/1837 1877/2777/1838
f 1480/2776/1549 1877/2777/1838 1481/2778/1551
f 1481/2778/1551 1877/2777/1838 1882/2779/1839
f 1481/2778/1551 1882/2779/1839 1482/2780/1553
f 1482/2780/1553 1882/2779/1839 1887/2781/1840
f 1482/2780/1553 1887/2781/1840 1483/2782/1555
f 1483/2782/1555 1887/2781/1840 1892/2783/1841
f 1483/2782/1555 1892/2783/1841 1484/2784/1557
f 1484/2784/1557 1892/2783/1841 1897/2785/1842
f 1484/2784/1557 1897/2785/1842 1485/2786/1559
f 1485/2786/1559 1897/2785/1842 1902/2787/1843
f 1485/2786/1559 1902/2787/1843 1486/2722/1561
f 1486/2722/1561 1902/2787/1843 1907/2723/1812
f 1748/2661/1751 1749/2788/1844 1903/2663/1753
f 1903/2663/1753 1749/2788/1844 1904/2789/1845
f 1903/2663/1753 1904/2789/1845 1898/2665/1755
f 1898/2665/1755 1904/2789/1845 1899/2790/1846
f 1898/2665/1755 1899/2790/1846 1893/2667/1757
f 1893/2667/1757 1899/2790/1846 1894/2791/1847
f 1893/2667/1757 1894/2791/1847 1888/2669/1759
f 1888/2669/1759 1894/2791/1847 1889/2792/1848
f 1888/2669/1759 1889/2792/1848 1883/2671/1761
f 1883/2671/1761 1889/2792/1848 1884/2793/1849
f 1883/2671/1761 1884/2793/1849 1878/2673/1763
f 1878/2673/1763 1884/2793/1849 1879/2794/1850
f 1878/2673/1763 1879/2794/1850 1873/2675/1765
f 1873/2675/1765 1879/2794/1850 1874/2795/1851
f 1873/2675/1765 1874/2795/1851 1868/2677/1767
f 1868/2677/1767 1874/2795/1851 1869/2796/1852
f 1868/2677/1767 1869/2796/1852 1863/2679/1769
f 1863/2679/1769 1869/2796/1852 1864/2797/1853
f 1863/2679/1769 1864/2797/1853 1858/2681/1771
f 1858/2681/1771 1864/2797/1853 1859/2798/1854
f 1858/2681/1771 1859/2798/1854 1853/2683/1773
f 1853/2683/1773 1859/2798/1854 1854/2799/1855
f 1853/2683/1773 1854/2799/1855 1848/2685/1775
f 1848/2685/1775 1854/2799/1855 1849/2800/1856
f 1848/2685/1775 1849/2800/1856 1843/2687/1777
f 1843/2687/1777 1849/2800/1856 1844/2801/1857
f 1843/2687/1777 1844/2801/1857 1838/2689/1779
f 1838/2689/1779 1844/2801/1857 1839/2802/1858
f 1838/2689/1779 1839/2802/1858 1833/2691/1781
f 1833/2691/1781 1839/2802/1858 1834/2803/1859
f 1833/2691/1781 1834/2803/1859 1828/2693/1783
f 1828/2693/1783 1834/2803/1859 1829/2804/1860
f 1828/2693/1783 1829/2804/1860 1823/2695/1785
f 1823/2695/1785 1829/2804/1860 1824/2805/1861
f 1823/2695/1785 1824/2805/1861 1818/2697/1787
f 1818/2697/1787 1824/2805/1861 1819/2806/1862
f 1818/2697/1787 1819/2806/1862 1813/2699/1789
f 1813/2699/1789 1819/2806/1862 1814/2807/1863
f 1813/2699/1789 1814/2807/1863 1808/2701/1791
f 1808/2701/1791 1814/2807/1863 1809/2808/1864
f 1808/2701/1791 1809/2808/1864 1803/2703/1793
f 1803/2703/1793 1809/2808/1864 1804/2809/1865
f 1803/2703/1793 1804/2809/1865 1798/2705/1795
f 1798/2705/1795 1804/2809/1865 1799/2810/1866
f 1798/2705/1795 1799/2810/1866 1793/2707/1797
f 1793/2707/1797 1799/2810/1866 1794/2811/1867
f 1793/2707/1797 1794/2811/1867 1788/2709/1799
f 1788/2709/1799 1794/2811/1867 1789/2812/1868
f 1788/2709/1799 1789/2812/1868 1783/2711/1801
f 1783/2711/1801 1789/2812/1868 1784/2813/1869
f 1783/2711/1801 1784/2813/1869 1778/2713/1803
f 1778/2713/1803 1784/2813/1869 1779/2814/1870
f 1778/2713/1803 1779/2814/1870 1773/2715/1805
f 1773/2715/1805 1779/2814/1870 1774/2815/1871
f 1773/2715/1805 1774/2815/1871 1768/2717/1807
f 1768/2717/1807 1774/2815/1871 1769/2816/1872
f 1768/2717/1807 1769/2816/1872 1763/2719/1809
f 1763/2719/1809 1769/2816/1872 1764/2817/1873
f 1763/2719/1809 1764/2817/1873 1758/2721/1811
f 1758/2721/1811 1764/2817/1873 1759/2818/1874
f 1758/2721/1811 1759/2818/1874 1753/2657/1749
f 1753/2657/1749 1759/2818/1874 1754/2819/1875
f 1753/2657/1749 1754/2819/1875 1748/2659/1751
f 1748/2659/1751 1754/2819/1875 1749/2820/1844
f 1749/2788/1844 1750/2821/1876 1904/2789/1845
f 1904/2789/1845 1750/2821/1876 1905/2822/1877
f 1904/2789/1845 1905/2822/1877 1899/2790/1846
f 1899/2790/1846 1905/2822/1877 1900/2823/1878
f 1899/2790/1846 1900/2823/1878 1894/2791/1847
f 1894/2791/1847 1900/2823/1878 1895/2824/1879
f 1894/2791/1847 1895/2824/1879 1889/2792/1848
f 1889/2792/1848 1895/2824/1879 1890/2825/1880
f 1889/2792/1848 1890/2825/1880 1884/2793/1849
f 1884/2793/1849 1890/2825/1880 1885/2826/1881
f 1884/2793/1849 1885/2826/1881 1879/2794/1850
f 1879/2794/1850 1885/2826/1881 1880/2827/1882
f 1879/2794/1850 1880/2827/1882 1874/2795/1851
f 1874/2795/1851 1880/2827/1882 1875/2828/1883
f 1874/2795/1851 1875/2828/1883 1869/2796/1852
f 1869/2796/1852 1875/2828/1883 1870/2829/1884
f 1869/2796/1852 1870/2829/1884 1864/2797/1853
f 1864/2797/1853 1870/2829/1884 1865/2830/1885
f 1864/2797/1853 1865/2830/1885 1859/2798/1854
f 1859/2798/1854 1865/2830/1885 1860/2831/1886
f 1859/2798/1854 1860/2831/1886 1854/2799/1855
f 1854/2799/1855 1860/2831/1886 1855/2832/1887
f 1854/2799/1855 1855/2832/1887 1849/2800/1856
f 1849/2800/1856 1855/2832/1887 1850/2833/1888
f 1849/2800/1856 1850/2833/1888 1844/2801/1857
f 1844/2801/1857 1850/2833/1888 1845/2834/1889
f 1844/2801/1857 1845/2834/1889 1839/2802/1858
f 1839/2802/1858 1845/2834/1889 1840/2835/1890
f 1839/2802/1858 1840/2835/1890 1834/2803/1859
f 1834/2803/1859 1840/2835/1890 1835/2836/1891
f 1834/2803/1859 1835/2836/1891 1829/2804/1860
f 1829/2804/1860 1835/2836/1891 1830/2837/1892
f 1829/2804/1860 1830/2837/1892 1824/2805/1861
f 1824/2805/1861 1830/2837/1892 1825/2838/1893
f 1824/2805/1861 1825/2838/1893 1819/2806/1862
f 1819/2806/1862 1825/2838/1893 1820/2839/1894
f 1819/2806/1862 1820/2839/1894 1814/2807/1863
f 1814/2807/1863 1820/2839/1894 1815/2840/1895
f 1814/2807/1863 1815/2840/1895 1809/2808/1864
f 1809/2808/1864 1815/2840/1895 1810/2841/1896
f 1809/2808/1864 1810/2841/1896 1804/2809/1865
f 1804/2809/1865 1810/2841/1896 1805/2842/1897
f 1804/2809/1865 1805/2842/1897 1799/2810/1866
f 1799/2810/1866 1805/2842/1897 1800/2843/1898
f 1799/2810/1866 1800/2843/1898 1794/2811/1867
f 1794/2811/1867 1800/2843/1898 1795/2844/1899
f 1794/2811/1867 1795/2844/1899 1789/2812/1868
f 1789/2812/1868 1795/2844/1899 1790/2845/1900
f 1789/2812/1868 1790/2845/1900 1784/2813/1869
f 1784/2813/1869 1790/2845/1900 1785/2846/1901
f 1784/2813/1869 1785/2846/1901 1779/2814/1870
f 1779/2814/1870 1785/2846/1901 1780/2847/1902
f 1779/2814/1870 1780/2847/1902 1774/2815/1871
f 1774/2815/1871 1780/2847/1902 1775/2848/1903
f 1774/2815/1871 1775/2848/1903 1769/2816/1872
f 1769/2816/1872 1775/2848/1903 1770/2849/1904
f 1769/2816/1872 1770/2849/1904 1764/2817/1873
f 1764/2817/1873 1770/2849/1904 1765/2850/1905
f 1764/2817/1873 1765/2850/1905 1759/2818/1874
f 1759/2818/1874 1765/2850/1905 1760/2851/1906
f 1759/2818/1874 1760/2851/1906 1754/2819/1875
f 1754/2819/1875 1760/2851/1906 1755/2852/1907
f 1754/2819/1875 1755/2852/1907 1749/2820/1844
f 1749/2820/1844 1755/2852/1907 1750/2853/1876
f 1750/2821/1876 1751/2854/1908 1905/2822/1877
f 1905/2822/1877 1751/2854/1908 1906/2855/1909
f 1905/2822/1877 1906/2855/1909 1900/2823/1878
f 1900/2823/1878 1906/2855/1909 1901/2856/1910
f 1900/2823/1878 1901/2856/1910 1895/2824/1879
f 1895/2824/1879 1901/2856/1910 1896/2857/1911
f 1895/2824/1879 1896/2857/1911 1890/2825/1880
f 1890/2825/1880 1896/2857/1911 1891/2858/1912
f 1890/2825/1880 1891/2858/1912 1885/2826/1881
f 1885/2826/1881 1891/2858/1912 1886/2859/1913
f 1885/2826/1881 1886/2859/1913 1880/2827/1882
f 1880/2827/1882 1886/2859/1913 1881/2860/1914
f 1880/2827/1882 1881/2860/1914 1875/2828/1883
f 1875/2828/1883 1881/2860/1914 1876/2861/1915
f 1875/2828/1883 1876/2861/1915 1870/2829/1884
f 1870/2829/1884 1876/2861/1915 1871/2862/1916
f 1870/2829/1884 1871/2862/1916 1865/2830/1885
f 1865/2830/1885 1871/2862/1916 1866/2863/1917
f 1865/2830/1885 1866/2863/1917 1860/2831/1886
f 1860/2831/1886 1866/2863/1917 1861/2864/1918
f 1860/2831/1886 1861/2864/1918 1855/2832/1887
f 1855/2832/1887 1861/2864/1918 1856/2865/1919
f 1855/2832/1887 1856/2865/1919 1850/2833/1888
f 1850/2833/1888 1856/2865/1919 1851/2866/1920
f 1850/2833/1888 1851/2866/1920 1845/2834/1889
f 1845/2834/1889 1851/2866/1920 1846/2867/1921
f 1845/2834/1889 1846/2867/1921 1840/2835/1890
f 1840/2835/1890 1846/2867/1921 1841/2868/1922
f 1840/2835/1890 1841/2868/1922 1835/2836/1891
f 1835/2836/1891 1841/2868/1922 1836/2869/1923
f 1835/2836/1891 1836/2869/1923 1830/2837/1892
f 1830/2837/1892 1836/2869/1923 1831/2870/1924
f 1830/2837/1892 1831/2870/1924 1825/2838/1893
f 1825/2838/1893 1831/2870/1924 1826/2871/1925
f 1825/2838/1893 1826/2871/1925 1820/2839/1894
f 1820/2839/1894 1826/2871/1925 1821/2872/1926
f 1820/2839/1894 1821/2872/1926 1815/2840/1895
f 1815/2840/1895 1821/2872/1926 1816/2873/1927
f 1815/2840/1895 1816/2873/1927 1810/2841/1896
f 1810/2841/1896 1816/2873/1927 1811/2874/1928
f 1810/2841/1896 1811/2874/1928 1805/2842/1897
f 1805/2842/1897 1811/2874/1928 1806/2875/1929
f 1805/2842/1897 1806/2875/1929 1800/2843/1898
f 1800/2843/1898 1806/2875/1929 1801/2876/1930
f 1800/2843/1898 1801/2876/1930 1795/2844/1899
f 1795/2844/1899 1801/2876/1930 1796/2877/1931
f 1795/2844/1899 1796/2877/1931 1790/2845/1900
f 1790/2845/1900 1796/2877/1931 1791/2878/1932
f 1790/2845/1900 1791/2878/1932 1785/2846/1901
f 1785/2846/1901 1791/2878/1932 1786/2879/1933
f 1785/2846/1901 1786/2879/1933 1780/2847/1902
f 1780/2847/1902 1786/2879/1933 1781/2880/1934
f 1780/2847/1902 1781/2880/1934 1775/2848/1903
f 1775/2848/1903 1781/2880/1934 1776/2881/1935
f 1775/2848/1903 1776/2881/1935 1770/2849/1904
f 1770/2849/1904 1776/2881/1935 1771/2882/1936
f 1770/2849/1904 1771/2882/1936 1765/2850/1905
f 1765/2850/1905 1771/2882/1936 1766/2883/1937
f 1765/2850/1905 1766/2883/1937 1760/2851/1906
f 1760/2851/1906 1766/2883/1937 1761/2884/1938
f 1760/2851/1906 1761/2884/1938 1755/2852/1907
f 1755/2852/1907 1761/2884/1938 1756/2885/1939
f 1755/2852/1907 1756/2885/1939 1750/2853/1876
f 1750/2853/1876 1756/2885/1939 1751/2886/1908
f 1751/2854/1908 1752/2725/1813 1906/2855/1909
f 1906/2855/1909 1752/2725/1813 1907/2723/1812
f 1906/2855/1909 1907/2723/1812 1901/2856/1910
f 1901/2856/1910 1907/2723/1812 1902/2787/1843
f 1901/2856/1910 1902/2787/1843 1896/2857/1911
f 1896/2857/1911 1902/2787/1843 1897/2785/1842
f 1896/2857/1911 1897/2785/1842 1891/2858/1912
f 1891/2858/1912 1897/2785/1842 1892/2783/1841
f 1891/2858/1912 1892/2783/1841 1886/2859/1913
f 1886/2859/1913 1892/2783/1841 1887/2781/1840
f 1886/2859/1913 1887/2781/1840 1881/2860/1914
f 1881/2860/1914 1887/2781/1840 1882/2779/1839
f 1881/2860/1914 1882/2779/1839 1876/2861/1915
f 1876/2861/1915 1882/2779/1839 1877/2777/1838
f 1876/2861/1915 1877/2777/1838 1871/2862/1916
f 1871/2862/1916 1877/2777/1838 1872/2775/1837
f 1871/2862/1916 1872/2775/1837 1866/2863/1917
f 1866/2863/1917 1872/2775/1837 1867/2773/1836
f 1866/2863/1917 1867/2773/1836 1861/2864/1918
f 1861/2864/1918 1867/2773/1836 1862/2771/1835
f 1861/2864/1918 1862/2771/1835 1856/2865/1919
f 1856/2865/1919 1862/2771/1835 1857/2769/1834
f 1856/2865/1919 1857/2769/1834 1851/2866/1920
f 1851/2866/1920 1857/2769/1834 1852/2767/1833
f 1851/2866/1920 1852/2767/1833 1846/2867/1921
f 1846/2867/1921 1852/2767/1833 1847/2765/1832
f 1846/2867/1921 1847/2765/1832 1841/2868/1922
f 1841/2868/1922 1847/2765/1832 1842/2763/1831
f 1841/2868/1922 1842/2763/1831 1836/2869/1923
f 1836/2869/1923 1842/2763/1831 1837/2761/1830
f 1836/2869/1923 1837/2761/1830 1831/2870/1924
f 1831/2870/1924 1837/2761/1830 1832/2759/1829
f 1831/2870/1924 1832/2759/1829 1826/2871/1925
f 1826/2871/1925 1832/2759/1829 1827/2757/1828
f 1826/2871/1925 1827/2757/1828 1821/2872/1926
f 1821/2872/1926 1827/2757/1828 1822/2755/1827
f 1821/2872/1926 1822/2755/1827 1816/2873/1927
f 1816/2873/1927 1822/2755/1827 1817/2753/1826
f 1816/2873/1927 1817/2753/1826 1811/2874/1928
f 1811/2874/1928 1817/2753/1826 1812/2751/1825
f 1811/2874/1928 1812/2751/1825 1806/2875/1929
f 1806/2875/1929 1812/2751/1825 1807/2749/1824
f 1806/2875/1929 1807/2749/1824 1801/2876/1930
f 1801/2876/1930 1807/2749/1824 1802/2747/1823
f 1801/2876/1930 1802/2747/1823 1796/2877/1931
f 1796/2877/1931 1802/2747/1823 1797/2745/1822
f 1796/2877/1931 1797/2745/1822 1791/2878/1932
f 1791/2878/1932 1797/2745/1822 1792/2743/1821
f 1791/2878/1932 1792/2743/1821 1786/2879/1933
f 1786/2879/1933 1792/2743/1821 1787/2741/1820
f 1786/2879/1933 1787/2741/1820 1781/2880/1934
f 1781/2880/1934 1787/2741/1820 1782/2739/1819
f 1781/2880/1934 1782/2739/1819 1776/2881/1935
f 1776/2881/1935 1782/2739/1819 1777/2737/1818
f 1776/2881/1935 1777/2737/1818 1771/2882/1936
f 1771/2882/1936 1777/2737/1818 1772/2735/1817
f 1771/2882/1936 1772/2735/1817 1766/2883/1937
f 1766/2883/1937 1772/2735/1817 1767/2733/1816
f 1766/2883/1937 1767/2733/1816 1761/2884/1938
f 1761/2884/1938 1767/2733/1816 1762/2731/1815
f 1761/2884/1938 1762/2731/1815 1756/2885/1939
f 1756/2885/1939 1762/2731/1815 1757/2729/1814
f 1756/2885/1939 1757/2729/1814 1751/2886/1908
f 1751/2886/1908 1757/2729/1814 1752/2727/1813
f 1034/2887/1940 1717/2888/1748 1003/2889/1941
f 1003/2889/1941 1717/2888/1748 1716/2890/1750
f 1003/2891/1941 1716/2892/1750 1004/2893/1942
f 1004/2893/1942 1716/2892/1750 1747/2894/1752
f 1004/2893/1942 1747/2894/1752 1005/2895/1943
f 1005/2895/1943 1747/2894/1752 1746/2896/1754
f 1005/2895/1943 1746/2896/1754 1006/2897/1944
f 1006/2897/1944 1746/2896/1754 1745/2898/1756
f 1006/2897/1944 1745/2898/1756 1007/2899/1945
f 1007/2899/1945 1745/2898/1756 1744/2900/1758
f 1007/2899/1945 1744/2900/1758 1008/2901/1946
f 1008/2901/1946 1744/2900/1758 1743/2902/1760
f 1008/2901/1946 1743/2902/1760 1009/2903/1947
f 1009/2903/1947 1743/2902/1760 1742/2904/1762
f 1009/2903/1947 1742/2904/1762 1010/2905/1948
f 1010/2905/1948 1742/2904/1762 1741/2906/1764
f 1010/2905/1948 1741/2906/1764 1011/2907/1949
f 1011/2907/1949 1741/2906/1764 1740/2908/1766
f 1011/2907/1949 1740/2908/1766 1012/2909/1950
f 1012/2909/1950 1740/2908/1766 1739/2910/1768
f 1012/2909/1950 1739/2910/1768 1013/2911/1951
f 1013/2911/1951 1739/2910/1768 1738/2912/1770
f 1013/2911/1951 1738/2912/1770 1014/2913/1952
f 1014/2913/1952 1738/2912/1770 1737/2914/1772
f 1014/2913/1952 1737/2914/1772 1015/2915/1953
f 1015/2915/1953 1737/2914/1772 1736/2916/1774
f 1015/2915/1953 1736/2916/1774 1016/2917/1954
f 1016/2917/1954 1736/2916/1774 1735/2918/1776
f 1016/2917/1954 1735/2918/1776 1017/2919/1955
f 1017/2919/1955 1735/2918/1776 1734/2920/1778
f 1017/2919/1955 1734/2920/1778 1018/2921/1956
f 1018/2921/1956 1734/2920/1778 1733/2922/1780
f 1018/2921/1956 1733/2922/1780 1019/2923/1957
f 1019/2923/1957 1733/2922/1780 1732/2924/1782
f 1019/2923/1957 1732/2924/1782 1020/2925/1958
f 1020/2925/1958 1732/2924/1782 1731/2926/1784
f 1020/2925/1958 1731/2926/1784 1021/2927/1959
f 1021/2927/1959 1731/2926/1784 1730/2928/1786
f 1021/2927/1959 1730/2928/1786 1022/2929/1960
f 1022/2929/1960 1730/2928/1786 1729/2930/1788
f 1022/2929/1960 1729/2930/1788 1023/2931/1961
f 1023/2931/1961 1729/2930/1788 1728/2932/1790
f 1023/2931/1961 1728/2932/1790 1024/2933/1962
f 1024/2933/1962 1728/2932/1790 1727/2934/1792
f 1024/2933/1962 1727/2934/1792 1025/2935/1963
f 1025/2935/1963 1727/2934/1792 1726/2936/1794
f 1025/2935/1963 1726/2936/1794 1026/2937/1964
f 1026/2937/1964 1726/2936/1794 1725/2938/1796
f 1026/2937/1964 1725/2938/1796 1027/2939/1965
f 1027/2939/1965 1725/2938/1796 1724/2940/1798
f 1027/2939/1965 1724/2940/1798 1028/2941/1966
f 1028/2941/1966 1724/2940/1798 1723/2942/1800
f 1028/2941/1966 1723/2942/1800 1029/2943/1967
f 1029/2943/1967 1723/2942/1800 1722/2944/1802
f 1029/2943/1967 1722/2944/1802 1030/2945/1968
f 1030/2945/1968 1722/2944/1802 1721/2946/1804
f 1030/2945/1968 1721/2946/1804 1031/2947/1969
f 1031/2947/1969 1721/2946/1804 1720/2948/1806
f 1031/2947/1969 1720/2948/1806 1032/2949/1970
f 1032/2949/1970 1720/2948/1806 1719/2950/1808
f 1032/2949/1970 1719/2950/1808 1033/2951/1971
f 1033/2951/1971 1719/2950/1808 1718/2952/1810
f 1033/2951/1971 1718/2952/1810 1034/2887/1940
f 1034/2887/1940 1718/2952/1810 1717/2888/1748
usemtl Cobre_-_Pulido_1
f 1939/2953/1972 1908/2954/1973 1955/2955/1974
f 1955/2955/1974 1908/2954/1973 1909/2956/1975
f 1955/2955/1974 1909/2956/1975 1954/2957/1976
f 1954/2957/1976 1909/2956/1975 1910/2958/1977
f 1954/2957/1976 1910/2958/1977 1953/2959/1978
f 1953/2959/1978 1910/2958/1977 1911/2960/1979
f 1953/2959/1978 1911/2960/1979 1952/2961/1980
f 1952/2961/1980 1911/2960/1979 1912/2962/1981
f 1952/2961/1980 1912/2962/1981 1951/2963/1982
f 1951/2963/1982 1912/2962/1981 1913/2964/1983
f 1951/2963/1982 1913/2964/1983 1950/2965/1984
f 1950/2965/1984 1913/2964/1983 1914/2966/1985
f 1950/2965/1984 1914/2966/1985 1949/2967/1986
f 1949/2967/1986 1914/2966/1985 1915/2968/1987
f 1949/2967/1986 1915/2968/1987 1948/2969/1988
f 1948/2969/1988 1915/2968/1987 1916/2970/1989
f 1948/2969/1988 1916/2970/1989 1947/2971/1990
f 1947/2971/1990 1916/2970/1989 1917/2972/1991
f 1947/2971/1990 1917/2972/1991 1946/2973/1992
f 1946/2973/1992 1917/2972/1991 1918/2974/1993
f 1946/2973/1992 1918/2974/1993 1945/2975/1994
f 1945/2975/1994 1918/2974/1993 1919/2976/1995
f 1945/2975/1994 1919/2976/1995 1944/2977/1996
f 1944/2977/1996 1919/2976/1995 1920/2978/1997
f 1944/2977/1996 1920/2978/1997 1943/2979/1998
f 1943/2979/1998 1920/2978/1997 1921/2980/1999
f 1943/2979/1998 1921/2980/1999 1942/2981/2000
f 1942/2981/2000 1921/2980/1999 1922/2982/2001
f 1942/2981/2000 1922/2982/2001 1941/2983/2002
f 1941/2983/2002 1922/2982/2001 1923/2984/2003
f 1941/2983/2002 1923/2984/2003 1940/2985/2004
f 1940/2985/2004 1923/2984/2003 1924/2986/2005
f 1940/2985/2004 1924/2986/2005 1925/2987/2006
f 1940/2985/2004 1925/2987/2006 1969/2988/2007
f 1969/2988/2007 1925/2987/2006 1926/2989/2008
f 1969/2988/2007 1926/2989/2008 1968/2990/2009
f 1968/2990/2009 1926/2989/2008 1927/2991/2010
f 1968/2990/2009 1927/2991/2010 1967/2992/2011
f 1967/2992/2011 1927/2991/2010 1928/2993/2012
f 1967/2992/2011 1928/2993/2012 1966/2994/2013
f 1966/2994/2013 1928/2993/2012 1929/2995/2014
f 1966/2994/2013 1929/2995/2014 1965/2996/2015
f 1965/2996/2015 1929/2995/2014 1930/2997/2016
f 1965/2996/2015 1930/2997/2016 1964/2998/2017
f 1964/2998/2017 1930/2997/2016 1931/2999/2018
f 1964/2998/2017 1931/2999/2018 1963/3000/2019
f 1963/3000/2019 1931/2999/2018 1932/3001/2020
f 1963/3000/2019 1932/3001/2020 1962/3002/2021
f 1962/3002/2021 1932/3001/2020 1933/3003/2022
f 1962/3002/2021 1933/3003/2022 1961/3004/2023
f 1961/3004/2023 1933/3003/2022 1934/3005/2024
f 1961/3004/2023 1934/3005/2024 1960/3006/2025
f 1960/3006/2025 1934/3005/2024 1935/3007/2026
f 1960/3006/2025 1935/3007/2026 1959/3008/2027
f 1959/3008/2027 1935/3007/2026 1936/3009/2028
f 1959/3008/2027 1936/3009/2028 1958/3010/2029
f 1958/3010/2029 1936/3009/2028 1937/3011/2030
f 1958/3010/2029 1937/3011/2030 1957/3012/2031
f 1957/3012/2031 1937/3011/2030 1938/3013/2032
f 1957/3012/2031 1938/3013/2032 1956/3014/2033
f 1956/3014/2033 1938/3013/2032 1939/2953/1972
f 1956/3014/2033 1939/2953/1972 1955/2955/1974
f 1002/3015/2034 1909/3016/2035 971/3017/2036
f 971/3017/2036 1909/3016/2035 1908/3018/2037
f 971/3019/2036 1908/3020/2037 972/3021/2038
f 972/3021/2038 1908/3020/2037 1939/3022/2039
f 972/3021/2038 1939/3022/2039 1938/3023/2040
f 1002/3015/2034 1001/3024/2041 1909/3016/2035
f 1909/3016/2035 1001/3024/2041 1910/3025/2042
f 1910/3025/2042 1001/3024/2041 1000/3026/2043
f 1910/3025/2042 1000/3026/2043 1911/3027/2044
f 1911/3027/2044 1000/3026/2043 999/3028/2045
f 1911/3027/2044 999/3028/2045 1912/3029/2046
f 1912/3029/2046 999/3028/2045 998/3030/2047
f 1912/3029/2046 998/3030/2047 1913/3031/2048
f 1913/3031/2048 998/3030/2047 997/3032/2049
f 1913/3031/2048 997/3032/2049 1914/3033/2050
f 1914/3033/2050 997/3032/2049 996/3034/2051
f 1914/3033/2050 996/3034/2051 1915/3035/2052
f 1915/3035/2052 996/3034/2051 995/3036/2053
f 1915/3035/2052 995/3036/2053 1916/3037/2054
f 1916/3037/2054 995/3036/2053 994/3038/2055
f 1916/3037/2054 994/3038/2055 1917/3039/2056
f 1917/3039/2056 994/3038/2055 993/3040/2057
f 1917/3039/2056 993/3040/2057 1918/3041/2058
f 1918/3041/2058 993/3040/2057 992/3042/2059
f 1918/3041/2058 992/3042/2059 1919/3043/2060
f 1919/3043/2060 992/3042/2059 991/3044/2061
f 1919/3043/2060 991/3044/2061 1920/3045/2062
f 1920/3045/2062 991/3044/2061 990/3046/2063
f 1920/3045/2062 990/3046/2063 1921/3047/2064
f 1921/3047/2064 990/3046/2063 989/3048/2065
f 1921/3047/2064 989/3048/2065 1922/3049/2066
f 1922/3049/2066 989/3048/2065 988/3050/2067
f 1922/3049/2066 988/3050/2067 1923/3051/2068
f 1923/3051/2068 988/3050/2067 987/3052/2069
f 1923/3051/2068 987/3052/2069 1924/3053/2070
f 1924/3053/2070 987/3052/2069 986/3054/2071
f 1924/3053/2070 986/3054/2071 1925/3055/2072
f 1925/3055/2072 986/3054/2071 985/3056/2073
f 1925/3055/2072 985/3056/2073 1926/3057/2074
f 1926/3057/2074 985/3056/2073 984/3058/2075
f 1926/3057/2074 984/3058/2075 1927/3059/2076
f 1927/3059/2076 984/3058/2075 983/3060/2077
f 1927/3059/2076 983/3060/2077 1928/3061/2078
f 1928/3061/2078 983/3060/2077 982/3062/2079
f 1928/3061/2078 982/3062/2079 1929/3063/2080
f 1929/3063/2080 982/3062/2079 981/3064/2081
f 1929/3063/2080 981/3064/2081 1930/3065/2082
f 1930/3065/2082 981/3064/2081 980/3066/2083
f 1930/3065/2082 980/3066/2083 1931/3067/2084
f 1931/3067/2084 980/3066/2083 979/3068/2085
f 1931/3067/2084 979/3068/2085 1932/3069/2086
f 1932/3069/2086 979/3068/2085 978/3070/2087
f 1932/3069/2086 978/3070/2087 1933/3071/2088
f 1933/3071/2088 978/3070/2087 977/3072/2089
f 1933/3071/2088 977/3072/2089 1934/3073/2090
f 1934/3073/2090 977/3072/2089 976/3074/2091
f 1934/3073/2090 976/3074/2091 1935/3075/2092
f 1935/3075/2092 976/3074/2091 975/3076/2093
f 1935/3075/2092 975/3076/2093 1936/3077/2094
f 1936/3077/2094 975/3076/2093 974/3078/2095
f 1936/3077/2094 974/3078/2095 1937/3079/2096
f 1937/3079/2096 974/3078/2095 973/3080/2097
f 1937/3079/2096 973/3080/2097 1938/3023/2040
f 1938/3023/2040 973/3080/2097 972/3021/2038
f 2001/3081/2098 1970/3082/2099 2017/3083/2100
f 2017/3083/2100 1970/3082/2099 1971/3084/2101
f 2017/3083/2100 1971/3084/2101 2016/3085/2102
f 2016/3085/2102 1971/3084/2101 1972/3086/2103
f 2016/3085/2102 1972/3086/2103 2015/3087/2104
f 2015/3087/2104 1972/3086/2103 1973/3088/2105
f 2015/3087/2104 1973/3088/2105 2014/3089/2106
f 2014/3089/2106 1973/3088/2105 1974/3090/2107
f 2014/3089/2106 1974/3090/2107 2013/3091/2108
f 2013/3091/2108 1974/3090/2107 1975/3092/2109
f 2013/3091/2108 1975/3092/2109 2012/3093/2110
f 2012/3093/2110 1975/3092/2109 1976/3094/2111
f 2012/3093/2110 1976/3094/2111 2011/3095/2112
f 2011/3095/2112 1976/3094/2111 1977/3096/2113
f 2011/3095/2112 1977/3096/2113 2010/3097/2114
f 2010/3097/2114 1977/3096/2113 1978/3098/2115
f 2010/3097/2114 1978/3098/2115 2009/3099/2116
f 2009/3099/2116 1978/3098/2115 1979/3100/2117
f 2009/3099/2116 1979/3100/2117 2008/3101/2118
f 2008/3101/2118 1979/3100/2117 1980/3102/2119
f 2008/3101/2118 1980/3102/2119 2007/3103/2120
f 2007/3103/2120 1980/3102/2119 1981/3104/2121
f 2007/3103/2120 1981/3104/2121 2006/3105/2122
f 2006/3105/2122 1981/3104/2121 1982/3106/2123
f 2006/3105/2122 1982/3106/2123 2005/3107/2124
f 2005/3107/2124 1982/3106/2123 1983/3108/2125
f 2005/3107/2124 1983/3108/2125 2004/3109/2126
f 2004/3109/2126 1983/3108/2125 1984/3110/2127
f 2004/3109/2126 1984/3110/2127 2003/3111/2128
f 2003/3111/2128 1984/3110/2127 1985/3112/2129
f 2003/3111/2128 1985/3112/2129 2002/3113/2130
f 2002/3113/2130 1985/3112/2129 1986/3114/2131
f 2002/3113/2130 1986/3114/2131 1987/3115/2132
f 2002/3113/2130 1987/3115/2132 2031/3116/2133
f 2031/3116/2133 1987/3115/2132 1988/3117/2134
f 2031/3116/2133 1988/3117/2134 2030/3118/2135
f 2030/3118/2135 1988/3117/2134 1989/3119/2136
f 2030/3118/2135 1989/3119/2136 2029/3120/2137
f 2029/3120/2137 1989/3119/2136 1990/3121/2138
f 2029/3120/2137 1990/3121/2138 2028/3122/2139
f 2028/3122/2139 1990/3121/2138 1991/3123/2140
f 2028/3122/2139 1991/3123/2140 2027/3124/2141
f 2027/3124/2141 1991/3123/2140 1992/3125/2142
f 2027/3124/2141 1992/3125/2142 2026/3126/2143
f 2026/3126/2143 1992/3125/2142 1993/3127/2144
f 2026/3126/2143 1993/3127/2144 2025/3128/2145
f 2025/3128/2145 1993/3127/2144 1994/3129/2146
f 2025/3128/2145 1994/3129/2146 2024/3130/2147
f 2024/3130/2147 1994/3129/2146 1995/3131/2148
f 2024/3130/2147 1995/3131/2148 2023/3132/2149
f 2023/3132/2149 1995/3131/2148 1996/3133/2150
f 2023/3132/2149 1996/3133/2150 2022/3134/2151
f 2022/3134/2151 1996/3133/2150 1997/3135/2152
f 2022/3134/2151 1997/3135/2152 2021/3136/2153
f 2021/3136/2153 1997/3135/2152 1998/3137/2154
f 2021/3136/2153 1998/3137/2154 2020/3138/2155
f 2020/3138/2155 1998/3137/2154 1999/3139/2156
f 2020/3138/2155 1999/3139/2156 2019/3140/2157
f 2019/3140/2157 1999/3139/2156 2000/3141/2158
f 2019/3140/2157 2000/3141/2158 2018/3142/2159
f 2018/3142/2159 2000/3141/2158 2001/3081/2098
f 2018/3142/2159 2001/3081/2098 2017/3083/2100
f 1066/3143/2160 1971/3144/2161 1035/3145/2162
f 1035/3145/2162 1971/3144/2161 1970/3146/2163
f 1035/3147/2162 1970/3148/2163 1036/3149/2164
f 1036/3149/2164 1970/3148/2163 2001/3150/2165
f 1036/3149/2164 2001/3150/2165 2000/3151/2166
f 1066/3143/2160 1065/3152/2167 1971/3144/2161
f 1971/3144/2161 1065/3152/2167 1972/3153/2168
f 1972/3153/2168 1065/3152/2167 1064/3154/2169
f 1972/3153/2168 1064/3154/2169 1973/3155/2170
f 1973/3155/2170 1064/3154/2169 1063/3156/2171
f 1973/3155/2170 1063/3156/2171 1974/3157/2172
f 1974/3157/2172 1063/3156/2171 1062/3158/2173
f 1974/3157/2172 1062/3158/2173 1975/3159/2174
f 1975/3159/2174 1062/3158/2173 1061/3160/2175
f 1975/3159/2174 1061/3160/2175 1976/3161/2176
f 1976/3161/2176 1061/3160/2175 1060/3162/2177
f 1976/3161/2176 1060/3162/2177 1977/3163/2178
f 1977/3163/2178 1060/3162/2177 1059/3164/2179
f 1977/3163/2178 1059/3164/2179 1978/3165/2180
f 1978/3165/2180 1059/3164/2179 1058/3166/2181
f 1978/3165/2180 1058/3166/2181 1979/3167/2182
f 1979/3167/2182 1058/3166/2181 1057/3168/2183
f 1979/3167/2182 1057/3168/2183 1980/3169/2184
f 1980/3169/2184 1057/3168/2183 1056/3170/2185
f 1980/3169/2184 1056/3170/2185 1981/3171/2186
f 1981/3171/2186 1056/3170/2185 1055/3172/2187
f 1981/3171/2186 1055/3172/2187 1982/3173/2188
f 1982/3173/2188 1055/3172/2187 1054/3174/2189
f 1982/3173/2188 1054/3174/2189 1983/3175/2190
f 1983/3175/2190 1054/3174/2189 1053/3176/2191
f 1983/3175/2190 1053/3176/2191 1984/3177/2192
f 1984/3177/2192 1053/3176/2191 1052/3178/2193
f 1984/3177/2192 1052/3178/2193 1985/3179/2194
f 1985/3179/2194 1052/3178/2193 1051/3180/2195
f 1985/3179/2194 1051/3180/2195 1986/3181/2196
f 1986/3181/2196 1051/3180/2195 1050/3182/2197
f 1986/3181/2196 1050/3182/2197 1987/3183/2198
f 1987/3183/2198 1050/3182/2197 1049/3184/2199
f 1987/3183/2198 1049/3184/2199 1988/3185/2200
f 1988/3185/2200 1049/3184/2199 1048/3186/2201
f 1988/3185/2200 1048/3186/2201 1989/3187/2202
f 1989/3187/2202 1048/3186/2201 1047/3188/2203
f 1989/3187/2202 1047/3188/2203 1990/3189/2204
f 1990/3189/2204 1047/3188/2203 1046/3190/2205
f 1990/3189/2204 1046/3190/2205 1991/3191/2206
f 1991/3191/2206 1046/3190/2205 1045/3192/2207
f 1991/3191/2206 1045/3192/2207 1992/3193/2208
f 1992/3193/2208 1045/3192/2207 1044/3194/2209
f 1992/3193/2208 1044/3194/2209 1993/3195/2210
f 1993/3195/2210 1044/3194/2209 1043/3196/2211
f 1993/3195/2210 1043/3196/2211 1994/3197/2212
f 1994/3197/2212 1043/3196/2211 1042/3198/2213
f 1994/3197/2212 1042/3198/2213 1995/3199/2214
f 1995/3199/2214 1042/3198/2213 1041/3200/2215
f 1995/3199/2214 1041/3200/2215 1996/3201/2216
f 1996/3201/2216 1041/3200/2215 1040/3202/2217
f 1996/3201/2216 1040/3202/2217 1997/3203/2218
f 1997/3203/2218 1040/3202/2217 1039/3204/2219
f 1997/3203/2218 1039/3204/2219 1998/3205/2220
f 1998/3205/2220 1039/3204/2219 1038/3206/2221
f 1998/3205/2220 1038/3206/2221 1999/3207/2222
f 1999/3207/2222 1038/3206/2221 1037/3208/2223
f 1999/3207/2222 1037/3208/2223 2000/3151/2166
f 2000/3151/2166 1037/3208/2223 1036/3149/2164
usemtl Cobre_-_Pulido
f 2062/3209/2224 2032/3210/2225 2099/3211/2226
f 2099/3211/2226 2032/3210/2225 2033/3212/2227
f 2099/3211/2226 2033/3212/2227 2152/3213/2228
f 2152/3213/2228 2033/3212/2227 2034/3214/2229
f 2152/3213/2228 2034/3214/2229 2151/3215/2230
f 2151/3215/2230 2034/3214/2229 2150/3216/2231
f 2151/3215/2230 2150/3216/2231 2194/3217/2232
f 2194/3217/2232 2150/3216/2231 2195/3218/2233
f 2194/3217/2232 2195/3218/2233 2189/3219/2234
f 2189/3219/2234 2195/3218/2233 2188/3220/2235
f 2189/3219/2234 2188/3220/2235 2273/3221/2236
f 2273/3221/2236 2188/3220/2235 2274/3222/2237
f 2273/3221/2236 2274/3222/2237 2269/3223/2238
f 2269/3223/2238 2274/3222/2237 2268/3224/2239
f 2269/3223/2238 2268/3224/2239 2777/3225/2240
f 2777/3225/2240 2268/3224/2239 2776/3226/2241
f 2777/3225/2240 2776/3226/2241 2352/3227/2242
f 2352/3227/2242 2776/3226/2241 2353/3228/2243
f 2352/3227/2242 2353/3228/2243 2347/3229/2244
f 2347/3229/2244 2353/3228/2243 2346/3230/2245
f 2347/3229/2244 2346/3230/2245 2430/3231/2246
f 2430/3231/2246 2346/3230/2245 2431/3232/2247
f 2430/3231/2246 2431/3232/2247 2426/3233/2248
f 2426/3233/2248 2431/3232/2247 2425/3234/2249
f 2426/3233/2248 2425/3234/2249 2508/3235/2250
f 2508/3235/2250 2425/3234/2249 2509/3236/2251
f 2508/3235/2250 2509/3236/2251 2504/3237/2252
f 2504/3237/2252 2509/3236/2251 2503/3238/2253
f 2504/3237/2252 2503/3238/2253 2586/3239/2254
f 2586/3239/2254 2503/3238/2253 2587/3240/2255
f 2586/3239/2254 2587/3240/2255 2582/3241/2256
f 2582/3241/2256 2587/3240/2255 2581/3242/2257
f 2582/3241/2256 2581/3242/2257 2664/3243/2258
f 2664/3243/2258 2581/3242/2257 2665/3244/2259
f 2664/3243/2258 2665/3244/2259 2660/3245/2260
f 2660/3245/2260 2665/3244/2259 2659/3246/2261
f 2660/3245/2260 2659/3246/2261 2703/3247/2262
f 2703/3247/2262 2659/3246/2261 2704/3248/2263
f 2703/3247/2262 2704/3248/2263 2097/3249/2264
f 2097/3249/2264 2704/3248/2263 2096/3250/2265
f 2096/3250/2265 2704/3248/2263 2705/3251/2266
f 2096/3250/2265 2705/3251/2266 2706/3252/2267
f 2706/3252/2267 2705/3251/2266 2657/3253/2268
f 2706/3252/2267 2657/3253/2268 2656/3254/2269
f 2656/3254/2269 2657/3253/2268 2668/3255/2270
f 2656/3254/2269 2668/3255/2270 2669/3256/2271
f 2669/3256/2271 2668/3255/2270 2577/3257/2272
f 2669/3256/2271 2577/3257/2272 2576/3258/2273
f 2576/3258/2273 2577/3257/2272 2592/3259/2274
f 2576/3258/2273 2592/3259/2274 2593/3260/2275
f 2593/3260/2275 2592/3259/2274 2497/3261/2276
f 2593/3260/2275 2497/3261/2276 2496/3262/2277
f 2496/3262/2277 2497/3261/2276 2516/3263/2278
f 2496/3262/2277 2516/3263/2278 2517/3264/2279
f 2517/3264/2279 2516/3263/2278 2417/3265/2280
f 2517/3264/2279 2417/3265/2280 2416/3266/2281
f 2416/3266/2281 2417/3265/2280 2440/3267/2282
f 2416/3266/2281 2440/3267/2282 2441/3268/2283
f 2441/3268/2283 2440/3267/2282 2336/3269/2284
f 2441/3268/2283 2336/3269/2284 2335/3270/2285
f 2335/3270/2285 2336/3269/2284 2364/3271/2286
f 2335/3270/2285 2364/3271/2286 2365/3272/2287
f 2365/3272/2287 2364/3271/2286 2764/3273/2288
f 2365/3272/2287 2764/3273/2288 2763/3274/2289
f 2763/3274/2289 2764/3273/2288 2255/3275/2290
f 2763/3274/2289 2255/3275/2290 2254/3276/2291
f 2254/3276/2291 2255/3275/2290 2288/3277/2292
f 2254/3276/2291 2288/3277/2292 2289/3278/2293
f 2289/3278/2293 2288/3277/2292 2173/3279/2294
f 2289/3278/2293 2173/3279/2294 2172/3280/2295
f 2172/3280/2295 2173/3279/2294 2211/3281/2296
f 2172/3280/2295 2211/3281/2296 2212/3282/2297
f 2212/3282/2297 2211/3281/2296 2133/3283/2298
f 2212/3282/2297 2133/3283/2298 2132/3284/2299
f 2132/3284/2299 2133/3283/2298 2047/3285/2300
f 2132/3284/2299 2047/3285/2300 2131/3286/2301
f 2131/3286/2301 2047/3285/2300 2048/3287/2302
f 2131/3286/2301 2048/3287/2302 2130/3288/2303
f 2130/3288/2303 2048/3287/2302 2049/3289/2304
f 2130/3288/2303 2049/3289/2304 2129/3290/2305
f 2129/3290/2305 2049/3289/2304 2050/3291/2306
f 2129/3290/2305 2050/3291/2306 2128/3292/2307
f 2128/3292/2307 2050/3291/2306 2127/3293/2308
f 2128/3292/2307 2127/3293/2308 2217/3294/2309
f 2217/3294/2309 2127/3293/2308 2218/3295/2310
f 2217/3294/2309 2218/3295/2310 2166/3296/2311
f 2166/3296/2311 2218/3295/2310 2165/3297/2312
f 2166/3296/2311 2165/3297/2312 2296/3298/2313
f 2296/3298/2313 2165/3297/2312 2297/3299/2314
f 2296/3298/2313 2297/3299/2314 2246/3300/2315
f 2246/3300/2315 2297/3299/2314 2245/3301/2316
f 2246/3300/2315 2245/3301/2316 2754/3302/2317
f 2754/3302/2317 2245/3301/2316 2753/3303/2318
f 2754/3302/2317 2753/3303/2318 2375/3304/2319
f 2375/3304/2319 2753/3303/2318 2376/3305/2320
f 2375/3304/2319 2376/3305/2320 2324/3306/2321
f 2324/3306/2321 2376/3305/2320 2323/3307/2322
f 2324/3306/2321 2323/3307/2322 2453/3308/2323
f 2453/3308/2323 2323/3307/2322 2454/3309/2324
f 2453/3308/2323 2454/3309/2324 2403/3310/2325
f 2403/3310/2325 2454/3309/2324 2402/3311/2326
f 2403/3310/2325 2402/3311/2326 2531/3312/2327
f 2531/3312/2327 2402/3311/2326 2532/3313/2328
f 2531/3312/2327 2532/3313/2328 2481/3314/2329
f 2481/3314/2329 2532/3313/2328 2480/3315/2330
f 2481/3314/2329 2480/3315/2330 2609/3316/2331
f 2609/3316/2331 2480/3315/2330 2610/3317/2332
f 2609/3316/2331 2610/3317/2332 2559/3318/2333
f 2559/3318/2333 2610/3317/2332 2558/3319/2334
f 2559/3318/2333 2558/3319/2334 2687/3320/2335
f 2687/3320/2335 2558/3319/2334 2688/3321/2336
f 2687/3320/2335 2688/3321/2336 2637/3322/2337
f 2637/3322/2337 2688/3321/2336 2636/3323/2338
f 2637/3322/2337 2636/3323/2338 2726/3324/2339
f 2726/3324/2339 2636/3323/2338 2727/3325/2340
f 2726/3324/2339 2727/3325/2340 2081/3326/2341
f 2081/3326/2341 2727/3325/2340 2080/3327/2342
f 2080/3327/2342 2727/3325/2340 2728/3328/2343
f 2080/3327/2342 2728/3328/2343 2729/3329/2344
f 2729/3329/2344 2728/3328/2343 2634/3330/2345
f 2729/3329/2344 2634/3330/2345 2633/3331/2346
f 2633/3331/2346 2634/3330/2345 2691/3332/2347
f 2633/3331/2346 2691/3332/2347 2692/3333/2348
f 2692/3333/2348 2691/3332/2347 2554/3334/2349
f 2692/3333/2348 2554/3334/2349 2553/3335/2350
f 2553/3335/2350 2554/3334/2349 2615/3336/2351
f 2553/3335/2350 2615/3336/2351 2616/3337/2352
f 2616/3337/2352 2615/3336/2351 2474/3338/2353
f 2616/3337/2352 2474/3338/2353 2473/3339/2354
f 2473/3339/2354 2474/3338/2353 2539/3340/2355
f 2473/3339/2354 2539/3340/2355 2540/3341/2356
f 2540/3341/2356 2539/3340/2355 2394/3342/2357
f 2540/3341/2356 2394/3342/2357 2393/3343/2358
f 2393/3343/2358 2394/3342/2357 2463/3344/2359
f 2393/3343/2358 2463/3344/2359 2464/3345/2360
f 2464/3345/2360 2463/3344/2359 2313/3346/2361
f 2464/3345/2360 2313/3346/2361 2312/3347/2362
f 2312/3347/2362 2313/3346/2361 2387/3348/2363
f 2312/3347/2362 2387/3348/2363 2388/3349/2364
f 2388/3349/2364 2387/3348/2363 2741/3350/2365
f 2388/3349/2364 2741/3350/2365 2104/3351/2366
f 2104/3351/2366 2741/3350/2365 2232/3352/2367
f 2104/3351/2366 2232/3352/2367 2064/3353/2368
f 2064/3353/2368 2232/3352/2367 2063/3354/2369
f 2063/3354/2369 2232/3352/2367 2310/3355/2370
f 2063/3354/2369 2310/3355/2370 2102/3356/2371
f 2102/3356/2371 2310/3355/2370 2309/3357/2372
f 2102/3356/2371 2309/3357/2372 2153/3358/2373
f 2153/3358/2373 2309/3357/2372 2308/3359/2374
f 2153/3358/2373 2308/3359/2374 2154/3360/2375
f 2154/3360/2375 2308/3359/2374 2307/3361/2376
f 2154/3360/2375 2307/3361/2376 2155/3362/2377
f 2155/3362/2377 2307/3361/2376 2306/3363/2378
f 2155/3362/2377 2306/3363/2378 2156/3364/2379
f 2156/3364/2379 2306/3363/2378 2305/3365/2380
f 2156/3364/2379 2305/3365/2380 2157/3366/2381
f 2157/3366/2381 2305/3365/2380 2304/3367/2382
f 2157/3366/2381 2304/3367/2382 2158/3368/2383
f 2158/3368/2383 2304/3367/2382 2303/3369/2384
f 2158/3368/2383 2303/3369/2384 2159/3370/2385
f 2159/3370/2385 2303/3369/2384 2302/3371/2386
f 2159/3370/2385 2302/3371/2386 2160/3372/2387
f 2160/3372/2387 2302/3371/2386 2301/3373/2388
f 2160/3372/2387 2301/3373/2388 2161/3374/2389
f 2161/3374/2389 2301/3373/2388 2300/3375/2390
f 2161/3374/2389 2300/3375/2390 2162/3376/2391
f 2162/3376/2391 2300/3375/2390 2299/3377/2392
f 2162/3376/2391 2299/3377/2392 2163/3378/2393
f 2163/3378/2393 2299/3377/2392 2298/3379/2394
f 2163/3378/2393 2298/3379/2394 2164/3380/2395
f 2164/3380/2395 2298/3379/2394 2297/3299/2314
f 2164/3380/2395 2297/3299/2314 2165/3297/2312
f 2034/3214/2229 2035/3381/2396 2150/3216/2231
f 2150/3216/2231 2035/3381/2396 2149/3382/2397
f 2150/3216/2231 2149/3382/2397 2195/3218/2233
f 2195/3218/2233 2149/3382/2397 2196/3383/2398
f 2195/3218/2233 2196/3383/2398 2188/3220/2235
f 2188/3220/2235 2196/3383/2398 2187/3384/2399
f 2188/3220/2235 2187/3384/2399 2274/3222/2237
f 2274/3222/2237 2187/3384/2399 2275/3385/2400
f 2274/3222/2237 2275/3385/2400 2268/3224/2239
f 2268/3224/2239 2275/3385/2400 2267/3386/2401
f 2268/3224/2239 2267/3386/2401 2776/3226/2241
f 2776/3226/2241 2267/3386/2401 2775/3387/2402
f 2776/3226/2241 2775/3387/2402 2353/3228/2243
f 2353/3228/2243 2775/3387/2402 2354/3388/2403
f 2353/3228/2243 2354/3388/2403 2346/3230/2245
f 2346/3230/2245 2354/3388/2403 2345/3389/2404
f 2346/3230/2245 2345/3389/2404 2431/3232/2247
f 2431/3232/2247 2345/3389/2404 2432/3390/2405
f 2431/3232/2247 2432/3390/2405 2425/3234/2249
f 2425/3234/2249 2432/3390/2405 2424/3391/2406
f 2425/3234/2249 2424/3391/2406 2509/3236/2251
f 2509/3236/2251 2424/3391/2406 2510/3392/2407
f 2509/3236/2251 2510/3392/2407 2503/3238/2253
f 2503/3238/2253 2510/3392/2407 2502/3393/2408
f 2503/3238/2253 2502/3393/2408 2587/3240/2255
f 2587/3240/2255 2502/3393/2408 2588/3394/2409
f 2587/3240/2255 2588/3394/2409 2581/3242/2257
f 2581/3242/2257 2588/3394/2409 2580/3395/2410
f 2581/3242/2257 2580/3395/2410 2665/3244/2259
f 2665/3244/2259 2580/3395/2410 2666/3396/2411
f 2665/3244/2259 2666/3396/2411 2659/3246/2261
f 2659/3246/2261 2666/3396/2411 2658/3397/2412
f 2659/3246/2261 2658/3397/2412 2704/3248/2263
f 2704/3248/2263 2658/3397/2412 2705/3251/2266
f 2149/3382/2397 2035/3381/2396 2148/3398/2413
f 2148/3398/2413 2035/3381/2396 2036/3399/2414
f 2148/3398/2413 2036/3399/2414 2147/3400/2415
f 2147/3400/2415 2036/3399/2414 2037/3401/2416
f 2147/3400/2415 2037/3401/2416 2146/3402/2417
f 2146/3402/2417 2037/3401/2416 2038/3403/2418
f 2146/3402/2417 2038/3403/2418 2145/3404/2419
f 2145/3404/2419 2038/3403/2418 2039/3405/2420
f 2145/3404/2419 2039/3405/2420 2144/3406/2421
f 2144/3406/2421 2039/3405/2420 2040/3407/2422
f 2144/3406/2421 2040/3407/2422 2143/3408/2423
f 2143/3408/2423 2040/3407/2422 2041/3409/2424
f 2143/3408/2423 2041/3409/2424 2142/3410/2425
f 2142/3410/2425 2041/3409/2424 2141/3411/2426
f 2142/3410/2425 2141/3411/2426 2203/3412/2427
f 2203/3412/2427 2141/3411/2426 2204/3413/2428
f 2203/3412/2427 2204/3413/2428 2180/3414/2429
f 2180/3414/2429 2204/3413/2428 2179/3415/2430
f 2180/3414/2429 2179/3415/2430 2282/3416/2431
f 2282/3416/2431 2179/3415/2430 2283/3417/2432
f 2282/3416/2431 2283/3417/2432 2260/3418/2433
f 2260/3418/2433 2283/3417/2432 2259/3419/2434
f 2260/3418/2433 2259/3419/2434 2768/3420/2435
f 2768/3420/2435 2259/3419/2434 2767/3421/2436
f 2768/3420/2435 2767/3421/2436 2361/3422/2437
f 2361/3422/2437 2767/3421/2436 2362/3423/2438
f 2361/3422/2437 2362/3423/2438 2338/3424/2439
f 2338/3424/2439 2362/3423/2438 2337/3425/2440
f 2338/3424/2439 2337/3425/2440 2439/3426/2441
f 2439/3426/2441 2337/3425/2440 2440/3267/2282
f 2439/3426/2441 2440/3267/2282 2417/3265/2280
f 2041/3409/2424 2042/3427/2442 2141/3411/2426
f 2141/3411/2426 2042/3427/2442 2140/3428/2443
f 2141/3411/2426 2140/3428/2443 2204/3413/2428
f 2204/3413/2428 2140/3428/2443 2205/3429/2444
f 2204/3413/2428 2205/3429/2444 2179/3415/2430
f 2179/3415/2430 2205/3429/2444 2178/3430/2445
f 2179/3415/2430 2178/3430/2445 2283/3417/2432
f 2283/3417/2432 2178/3430/2445 2284/3431/2446
f 2283/3417/2432 2284/3431/2446 2259/3419/2434
f 2259/3419/2434 2284/3431/2446 2258/3432/2447
f 2259/3419/2434 2258/3432/2447 2767/3421/2436
f 2767/3421/2436 2258/3432/2447 2766/3433/2448
f 2767/3421/2436 2766/3433/2448 2362/3423/2438
f 2362/3423/2438 2766/3433/2448 2363/3434/2449
f 2362/3423/2438 2363/3434/2449 2337/3425/2440
f 2337/3425/2440 2363/3434/2449 2336/3269/2284
f 2337/3425/2440 2336/3269/2284 2440/3267/2282
f 2042/3427/2442 2043/3435/2450 2140/3428/2443
f 2140/3428/2443 2043/3435/2450 2139/3436/2451
f 2140/3428/2443 2139/3436/2451 2205/3429/2444
f 2205/3429/2444 2139/3436/2451 2206/3437/2452
f 2205/3429/2444 2206/3437/2452 2178/3430/2445
f 2178/3430/2445 2206/3437/2452 2177/3438/2453
f 2178/3430/2445 2177/3438/2453 2284/3431/2446
f 2284/3431/2446 2177/3438/2453 2285/3439/2454
f 2284/3431/2446 2285/3439/2454 2258/3432/2447
f 2258/3432/2447 2285/3439/2454 2257/3440/2455
f 2258/3432/2447 2257/3440/2455 2766/3433/2448
f 2766/3433/2448 2257/3440/2455 2765/3441/2456
f 2766/3433/2448 2765/3441/2456 2363/3434/2449
f 2363/3434/2449 2765/3441/2456 2364/3271/2286
f 2363/3434/2449 2364/3271/2286 2336/3269/2284
f 2043/3435/2450 2044/3442/2457 2139/3436/2451
f 2139/3436/2451 2044/3442/2457 2138/3443/2458
f 2139/3436/2451 2138/3443/2458 2206/3437/2452
f 2206/3437/2452 2138/3443/2458 2207/3444/2459
f 2206/3437/2452 2207/3444/2459 2177/3438/2453
f 2177/3438/2453 2207/3444/2459 2176/3445/2460
f 2177/3438/2453 2176/3445/2460 2285/3439/2454
f 2285/3439/2454 2176/3445/2460 2286/3446/2461
f 2285/3439/2454 2286/3446/2461 2257/3440/2455
f 2257/3440/2455 2286/3446/2461 2256/3447/2462
f 2257/3440/2455 2256/3447/2462 2765/3441/2456
f 2765/3441/2456 2256/3447/2462 2764/3273/2288
f 2765/3441/2456 2764/3273/2288 2364/3271/2286
f 2138/3443/2458 2044/3442/2457 2137/3448/2463
f 2137/3448/2463 2044/3442/2457 2045/3449/2464
f 2137/3448/2463 2045/3449/2464 2136/3450/2465
f 2136/3450/2465 2045/3449/2464 2135/3451/2466
f 2136/3450/2465 2135/3451/2466 2209/3452/2467
f 2209/3452/2467 2135/3451/2466 2210/3453/2468
f 2209/3452/2467 2210/3453/2468 2174/3454/2469
f 2174/3454/2469 2210/3453/2468 2173/3279/2294
f 2174/3454/2469 2173/3279/2294 2288/3277/2292
f 2045/3449/2464 2046/3455/2470 2135/3451/2466
f 2135/3451/2466 2046/3455/2470 2134/3456/2471
f 2135/3451/2466 2134/3456/2471 2210/3453/2468
f 2210/3453/2468 2134/3456/2471 2211/3281/2296
f 2210/3453/2468 2211/3281/2296 2173/3279/2294
f 2134/3456/2471 2046/3455/2470 2133/3283/2298
f 2133/3283/2298 2046/3455/2470 2047/3285/2300
f 2050/3291/2306 2051/3457/2472 2127/3293/2308
f 2127/3293/2308 2051/3457/2472 2126/3458/2473
f 2127/3293/2308 2126/3458/2473 2218/3295/2310
f 2218/3295/2310 2126/3458/2473 2219/3459/2474
f 2218/3295/2310 2219/3459/2474 2165/3297/2312
f 2165/3297/2312 2219/3459/2474 2164/3380/2395
f 2126/3458/2473 2051/3457/2472 2125/3460/2475
f 2125/3460/2475 2051/3457/2472 2052/3461/2476
f 2125/3460/2475 2052/3461/2476 2124/3462/2477
f 2124/3462/2477 2052/3461/2476 2123/3463/2478
f 2124/3462/2477 2123/3463/2478 2221/3464/2479
f 2221/3464/2479 2123/3463/2478 2222/3465/2480
f 2221/3464/2479 2222/3465/2480 2162/3376/2391
f 2162/3376/2391 2222/3465/2480 2161/3374/2389
f 2052/3461/2476 2053/3466/2481 2123/3463/2478
f 2123/3463/2478 2053/3466/2481 2122/3467/2482
f 2123/3463/2478 2122/3467/2482 2222/3465/2480
f 2222/3465/2480 2122/3467/2482 2223/3468/2483
f 2222/3465/2480 2223/3468/2483 2161/3374/2389
f 2161/3374/2389 2223/3468/2483 2160/3372/2387
f 2053/3466/2481 2054/3469/2484 2122/3467/2482
f 2122/3467/2482 2054/3469/2484 2121/3470/2485
f 2122/3467/2482 2121/3470/2485 2223/3468/2483
f 2223/3468/2483 2121/3470/2485 2224/3471/2486
f 2223/3468/2483 2224/3471/2486 2160/3372/2387
f 2160/3372/2387 2224/3471/2486 2159/3370/2385
f 2054/3469/2484 2055/3472/2487 2121/3470/2485
f 2121/3470/2485 2055/3472/2487 2120/3473/2488
f 2121/3470/2485 2120/3473/2488 2224/3471/2486
f 2224/3471/2486 2120/3473/2488 2225/3474/2489
f 2224/3471/2486 2225/3474/2489 2159/3370/2385
f 2159/3370/2385 2225/3474/2489 2158/3368/2383
f 2055/3472/2487 2056/3475/2490 2120/3473/2488
f 2120/3473/2488 2056/3475/2490 2119/3476/2491
f 2120/3473/2488 2119/3476/2491 2225/3474/2489
f 2225/3474/2489 2119/3476/2491 2226/3477/2492
f 2225/3474/2489 2226/3477/2492 2158/3368/2383
f 2158/3368/2383 2226/3477/2492 2157/3366/2381
f 2056/3475/2490 2057/3478/2493 2119/3476/2491
f 2119/3476/2491 2057/3478/2493 2118/3479/2494
f 2119/3476/2491 2118/3479/2494 2226/3477/2492
f 2226/3477/2492 2118/3479/2494 2227/3480/2495
f 2226/3477/2492 2227/3480/2495 2157/3366/2381
f 2157/3366/2381 2227/3480/2495 2156/3364/2379
f 2057/3478/2493 2058/3481/2496 2118/3479/2494
f 2118/3479/2494 2058/3481/2496 2117/3482/2497
f 2118/3479/2494 2117/3482/2497 2227/3480/2495
f 2227/3480/2495 2117/3482/2497 2228/3483/2498
f 2227/3480/2495 2228/3483/2498 2156/3364/2379
f 2156/3364/2379 2228/3483/2498 2155/3362/2377
f 2058/3481/2496 2059/3484/2499 2117/3482/2497
f 2117/3482/2497 2059/3484/2499 2116/3485/2500
f 2117/3482/2497 2116/3485/2500 2228/3483/2498
f 2228/3483/2498 2116/3485/2500 2229/3486/2501
f 2228/3483/2498 2229/3486/2501 2155/3362/2377
f 2155/3362/2377 2229/3486/2501 2154/3360/2375
f 2059/3484/2499 2060/3487/2502 2116/3485/2500
f 2116/3485/2500 2060/3487/2502 2115/3488/2503
f 2116/3485/2500 2115/3488/2503 2229/3486/2501
f 2229/3486/2501 2115/3488/2503 2230/3489/2504
f 2229/3486/2501 2230/3489/2504 2154/3360/2375
f 2154/3360/2375 2230/3489/2504 2153/3358/2373
f 2060/3487/2502 2061/3490/2505 2115/3488/2503
f 2115/3488/2503 2061/3490/2505 2100/3491/2506
f 2115/3488/2503 2100/3491/2506 2230/3489/2504
f 2230/3489/2504 2100/3491/2506 2231/3492/2507
f 2230/3489/2504 2231/3492/2507 2153/3358/2373
f 2153/3358/2373 2231/3492/2507 2102/3356/2371
f 2061/3490/2505 2032/3493/2225 2100/3491/2506
f 2100/3491/2506 2032/3493/2225 2062/3494/2224
f 2100/3491/2506 2062/3494/2224 2231/3492/2507
f 2231/3492/2507 2062/3494/2224 2102/3356/2371
f 2062/3494/2224 2063/3354/2369 2102/3356/2371
f 2065/3495/2508 2106/3496/2509 2064/3353/2368
f 2064/3353/2368 2106/3496/2509 2389/3497/2510
f 2064/3353/2368 2389/3497/2510 2104/3351/2366
f 2104/3351/2366 2389/3497/2510 2388/3349/2364
f 2066/3498/2511 2108/3499/2512 2065/3495/2508
f 2065/3495/2508 2108/3499/2512 2467/3500/2513
f 2065/3495/2508 2467/3500/2513 2106/3496/2509
f 2106/3496/2509 2467/3500/2513 2466/3501/2514
f 2106/3496/2509 2466/3501/2514 2311/3502/2515
f 2311/3502/2515 2466/3501/2514 2465/3503/2516
f 2311/3502/2515 2465/3503/2516 2312/3347/2362
f 2312/3347/2362 2465/3503/2516 2464/3345/2360
f 2067/3504/2517 2110/3505/2518 2066/3498/2511
f 2066/3498/2511 2110/3505/2518 2545/3506/2519
f 2066/3498/2511 2545/3506/2519 2108/3499/2512
f 2108/3499/2512 2545/3506/2519 2544/3507/2520
f 2108/3499/2512 2544/3507/2520 2390/3508/2521
f 2390/3508/2521 2544/3507/2520 2543/3509/2522
f 2390/3508/2521 2543/3509/2522 2391/3510/2523
f 2391/3510/2523 2543/3509/2522 2542/3511/2524
f 2391/3510/2523 2542/3511/2524 2392/3512/2525
f 2392/3512/2525 2542/3511/2524 2541/3513/2526
f 2392/3512/2525 2541/3513/2526 2393/3343/2358
f 2393/3343/2358 2541/3513/2526 2540/3341/2356
f 2068/3514/2527 2112/3515/2528 2067/3504/2517
f 2067/3504/2517 2112/3515/2528 2623/3516/2529
f 2067/3504/2517 2623/3516/2529 2110/3505/2518
f 2110/3505/2518 2623/3516/2529 2622/3517/2530
f 2110/3505/2518 2622/3517/2530 2468/3518/2531
f 2468/3518/2531 2622/3517/2530 2621/3519/2532
f 2468/3518/2531 2621/3519/2532 2469/3520/2533
f 2469/3520/2533 2621/3519/2532 2620/3521/2534
f 2469/3520/2533 2620/3521/2534 2470/3522/2535
f 2470/3522/2535 2620/3521/2534 2619/3523/2536
f 2470/3522/2535 2619/3523/2536 2471/3524/2537
f 2471/3524/2537 2619/3523/2536 2618/3525/2538
f 2471/3524/2537 2618/3525/2538 2472/3526/2539
f 2472/3526/2539 2618/3525/2538 2617/3527/2540
f 2472/3526/2539 2617/3527/2540 2473/3339/2354
f 2473/3339/2354 2617/3527/2540 2616/3337/2352
f 2069/3528/2541 2114/3529/2542 2068/3514/2527
f 2068/3514/2527 2114/3529/2542 2701/3530/2543
f 2068/3514/2527 2701/3530/2543 2112/3515/2528
f 2112/3515/2528 2701/3530/2543 2700/3531/2544
f 2112/3515/2528 2700/3531/2544 2546/3532/2545
f 2546/3532/2545 2700/3531/2544 2699/3533/2546
f 2546/3532/2545 2699/3533/2546 2547/3534/2547
f 2547/3534/2547 2699/3533/2546 2698/3535/2548
f 2547/3534/2547 2698/3535/2548 2548/3536/2549
f 2548/3536/2549 2698/3535/2548 2697/3537/2550
f 2548/3536/2549 2697/3537/2550 2549/3538/2551
f 2549/3538/2551 2697/3537/2550 2696/3539/2552
f 2549/3538/2551 2696/3539/2552 2550/3540/2553
f 2550/3540/2553 2696/3539/2552 2695/3541/2554
f 2550/3540/2553 2695/3541/2554 2551/3542/2555
f 2551/3542/2555 2695/3541/2554 2694/3543/2556
f 2551/3542/2555 2694/3543/2556 2552/3544/2557
f 2552/3544/2557 2694/3543/2556 2693/3545/2558
f 2552/3544/2557 2693/3545/2558 2553/3335/2350
f 2553/3335/2350 2693/3545/2558 2692/3333/2348
f 2114/3529/2542 2069/3528/2541 2740/3546/2559
f 2740/3546/2559 2069/3528/2541 2070/3547/2560
f 2740/3546/2559 2070/3547/2560 2739/3548/2561
f 2739/3548/2561 2070/3547/2560 2071/3549/2562
f 2739/3548/2561 2071/3549/2562 2738/3550/2563
f 2738/3550/2563 2071/3549/2562 2072/3551/2564
f 2738/3550/2563 2072/3551/2564 2737/3552/2565
f 2737/3552/2565 2072/3551/2564 2073/3553/2566
f 2737/3552/2565 2073/3553/2566 2736/3554/2567
f 2736/3554/2567 2073/3553/2566 2074/3555/2568
f 2736/3554/2567 2074/3555/2568 2735/3556/2569
f 2735/3556/2569 2074/3555/2568 2075/3557/2570
f 2735/3556/2569 2075/3557/2570 2734/3558/2571
f 2734/3558/2571 2075/3557/2570 2076/3559/2572
f 2734/3558/2571 2076/3559/2572 2733/3560/2573
f 2733/3560/2573 2076/3559/2572 2077/3561/2574
f 2733/3560/2573 2077/3561/2574 2732/3562/2575
f 2732/3562/2575 2077/3561/2574 2078/3563/2576
f 2732/3562/2575 2078/3563/2576 2731/3564/2577
f 2731/3564/2577 2078/3563/2576 2079/3565/2578
f 2731/3564/2577 2079/3565/2578 2730/3566/2579
f 2730/3566/2579 2079/3565/2578 2729/3329/2344
f 2730/3566/2579 2729/3329/2344 2633/3331/2346
f 2079/3565/2578 2080/3327/2342 2729/3329/2344
f 2726/3324/2339 2081/3326/2341 2725/3567/2580
f 2725/3567/2580 2081/3326/2341 2082/3568/2581
f 2725/3567/2580 2082/3568/2581 2724/3569/2582
f 2724/3569/2582 2082/3568/2581 2083/3570/2583
f 2724/3569/2582 2083/3570/2583 2723/3571/2584
f 2723/3571/2584 2083/3570/2583 2084/3572/2585
f 2723/3571/2584 2084/3572/2585 2722/3573/2586
f 2722/3573/2586 2084/3572/2585 2721/3574/2587
f 2722/3573/2586 2721/3574/2587 2641/3575/2588
f 2641/3575/2588 2721/3574/2587 2642/3576/2589
f 2641/3575/2588 2642/3576/2589 2683/3577/2590
f 2683/3577/2590 2642/3576/2589 2682/3578/2591
f 2683/3577/2590 2682/3578/2591 2563/3579/2592
f 2563/3579/2592 2682/3578/2591 2564/3580/2593
f 2563/3579/2592 2564/3580/2593 2605/3581/2594
f 2605/3581/2594 2564/3580/2593 2604/3582/2595
f 2605/3581/2594 2604/3582/2595 2485/3583/2596
f 2485/3583/2596 2604/3582/2595 2486/3584/2597
f 2485/3583/2596 2486/3584/2597 2527/3585/2598
f 2527/3585/2598 2486/3584/2597 2526/3586/2599
f 2527/3585/2598 2526/3586/2599 2407/3587/2600
f 2407/3587/2600 2526/3586/2599 2408/3588/2601
f 2407/3587/2600 2408/3588/2601 2449/3589/2602
f 2449/3589/2602 2408/3588/2601 2448/3590/2603
f 2449/3589/2602 2448/3590/2603 2328/3591/2604
f 2328/3591/2604 2448/3590/2603 2329/3592/2605
f 2328/3591/2604 2329/3592/2605 2371/3593/2606
f 2371/3593/2606 2329/3592/2605 2370/3594/2607
f 2371/3593/2606 2370/3594/2607 2758/3595/2608
f 2758/3595/2608 2370/3594/2607 2759/3596/2609
f 2758/3595/2608 2759/3596/2609 2250/3597/2610
f 2250/3597/2610 2759/3596/2609 2251/3598/2611
f 2250/3597/2610 2251/3598/2611 2292/3599/2612
f 2292/3599/2612 2251/3598/2611 2291/3600/2613
f 2292/3599/2612 2291/3600/2613 2170/3601/2614
f 2170/3601/2614 2291/3600/2613 2171/3602/2615
f 2170/3601/2614 2171/3602/2615 2213/3603/2616
f 2213/3603/2616 2171/3602/2615 2212/3282/2297
f 2213/3603/2616 2212/3282/2297 2132/3284/2299
f 2084/3572/2585 2085/3604/2617 2721/3574/2587
f 2721/3574/2587 2085/3604/2617 2720/3605/2618
f 2721/3574/2587 2720/3605/2618 2642/3576/2589
f 2642/3576/2589 2720/3605/2618 2643/3606/2619
f 2642/3576/2589 2643/3606/2619 2682/3578/2591
f 2682/3578/2591 2643/3606/2619 2681/3607/2620
f 2682/3578/2591 2681/3607/2620 2564/3580/2593
f 2564/3580/2593 2681/3607/2620 2565/3608/2621
f 2564/3580/2593 2565/3608/2621 2604/3582/2595
f 2604/3582/2595 2565/3608/2621 2603/3609/2622
f 2604/3582/2595 2603/3609/2622 2486/3584/2597
f 2486/3584/2597 2603/3609/2622 2487/3610/2623
f 2486/3584/2597 2487/3610/2623 2526/3586/2599
f 2526/3586/2599 2487/3610/2623 2525/3611/2624
f 2526/3586/2599 2525/3611/2624 2408/3588/2601
f 2408/3588/2601 2525/3611/2624 2409/3612/2625
f 2408/3588/2601 2409/3612/2625 2448/3590/2603
f 2448/3590/2603 2409/3612/2625 2447/3613/2626
f 2448/3590/2603 2447/3613/2626 2329/3592/2605
f 2329/3592/2605 2447/3613/2626 2330/3614/2627
f 2329/3592/2605 2330/3614/2627 2370/3594/2607
f 2370/3594/2607 2330/3614/2627 2369/3615/2628
f 2370/3594/2607 2369/3615/2628 2759/3596/2609
f 2759/3596/2609 2369/3615/2628 2760/3616/2629
f 2759/3596/2609 2760/3616/2629 2251/3598/2611
f 2251/3598/2611 2760/3616/2629 2252/3617/2630
f 2251/3598/2611 2252/3617/2630 2291/3600/2613
f 2291/3600/2613 2252/3617/2630 2290/3618/2631
f 2291/3600/2613 2290/3618/2631 2171/3602/2615
f 2171/3602/2615 2290/3618/2631 2172/3280/2295
f 2171/3602/2615 2172/3280/2295 2212/3282/2297
f 2720/3605/2618 2085/3604/2617 2719/3619/2632
f 2719/3619/2632 2085/3604/2617 2086/3620/2633
f 2719/3619/2632 2086/3620/2633 2718/3621/2634
f 2718/3621/2634 2086/3620/2633 2717/3622/2635
f 2718/3621/2634 2717/3622/2635 2645/3623/2636
f 2645/3623/2636 2717/3622/2635 2646/3624/2637
f 2645/3623/2636 2646/3624/2637 2679/3625/2638
f 2679/3625/2638 2646/3624/2637 2678/3626/2639
f 2679/3625/2638 2678/3626/2639 2567/3627/2640
f 2567/3627/2640 2678/3626/2639 2568/3628/2641
f 2567/3627/2640 2568/3628/2641 2601/3629/2642
f 2601/3629/2642 2568/3628/2641 2600/3630/2643
f 2601/3629/2642 2600/3630/2643 2489/3631/2644
f 2489/3631/2644 2600/3630/2643 2490/3632/2645
f 2489/3631/2644 2490/3632/2645 2523/3633/2646
f 2523/3633/2646 2490/3632/2645 2522/3634/2647
f 2523/3633/2646 2522/3634/2647 2411/3635/2648
f 2411/3635/2648 2522/3634/2647 2412/3636/2649
f 2411/3635/2648 2412/3636/2649 2445/3637/2650
f 2445/3637/2650 2412/3636/2649 2444/3638/2651
f 2445/3637/2650 2444/3638/2651 2332/3639/2652
f 2332/3639/2652 2444/3638/2651 2333/3640/2653
f 2332/3639/2652 2333/3640/2653 2367/3641/2654
f 2367/3641/2654 2333/3640/2653 2366/3642/2655
f 2367/3641/2654 2366/3642/2655 2762/3643/2656
f 2762/3643/2656 2366/3642/2655 2763/3274/2289
f 2762/3643/2656 2763/3274/2289 2254/3276/2291
f 2086/3620/2633 2087/3644/2657 2717/3622/2635
f 2717/3622/2635 2087/3644/2657 2716/3645/2658
f 2717/3622/2635 2716/3645/2658 2646/3624/2637
f 2646/3624/2637 2716/3645/2658 2647/3646/2659
f 2646/3624/2637 2647/3646/2659 2678/3626/2639
f 2678/3626/2639 2647/3646/2659 2677/3647/2660
f 2678/3626/2639 2677/3647/2660 2568/3628/2641
f 2568/3628/2641 2677/3647/2660 2569/3648/2661
f 2568/3628/2641 2569/3648/2661 2600/3630/2643
f 2600/3630/2643 2569/3648/2661 2599/3649/2662
f 2600/3630/2643 2599/3649/2662 2490/3632/2645
f 2490/3632/2645 2599/3649/2662 2491/3650/2663
f 2490/3632/2645 2491/3650/2663 2522/3634/2647
f 2522/3634/2647 2491/3650/2663 2521/3651/2664
f 2522/3634/2647 2521/3651/2664 2412/3636/2649
f 2412/3636/2649 2521/3651/2664 2413/3652/2665
f 2412/3636/2649 2413/3652/2665 2444/3638/2651
f 2444/3638/2651 2413/3652/2665 2443/3653/2666
f 2444/3638/2651 2443/3653/2666 2333/3640/2653
f 2333/3640/2653 2443/3653/2666 2334/3654/2667
f 2333/3640/2653 2334/3654/2667 2366/3642/2655
f 2366/3642/2655 2334/3654/2667 2365/3272/2287
f 2366/3642/2655 2365/3272/2287 2763/3274/2289
f 2716/3645/2658 2087/3644/2657 2715/3655/2668
f 2715/3655/2668 2087/3644/2657 2088/3656/2669
f 2715/3655/2668 2088/3656/2669 2714/3657/2670
f 2714/3657/2670 2088/3656/2669 2089/3658/2671
f 2714/3657/2670 2089/3658/2671 2713/3659/2672
f 2713/3659/2672 2089/3658/2671 2090/3660/2673
f 2713/3659/2672 2090/3660/2673 2712/3661/2674
f 2712/3661/2674 2090/3660/2673 2711/3662/2675
f 2712/3661/2674 2711/3662/2675 2651/3663/2676
f 2651/3663/2676 2711/3662/2675 2652/3664/2677
f 2651/3663/2676 2652/3664/2677 2673/3665/2678
f 2673/3665/2678 2652/3664/2677 2672/3666/2679
f 2673/3665/2678 2672/3666/2679 2573/3667/2680
f 2573/3667/2680 2672/3666/2679 2574/3668/2681
f 2573/3667/2680 2574/3668/2681 2595/3669/2682
f 2595/3669/2682 2574/3668/2681 2594/3670/2683
f 2595/3669/2682 2594/3670/2683 2495/3671/2684
f 2495/3671/2684 2594/3670/2683 2496/3262/2277
f 2495/3671/2684 2496/3262/2277 2517/3264/2279
f 2090/3660/2673 2091/3672/2685 2711/3662/2675
f 2711/3662/2675 2091/3672/2685 2710/3673/2686
f 2711/3662/2675 2710/3673/2686 2652/3664/2677
f 2652/3664/2677 2710/3673/2686 2653/3674/2687
f 2652/3664/2677 2653/3674/2687 2672/3666/2679
f 2672/3666/2679 2653/3674/2687 2671/3675/2688
f 2672/3666/2679 2671/3675/2688 2574/3668/2681
f 2574/3668/2681 2671/3675/2688 2575/3676/2689
f 2574/3668/2681 2575/3676/2689 2594/3670/2683
f 2594/3670/2683 2575/3676/2689 2593/3260/2275
f 2594/3670/2683 2593/3260/2275 2496/3262/2277
f 2091/3672/2685 2092/3677/2690 2710/3673/2686
f 2710/3673/2686 2092/3677/2690 2709/3678/2691
f 2710/3673/2686 2709/3678/2691 2653/3674/2687
f 2653/3674/2687 2709/3678/2691 2654/3679/2692
f 2653/3674/2687 2654/3679/2692 2671/3675/2688
f 2671/3675/2688 2654/3679/2692 2670/3680/2693
f 2671/3675/2688 2670/3680/2693 2575/3676/2689
f 2575/3676/2689 2670/3680/2693 2576/3258/2273
f 2575/3676/2689 2576/3258/2273 2593/3260/2275
f 2092/3677/2690 2093/3681/2694 2709/3678/2691
f 2709/3678/2691 2093/3681/2694 2708/3682/2695
f 2709/3678/2691 2708/3682/2695 2654/3679/2692
f 2654/3679/2692 2708/3682/2695 2655/3683/2696
f 2654/3679/2692 2655/3683/2696 2670/3680/2693
f 2670/3680/2693 2655/3683/2696 2669/3256/2271
f 2670/3680/2693 2669/3256/2271 2576/3258/2273
f 2093/3681/2694 2094/3684/2697 2708/3682/2695
f 2708/3682/2695 2094/3684/2697 2707/3685/2698
f 2708/3682/2695 2707/3685/2698 2655/3683/2696
f 2655/3683/2696 2707/3685/2698 2656/3254/2269
f 2655/3683/2696 2656/3254/2269 2669/3256/2271
f 2094/3684/2697 2095/3686/2699 2707/3685/2698
f 2707/3685/2698 2095/3686/2699 2706/3252/2267
f 2707/3685/2698 2706/3252/2267 2656/3254/2269
f 2095/3686/2699 2096/3250/2265 2706/3252/2267
f 2703/3247/2262 2097/3249/2264 2702/3687/2700
f 2702/3687/2700 2097/3249/2264 2098/3688/2701
f 2702/3687/2700 2098/3688/2701 2113/3689/2702
f 2113/3689/2702 2098/3688/2701 2069/3690/2541
f 2113/3689/2702 2069/3690/2541 2068/3691/2527
f 2067/3692/2517 2111/3693/2703 2068/3691/2527
f 2068/3691/2527 2111/3693/2703 2662/3694/2704
f 2068/3691/2527 2662/3694/2704 2113/3689/2702
f 2113/3689/2702 2662/3694/2704 2661/3695/2705
f 2113/3689/2702 2661/3695/2705 2702/3687/2700
f 2702/3687/2700 2661/3695/2705 2660/3245/2260
f 2702/3687/2700 2660/3245/2260 2703/3247/2262
f 2066/3696/2511 2109/3697/2706 2067/3692/2517
f 2067/3692/2517 2109/3697/2706 2584/3698/2707
f 2067/3692/2517 2584/3698/2707 2111/3693/2703
f 2111/3693/2703 2584/3698/2707 2583/3699/2708
f 2111/3693/2703 2583/3699/2708 2663/3700/2709
f 2663/3700/2709 2583/3699/2708 2582/3241/2256
f 2663/3700/2709 2582/3241/2256 2664/3243/2258
f 2065/3701/2508 2107/3702/2710 2066/3696/2511
f 2066/3696/2511 2107/3702/2710 2506/3703/2711
f 2066/3696/2511 2506/3703/2711 2109/3697/2706
f 2109/3697/2706 2506/3703/2711 2505/3704/2712
f 2109/3697/2706 2505/3704/2712 2585/3705/2713
f 2585/3705/2713 2505/3704/2712 2504/3237/2252
f 2585/3705/2713 2504/3237/2252 2586/3239/2254
f 2064/3706/2368 2105/3707/2714 2065/3701/2508
f 2065/3701/2508 2105/3707/2714 2428/3708/2715
f 2065/3701/2508 2428/3708/2715 2107/3702/2710
f 2107/3702/2710 2428/3708/2715 2427/3709/2716
f 2107/3702/2710 2427/3709/2716 2507/3710/2717
f 2507/3710/2717 2427/3709/2716 2426/3233/2248
f 2507/3710/2717 2426/3233/2248 2508/3235/2250
f 2063/3711/2369 2350/3712/2718 2064/3706/2368
f 2064/3706/2368 2350/3712/2718 2349/3713/2719
f 2064/3706/2368 2349/3713/2719 2105/3707/2714
f 2105/3707/2714 2349/3713/2719 2348/3714/2720
f 2105/3707/2714 2348/3714/2720 2429/3715/2721
f 2429/3715/2721 2348/3714/2720 2347/3229/2244
f 2429/3715/2721 2347/3229/2244 2430/3231/2246
f 2062/3209/2224 2101/3716/2722 2063/3711/2369
f 2063/3711/2369 2101/3716/2722 2271/3717/2723
f 2063/3711/2369 2271/3717/2723 2103/3718/2724
f 2103/3718/2724 2271/3717/2723 2270/3719/2725
f 2103/3718/2724 2270/3719/2725 2778/3720/2726
f 2778/3720/2726 2270/3719/2725 2269/3223/2238
f 2778/3720/2726 2269/3223/2238 2777/3225/2240
f 2101/3716/2722 2062/3209/2224 2191/3721/2727
f 2191/3721/2727 2062/3209/2224 2192/3722/2728
f 2191/3721/2727 2192/3722/2728 2193/3723/2729
f 2193/3723/2729 2192/3722/2728 2152/3213/2228
f 2193/3723/2729 2152/3213/2228 2151/3215/2230
f 2350/3712/2718 2063/3711/2369 2103/3718/2724
f 2219/3459/2474 2126/3458/2473 2125/3460/2475
f 2125/3460/2475 2124/3462/2477 2220/3724/2730
f 2220/3724/2730 2124/3462/2477 2221/3464/2479
f 2220/3724/2730 2221/3464/2479 2163/3378/2393
f 2163/3378/2393 2221/3464/2479 2162/3376/2391
f 2129/3290/2305 2128/3292/2307 2216/3725/2731
f 2216/3725/2731 2128/3292/2307 2217/3294/2309
f 2216/3725/2731 2217/3294/2309 2167/3726/2732
f 2167/3726/2732 2217/3294/2309 2166/3296/2311
f 2167/3726/2732 2166/3296/2311 2295/3727/2733
f 2295/3727/2733 2166/3296/2311 2296/3298/2313
f 2295/3727/2733 2296/3298/2313 2247/3728/2734
f 2247/3728/2734 2296/3298/2313 2246/3300/2315
f 2247/3728/2734 2246/3300/2315 2755/3729/2735
f 2755/3729/2735 2246/3300/2315 2754/3302/2317
f 2755/3729/2735 2754/3302/2317 2374/3730/2736
f 2374/3730/2736 2754/3302/2317 2375/3304/2319
f 2374/3730/2736 2375/3304/2319 2325/3731/2737
f 2325/3731/2737 2375/3304/2319 2324/3306/2321
f 2325/3731/2737 2324/3306/2321 2452/3732/2738
f 2452/3732/2738 2324/3306/2321 2453/3308/2323
f 2452/3732/2738 2453/3308/2323 2404/3733/2739
f 2404/3733/2739 2453/3308/2323 2403/3310/2325
f 2404/3733/2739 2403/3310/2325 2530/3734/2740
f 2530/3734/2740 2403/3310/2325 2531/3312/2327
f 2530/3734/2740 2531/3312/2327 2482/3735/2741
f 2482/3735/2741 2531/3312/2327 2481/3314/2329
f 2482/3735/2741 2481/3314/2329 2608/3736/2742
f 2608/3736/2742 2481/3314/2329 2609/3316/2331
f 2608/3736/2742 2609/3316/2331 2560/3737/2743
f 2560/3737/2743 2609/3316/2331 2559/3318/2333
f 2560/3737/2743 2559/3318/2333 2686/3738/2744
f 2686/3738/2744 2559/3318/2333 2687/3320/2335
f 2686/3738/2744 2687/3320/2335 2638/3739/2745
f 2638/3739/2745 2687/3320/2335 2637/3322/2337
f 2638/3739/2745 2637/3322/2337 2725/3567/2580
f 2725/3567/2580 2637/3322/2337 2726/3324/2339
f 2130/3288/2303 2129/3290/2305 2215/3740/2746
f 2215/3740/2746 2129/3290/2305 2216/3725/2731
f 2215/3740/2746 2216/3725/2731 2168/3741/2747
f 2168/3741/2747 2216/3725/2731 2167/3726/2732
f 2168/3741/2747 2167/3726/2732 2294/3742/2748
f 2294/3742/2748 2167/3726/2732 2295/3727/2733
f 2294/3742/2748 2295/3727/2733 2248/3743/2749
f 2248/3743/2749 2295/3727/2733 2247/3728/2734
f 2248/3743/2749 2247/3728/2734 2756/3744/2750
f 2756/3744/2750 2247/3728/2734 2755/3729/2735
f 2756/3744/2750 2755/3729/2735 2373/3745/2751
f 2373/3745/2751 2755/3729/2735 2374/3730/2736
f 2373/3745/2751 2374/3730/2736 2326/3746/2752
f 2326/3746/2752 2374/3730/2736 2325/3731/2737
f 2326/3746/2752 2325/3731/2737 2451/3747/2753
f 2451/3747/2753 2325/3731/2737 2452/3732/2738
f 2451/3747/2753 2452/3732/2738 2405/3748/2754
f 2405/3748/2754 2452/3732/2738 2404/3733/2739
f 2405/3748/2754 2404/3733/2739 2529/3749/2755
f 2529/3749/2755 2404/3733/2739 2530/3734/2740
f 2529/3749/2755 2530/3734/2740 2483/3750/2756
f 2483/3750/2756 2530/3734/2740 2482/3735/2741
f 2483/3750/2756 2482/3735/2741 2607/3751/2757
f 2607/3751/2757 2482/3735/2741 2608/3736/2742
f 2607/3751/2757 2608/3736/2742 2561/3752/2758
f 2561/3752/2758 2608/3736/2742 2560/3737/2743
f 2561/3752/2758 2560/3737/2743 2685/3753/2759
f 2685/3753/2759 2560/3737/2743 2686/3738/2744
f 2685/3753/2759 2686/3738/2744 2639/3754/2760
f 2639/3754/2760 2686/3738/2744 2638/3739/2745
f 2639/3754/2760 2638/3739/2745 2724/3569/2582
f 2724/3569/2582 2638/3739/2745 2725/3567/2580
f 2213/3603/2616 2132/3284/2299 2131/3286/2301
f 2131/3286/2301 2130/3288/2303 2214/3755/2761
f 2214/3755/2761 2130/3288/2303 2215/3740/2746
f 2214/3755/2761 2215/3740/2746 2169/3756/2762
f 2169/3756/2762 2215/3740/2746 2168/3741/2747
f 2169/3756/2762 2168/3741/2747 2293/3757/2763
f 2293/3757/2763 2168/3741/2747 2294/3742/2748
f 2293/3757/2763 2294/3742/2748 2249/3758/2764
f 2249/3758/2764 2294/3742/2748 2248/3743/2749
f 2249/3758/2764 2248/3743/2749 2757/3759/2765
f 2757/3759/2765 2248/3743/2749 2756/3744/2750
f 2757/3759/2765 2756/3744/2750 2372/3760/2766
f 2372/3760/2766 2756/3744/2750 2373/3745/2751
f 2372/3760/2766 2373/3745/2751 2327/3761/2767
f 2327/3761/2767 2373/3745/2751 2326/3746/2752
f 2327/3761/2767 2326/3746/2752 2450/3762/2768
f 2450/3762/2768 2326/3746/2752 2451/3747/2753
f 2450/3762/2768 2451/3747/2753 2406/3763/2769
f 2406/3763/2769 2451/3747/2753 2405/3748/2754
f 2406/3763/2769 2405/3748/2754 2528/3764/2770
f 2528/3764/2770 2405/3748/2754 2529/3749/2755
f 2528/3764/2770 2529/3749/2755 2484/3765/2771
f 2484/3765/2771 2529/3749/2755 2483/3750/2756
f 2484/3765/2771 2483/3750/2756 2606/3766/2772
f 2606/3766/2772 2483/3750/2756 2607/3751/2757
f 2606/3766/2772 2607/3751/2757 2562/3767/2773
f 2562/3767/2773 2607/3751/2757 2561/3752/2758
f 2562/3767/2773 2561/3752/2758 2684/3768/2774
f 2684/3768/2774 2561/3752/2758 2685/3753/2759
f 2684/3768/2774 2685/3753/2759 2640/3769/2775
f 2640/3769/2775 2685/3753/2759 2639/3754/2760
f 2640/3769/2775 2639/3754/2760 2723/3571/2584
f 2723/3571/2584 2639/3754/2760 2724/3569/2582
f 2211/3281/2296 2134/3456/2471 2133/3283/2298
f 2207/3444/2459 2138/3443/2458 2137/3448/2463
f 2137/3448/2463 2136/3450/2465 2208/3770/2776
f 2208/3770/2776 2136/3450/2465 2209/3452/2467
f 2208/3770/2776 2209/3452/2467 2175/3771/2777
f 2175/3771/2777 2209/3452/2467 2174/3454/2469
f 2175/3771/2777 2174/3454/2469 2287/3772/2778
f 2287/3772/2778 2174/3454/2469 2288/3277/2292
f 2287/3772/2778 2288/3277/2292 2255/3275/2290
f 2143/3408/2423 2142/3410/2425 2202/3773/2779
f 2202/3773/2779 2142/3410/2425 2203/3412/2427
f 2202/3773/2779 2203/3412/2427 2181/3774/2780
f 2181/3774/2780 2203/3412/2427 2180/3414/2429
f 2181/3774/2780 2180/3414/2429 2281/3775/2781
f 2281/3775/2781 2180/3414/2429 2282/3416/2431
f 2281/3775/2781 2282/3416/2431 2261/3776/2782
f 2261/3776/2782 2282/3416/2431 2260/3418/2433
f 2261/3776/2782 2260/3418/2433 2769/3777/2783
f 2769/3777/2783 2260/3418/2433 2768/3420/2435
f 2769/3777/2783 2768/3420/2435 2360/3778/2784
f 2360/3778/2784 2768/3420/2435 2361/3422/2437
f 2360/3778/2784 2361/3422/2437 2339/3779/2785
f 2339/3779/2785 2361/3422/2437 2338/3424/2439
f 2339/3779/2785 2338/3424/2439 2438/3780/2786
f 2438/3780/2786 2338/3424/2439 2439/3426/2441
f 2438/3780/2786 2439/3426/2441 2418/3781/2787
f 2418/3781/2787 2439/3426/2441 2417/3265/2280
f 2418/3781/2787 2417/3265/2280 2516/3263/2278
f 2144/3406/2421 2143/3408/2423 2201/3782/2788
f 2201/3782/2788 2143/3408/2423 2202/3773/2779
f 2201/3782/2788 2202/3773/2779 2182/3783/2789
f 2182/3783/2789 2202/3773/2779 2181/3774/2780
f 2182/3783/2789 2181/3774/2780 2280/3784/2790
f 2280/3784/2790 2181/3774/2780 2281/3775/2781
f 2280/3784/2790 2281/3775/2781 2262/3785/2791
f 2262/3785/2791 2281/3775/2781 2261/3776/2782
f 2262/3785/2791 2261/3776/2782 2770/3786/2792
f 2770/3786/2792 2261/3776/2782 2769/3777/2783
f 2770/3786/2792 2769/3777/2783 2359/3787/2793
f 2359/3787/2793 2769/3777/2783 2360/3778/2784
f 2359/3787/2793 2360/3778/2784 2340/3788/2794
f 2340/3788/2794 2360/3778/2784 2339/3779/2785
f 2340/3788/2794 2339/3779/2785 2437/3789/2795
f 2437/3789/2795 2339/3779/2785 2438/3780/2786
f 2437/3789/2795 2438/3780/2786 2419/3790/2796
f 2419/3790/2796 2438/3780/2786 2418/3781/2787
f 2419/3790/2796 2418/3781/2787 2515/3791/2797
f 2515/3791/2797 2418/3781/2787 2516/3263/2278
f 2515/3791/2797 2516/3263/2278 2497/3261/2276
f 2145/3404/2419 2144/3406/2421 2200/3792/2798
f 2200/3792/2798 2144/3406/2421 2201/3782/2788
f 2200/3792/2798 2201/3782/2788 2183/3793/2799
f 2183/3793/2799 2201/3782/2788 2182/3783/2789
f 2183/3793/2799 2182/3783/2789 2279/3794/2800
f 2279/3794/2800 2182/3783/2789 2280/3784/2790
f 2279/3794/2800 2280/3784/2790 2263/3795/2801
f 2263/3795/2801 2280/3784/2790 2262/3785/2791
f 2263/3795/2801 2262/3785/2791 2771/3796/2802
f 2771/3796/2802 2262/3785/2791 2770/3786/2792
f 2771/3796/2802 2770/3786/2792 2358/3797/2803
f 2358/3797/2803 2770/3786/2792 2359/3787/2793
f 2358/3797/2803 2359/3787/2793 2341/3798/2804
f 2341/3798/2804 2359/3787/2793 2340/3788/2794
f 2341/3798/2804 2340/3788/2794 2436/3799/2805
f 2436/3799/2805 2340/3788/2794 2437/3789/2795
f 2436/3799/2805 2437/3789/2795 2420/3800/2806
f 2420/3800/2806 2437/3789/2795 2419/3790/2796
f 2420/3800/2806 2419/3790/2796 2514/3801/2807
f 2514/3801/2807 2419/3790/2796 2515/3791/2797
f 2514/3801/2807 2515/3791/2797 2498/3802/2808
f 2498/3802/2808 2515/3791/2797 2497/3261/2276
f 2498/3802/2808 2497/3261/2276 2592/3259/2274
f 2146/3402/2417 2145/3404/2419 2199/3803/2809
f 2199/3803/2809 2145/3404/2419 2200/3792/2798
f 2199/3803/2809 2200/3792/2798 2184/3804/2810
f 2184/3804/2810 2200/3792/2798 2183/3793/2799
f 2184/3804/2810 2183/3793/2799 2278/3805/2811
f 2278/3805/2811 2183/3793/2799 2279/3794/2800
f 2278/3805/2811 2279/3794/2800 2264/3806/2812
f 2264/3806/2812 2279/3794/2800 2263/3795/2801
f 2264/3806/2812 2263/3795/2801 2772/3807/2813
f 2772/3807/2813 2263/3795/2801 2771/3796/2802
f 2772/3807/2813 2771/3796/2802 2357/3808/2814
f 2357/3808/2814 2771/3796/2802 2358/3797/2803
f 2357/3808/2814 2358/3797/2803 2342/3809/2815
f 2342/3809/2815 2358/3797/2803 2341/3798/2804
f 2342/3809/2815 2341/3798/2804 2435/3810/2816
f 2435/3810/2816 2341/3798/2804 2436/3799/2805
f 2435/3810/2816 2436/3799/2805 2421/3811/2817
f 2421/3811/2817 2436/3799/2805 2420/3800/2806
f 2421/3811/2817 2420/3800/2806 2513/3812/2818
f 2513/3812/2818 2420/3800/2806 2514/3801/2807
f 2513/3812/2818 2514/3801/2807 2499/3813/2819
f 2499/3813/2819 2514/3801/2807 2498/3802/2808
f 2499/3813/2819 2498/3802/2808 2591/3814/2820
f 2591/3814/2820 2498/3802/2808 2592/3259/2274
f 2591/3814/2820 2592/3259/2274 2577/3257/2272
f 2147/3400/2415 2146/3402/2417 2198/3815/2821
f 2198/3815/2821 2146/3402/2417 2199/3803/2809
f 2198/3815/2821 2199/3803/2809 2185/3816/2822
f 2185/3816/2822 2199/3803/2809 2184/3804/2810
f 2185/3816/2822 2184/3804/2810 2277/3817/2823
f 2277/3817/2823 2184/3804/2810 2278/3805/2811
f 2277/3817/2823 2278/3805/2811 2265/3818/2824
f 2265/3818/2824 2278/3805/2811 2264/3806/2812
f 2265/3818/2824 2264/3806/2812 2773/3819/2825
f 2773/3819/2825 2264/3806/2812 2772/3807/2813
f 2773/3819/2825 2772/3807/2813 2356/3820/2826
f 2356/3820/2826 2772/3807/2813 2357/3808/2814
f 2356/3820/2826 2357/3808/2814 2343/3821/2827
f 2343/3821/2827 2357/3808/2814 2342/3809/2815
f 2343/3821/2827 2342/3809/2815 2434/3822/2828
f 2434/3822/2828 2342/3809/2815 2435/3810/2816
f 2434/3822/2828 2435/3810/2816 2422/3823/2829
f 2422/3823/2829 2435/3810/2816 2421/3811/2817
f 2422/3823/2829 2421/3811/2817 2512/3824/2830
f 2512/3824/2830 2421/3811/2817 2513/3812/2818
f 2512/3824/2830 2513/3812/2818 2500/3825/2831
f 2500/3825/2831 2513/3812/2818 2499/3813/2819
f 2500/3825/2831 2499/3813/2819 2590/3826/2832
f 2590/3826/2832 2499/3813/2819 2591/3814/2820
f 2590/3826/2832 2591/3814/2820 2578/3827/2833
f 2578/3827/2833 2591/3814/2820 2577/3257/2272
f 2578/3827/2833 2577/3257/2272 2668/3255/2270
f 2196/3383/2398 2149/3382/2397 2148/3398/2413
f 2148/3398/2413 2147/3400/2415 2197/3828/2834
f 2197/3828/2834 2147/3400/2415 2198/3815/2821
f 2197/3828/2834 2198/3815/2821 2186/3829/2835
f 2186/3829/2835 2198/3815/2821 2185/3816/2822
f 2186/3829/2835 2185/3816/2822 2276/3830/2836
f 2276/3830/2836 2185/3816/2822 2277/3817/2823
f 2276/3830/2836 2277/3817/2823 2266/3831/2837
f 2266/3831/2837 2277/3817/2823 2265/3818/2824
f 2266/3831/2837 2265/3818/2824 2774/3832/2838
f 2774/3832/2838 2265/3818/2824 2773/3819/2825
f 2774/3832/2838 2773/3819/2825 2355/3833/2839
f 2355/3833/2839 2773/3819/2825 2356/3820/2826
f 2355/3833/2839 2356/3820/2826 2344/3834/2840
f 2344/3834/2840 2356/3820/2826 2343/3821/2827
f 2344/3834/2840 2343/3821/2827 2433/3835/2841
f 2433/3835/2841 2343/3821/2827 2434/3822/2828
f 2433/3835/2841 2434/3822/2828 2423/3836/2842
f 2423/3836/2842 2434/3822/2828 2422/3823/2829
f 2423/3836/2842 2422/3823/2829 2511/3837/2843
f 2511/3837/2843 2422/3823/2829 2512/3824/2830
f 2511/3837/2843 2512/3824/2830 2501/3838/2844
f 2501/3838/2844 2512/3824/2830 2500/3825/2831
f 2501/3838/2844 2500/3825/2831 2589/3839/2845
f 2589/3839/2845 2500/3825/2831 2590/3826/2832
f 2589/3839/2845 2590/3826/2832 2579/3840/2846
f 2579/3840/2846 2590/3826/2832 2578/3827/2833
f 2579/3840/2846 2578/3827/2833 2667/3841/2847
f 2667/3841/2847 2578/3827/2833 2668/3255/2270
f 2667/3841/2847 2668/3255/2270 2657/3253/2268
f 2193/3723/2729 2151/3215/2230 2194/3217/2232
f 2152/3213/2228 2192/3722/2728 2099/3211/2226
f 2099/3211/2226 2192/3722/2728 2062/3209/2224
f 2163/3378/2393 2164/3380/2395 2220/3724/2730
f 2220/3724/2730 2164/3380/2395 2219/3459/2474
f 2220/3724/2730 2219/3459/2474 2125/3460/2475
f 2169/3756/2762 2170/3601/2614 2214/3755/2761
f 2214/3755/2761 2170/3601/2614 2213/3603/2616
f 2214/3755/2761 2213/3603/2616 2131/3286/2301
f 2170/3601/2614 2169/3756/2762 2292/3599/2612
f 2292/3599/2612 2169/3756/2762 2293/3757/2763
f 2292/3599/2612 2293/3757/2763 2250/3597/2610
f 2250/3597/2610 2293/3757/2763 2249/3758/2764
f 2250/3597/2610 2249/3758/2764 2758/3595/2608
f 2758/3595/2608 2249/3758/2764 2757/3759/2765
f 2758/3595/2608 2757/3759/2765 2371/3593/2606
f 2371/3593/2606 2757/3759/2765 2372/3760/2766
f 2371/3593/2606 2372/3760/2766 2328/3591/2604
f 2328/3591/2604 2372/3760/2766 2327/3761/2767
f 2328/3591/2604 2327/3761/2767 2449/3589/2602
f 2449/3589/2602 2327/3761/2767 2450/3762/2768
f 2449/3589/2602 2450/3762/2768 2407/3587/2600
f 2407/3587/2600 2450/3762/2768 2406/3763/2769
f 2407/3587/2600 2406/3763/2769 2527/3585/2598
f 2527/3585/2598 2406/3763/2769 2528/3764/2770
f 2527/3585/2598 2528/3764/2770 2485/3583/2596
f 2485/3583/2596 2528/3764/2770 2484/3765/2771
f 2485/3583/2596 2484/3765/2771 2605/3581/2594
f 2605/3581/2594 2484/3765/2771 2606/3766/2772
f 2605/3581/2594 2606/3766/2772 2563/3579/2592
f 2563/3579/2592 2606/3766/2772 2562/3767/2773
f 2563/3579/2592 2562/3767/2773 2683/3577/2590
f 2683/3577/2590 2562/3767/2773 2684/3768/2774
f 2683/3577/2590 2684/3768/2774 2641/3575/2588
f 2641/3575/2588 2684/3768/2774 2640/3769/2775
f 2641/3575/2588 2640/3769/2775 2722/3573/2586
f 2722/3573/2586 2640/3769/2775 2723/3571/2584
f 2289/3278/2293 2172/3280/2295 2290/3618/2631
f 2175/3771/2777 2176/3445/2460 2208/3770/2776
f 2208/3770/2776 2176/3445/2460 2207/3444/2459
f 2208/3770/2776 2207/3444/2459 2137/3448/2463
f 2176/3445/2460 2175/3771/2777 2286/3446/2461
f 2286/3446/2461 2175/3771/2777 2287/3772/2778
f 2286/3446/2461 2287/3772/2778 2256/3447/2462
f 2256/3447/2462 2287/3772/2778 2255/3275/2290
f 2256/3447/2462 2255/3275/2290 2764/3273/2288
f 2186/3829/2835 2187/3384/2399 2197/3828/2834
f 2197/3828/2834 2187/3384/2399 2196/3383/2398
f 2197/3828/2834 2196/3383/2398 2148/3398/2413
f 2187/3384/2399 2186/3829/2835 2275/3385/2400
f 2275/3385/2400 2186/3829/2835 2276/3830/2836
f 2275/3385/2400 2276/3830/2836 2267/3386/2401
f 2267/3386/2401 2276/3830/2836 2266/3831/2837
f 2267/3386/2401 2266/3831/2837 2775/3387/2402
f 2775/3387/2402 2266/3831/2837 2774/3832/2838
f 2775/3387/2402 2774/3832/2838 2354/3388/2403
f 2354/3388/2403 2774/3832/2838 2355/3833/2839
f 2354/3388/2403 2355/3833/2839 2345/3389/2404
f 2345/3389/2404 2355/3833/2839 2344/3834/2840
f 2345/3389/2404 2344/3834/2840 2432/3390/2405
f 2432/3390/2405 2344/3834/2840 2433/3835/2841
f 2432/3390/2405 2433/3835/2841 2424/3391/2406
f 2424/3391/2406 2433/3835/2841 2423/3836/2842
f 2424/3391/2406 2423/3836/2842 2510/3392/2407
f 2510/3392/2407 2423/3836/2842 2511/3837/2843
f 2510/3392/2407 2511/3837/2843 2502/3393/2408
f 2502/3393/2408 2511/3837/2843 2501/3838/2844
f 2502/3393/2408 2501/3838/2844 2588/3394/2409
f 2588/3394/2409 2501/3838/2844 2589/3839/2845
f 2588/3394/2409 2589/3839/2845 2580/3395/2410
f 2580/3395/2410 2589/3839/2845 2579/3840/2846
f 2580/3395/2410 2579/3840/2846 2666/3396/2411
f 2666/3396/2411 2579/3840/2846 2667/3841/2847
f 2666/3396/2411 2667/3841/2847 2658/3397/2412
f 2658/3397/2412 2667/3841/2847 2657/3253/2268
f 2658/3397/2412 2657/3253/2268 2705/3251/2266
f 2193/3723/2729 2194/3217/2232 2190/3842/2848
f 2190/3842/2848 2194/3217/2232 2189/3219/2234
f 2190/3842/2848 2189/3219/2234 2272/3843/2849
f 2272/3843/2849 2189/3219/2234 2273/3221/2236
f 2272/3843/2849 2273/3221/2236 2270/3719/2725
f 2270/3719/2725 2273/3221/2236 2269/3223/2238
f 2101/3716/2722 2191/3721/2727 2190/3842/2848
f 2190/3842/2848 2191/3721/2727 2193/3723/2729
f 2101/3716/2722 2190/3842/2848 2272/3843/2849
f 2309/3357/2372 2310/3355/2370 2233/3844/2850
f 2233/3844/2850 2310/3355/2370 2232/3352/2367
f 2233/3844/2850 2232/3352/2367 2741/3350/2365
f 2308/3359/2374 2309/3357/2372 2234/3845/2851
f 2234/3845/2851 2309/3357/2372 2233/3844/2850
f 2234/3845/2851 2233/3844/2850 2742/3846/2852
f 2742/3846/2852 2233/3844/2850 2741/3350/2365
f 2742/3846/2852 2741/3350/2365 2387/3348/2363
f 2307/3361/2376 2308/3359/2374 2235/3847/2853
f 2235/3847/2853 2308/3359/2374 2234/3845/2851
f 2235/3847/2853 2234/3845/2851 2743/3848/2854
f 2743/3848/2854 2234/3845/2851 2742/3846/2852
f 2743/3848/2854 2742/3846/2852 2386/3849/2855
f 2386/3849/2855 2742/3846/2852 2387/3348/2363
f 2386/3849/2855 2387/3348/2363 2313/3346/2361
f 2306/3363/2378 2307/3361/2376 2236/3850/2856
f 2236/3850/2856 2307/3361/2376 2235/3847/2853
f 2236/3850/2856 2235/3847/2853 2744/3851/2857
f 2744/3851/2857 2235/3847/2853 2743/3848/2854
f 2744/3851/2857 2743/3848/2854 2385/3852/2858
f 2385/3852/2858 2743/3848/2854 2386/3849/2855
f 2385/3852/2858 2386/3849/2855 2314/3853/2859
f 2314/3853/2859 2386/3849/2855 2313/3346/2361
f 2314/3853/2859 2313/3346/2361 2463/3344/2359
f 2305/3365/2380 2306/3363/2378 2237/3854/2860
f 2237/3854/2860 2306/3363/2378 2236/3850/2856
f 2237/3854/2860 2236/3850/2856 2745/3855/2861
f 2745/3855/2861 2236/3850/2856 2744/3851/2857
f 2745/3855/2861 2744/3851/2857 2384/3856/2862
f 2384/3856/2862 2744/3851/2857 2385/3852/2858
f 2384/3856/2862 2385/3852/2858 2315/3857/2863
f 2315/3857/2863 2385/3852/2858 2314/3853/2859
f 2315/3857/2863 2314/3853/2859 2462/3858/2864
f 2462/3858/2864 2314/3853/2859 2463/3344/2359
f 2462/3858/2864 2463/3344/2359 2394/3342/2357
f 2304/3367/2382 2305/3365/2380 2238/3859/2865
f 2238/3859/2865 2305/3365/2380 2237/3854/2860
f 2238/3859/2865 2237/3854/2860 2746/3860/2866
f 2746/3860/2866 2237/3854/2860 2745/3855/2861
f 2746/3860/2866 2745/3855/2861 2383/3861/2867
f 2383/3861/2867 2745/3855/2861 2384/3856/2862
f 2383/3861/2867 2384/3856/2862 2316/3862/2868
f 2316/3862/2868 2384/3856/2862 2315/3857/2863
f 2316/3862/2868 2315/3857/2863 2461/3863/2869
f 2461/3863/2869 2315/3857/2863 2462/3858/2864
f 2461/3863/2869 2462/3858/2864 2395/3864/2870
f 2395/3864/2870 2462/3858/2864 2394/3342/2357
f 2395/3864/2870 2394/3342/2357 2539/3340/2355
f 2303/3369/2384 2304/3367/2382 2239/3865/2871
f 2239/3865/2871 2304/3367/2382 2238/3859/2865
f 2239/3865/2871 2238/3859/2865 2747/3866/2872
f 2747/3866/2872 2238/3859/2865 2746/3860/2866
f 2747/3866/2872 2746/3860/2866 2382/3867/2873
f 2382/3867/2873 2746/3860/2866 2383/3861/2867
f 2382/3867/2873 2383/3861/2867 2317/3868/2874
f 2317/3868/2874 2383/3861/2867 2316/3862/2868
f 2317/3868/2874 2316/3862/2868 2460/3869/2875
f 2460/3869/2875 2316/3862/2868 2461/3863/2869
f 2460/3869/2875 2461/3863/2869 2396/3870/2876
f 2396/3870/2876 2461/3863/2869 2395/3864/2870
f 2396/3870/2876 2395/3864/2870 2538/3871/2877
f 2538/3871/2877 2395/3864/2870 2539/3340/2355
f 2538/3871/2877 2539/3340/2355 2474/3338/2353
f 2302/3371/2386 2303/3369/2384 2240/3872/2878
f 2240/3872/2878 2303/3369/2384 2239/3865/2871
f 2240/3872/2878 2239/3865/2871 2748/3873/2879
f 2748/3873/2879 2239/3865/2871 2747/3866/2872
f 2748/3873/2879 2747/3866/2872 2381/3874/2880
f 2381/3874/2880 2747/3866/2872 2382/3867/2873
f 2381/3874/2880 2382/3867/2873 2318/3875/2881
f 2318/3875/2881 2382/3867/2873 2317/3868/2874
f 2318/3875/2881 2317/3868/2874 2459/3876/2882
f 2459/3876/2882 2317/3868/2874 2460/3869/2875
f 2459/3876/2882 2460/3869/2875 2397/3877/2883
f 2397/3877/2883 2460/3869/2875 2396/3870/2876
f 2397/3877/2883 2396/3870/2876 2537/3878/2884
f 2537/3878/2884 2396/3870/2876 2538/3871/2877
f 2537/3878/2884 2538/3871/2877 2475/3879/2885
f 2475/3879/2885 2538/3871/2877 2474/3338/2353
f 2475/3879/2885 2474/3338/2353 2615/3336/2351
f 2301/3373/2388 2302/3371/2386 2241/3880/2886
f 2241/3880/2886 2302/3371/2386 2240/3872/2878
f 2241/3880/2886 2240/3872/2878 2749/3881/2887
f 2749/3881/2887 2240/3872/2878 2748/3873/2879
f 2749/3881/2887 2748/3873/2879 2380/3882/2888
f 2380/3882/2888 2748/3873/2879 2381/3874/2880
f 2380/3882/2888 2381/3874/2880 2319/3883/2889
f 2319/3883/2889 2381/3874/2880 2318/3875/2881
f 2319/3883/2889 2318/3875/2881 2458/3884/2890
f 2458/3884/2890 2318/3875/2881 2459/3876/2882
f 2458/3884/2890 2459/3876/2882 2398/3885/2891
f 2398/3885/2891 2459/3876/2882 2397/3877/2883
f 2398/3885/2891 2397/3877/2883 2536/3886/2892
f 2536/3886/2892 2397/3877/2883 2537/3878/2884
f 2536/3886/2892 2537/3878/2884 2476/3887/2893
f 2476/3887/2893 2537/3878/2884 2475/3879/2885
f 2476/3887/2893 2475/3879/2885 2614/3888/2894
f 2614/3888/2894 2475/3879/2885 2615/3336/2351
f 2614/3888/2894 2615/3336/2351 2554/3334/2349
f 2300/3375/2390 2301/3373/2388 2242/3889/2895
f 2242/3889/2895 2301/3373/2388 2241/3880/2886
f 2242/3889/2895 2241/3880/2886 2750/3890/2896
f 2750/3890/2896 2241/3880/2886 2749/3881/2887
f 2750/3890/2896 2749/3881/2887 2379/3891/2897
f 2379/3891/2897 2749/3881/2887 2380/3882/2888
f 2379/3891/2897 2380/3882/2888 2320/3892/2898
f 2320/3892/2898 2380/3882/2888 2319/3883/2889
f 2320/3892/2898 2319/3883/2889 2457/3893/2899
f 2457/3893/2899 2319/3883/2889 2458/3884/2890
f 2457/3893/2899 2458/3884/2890 2399/3894/2900
f 2399/3894/2900 2458/3884/2890 2398/3885/2891
f 2399/3894/2900 2398/3885/2891 2535/3895/2901
f 2535/3895/2901 2398/3885/2891 2536/3886/2892
f 2535/3895/2901 2536/3886/2892 2477/3896/2902
f 2477/3896/2902 2536/3886/2892 2476/3887/2893
f 2477/3896/2902 2476/3887/2893 2613/3897/2903
f 2613/3897/2903 2476/3887/2893 2614/3888/2894
f 2613/3897/2903 2614/3888/2894 2555/3898/2904
f 2555/3898/2904 2614/3888/2894 2554/3334/2349
f 2555/3898/2904 2554/3334/2349 2691/3332/2347
f 2299/3377/2392 2300/3375/2390 2243/3899/2905
f 2243/3899/2905 2300/3375/2390 2242/3889/2895
f 2243/3899/2905 2242/3889/2895 2751/3900/2906
f 2751/3900/2906 2242/3889/2895 2750/3890/2896
f 2751/3900/2906 2750/3890/2896 2378/3901/2907
f 2378/3901/2907 2750/3890/2896 2379/3891/2897
f 2378/3901/2907 2379/3891/2897 2321/3902/2908
f 2321/3902/2908 2379/3891/2897 2320/3892/2898
f 2321/3902/2908 2320/3892/2898 2456/3903/2909
f 2456/3903/2909 2320/3892/2898 2457/3893/2899
f 2456/3903/2909 2457/3893/2899 2400/3904/2910
f 2400/3904/2910 2457/3893/2899 2399/3894/2900
f 2400/3904/2910 2399/3894/2900 2534/3905/2911
f 2534/3905/2911 2399/3894/2900 2535/3895/2901
f 2534/3905/2911 2535/3895/2901 2478/3906/2912
f 2478/3906/2912 2535/3895/2901 2477/3896/2902
f 2478/3906/2912 2477/3896/2902 2612/3907/2913
f 2612/3907/2913 2477/3896/2902 2613/3897/2903
f 2612/3907/2913 2613/3897/2903 2556/3908/2914
f 2556/3908/2914 2613/3897/2903 2555/3898/2904
f 2556/3908/2914 2555/3898/2904 2690/3909/2915
f 2690/3909/2915 2555/3898/2904 2691/3332/2347
f 2690/3909/2915 2691/3332/2347 2634/3330/2345
f 2298/3379/2394 2299/3377/2392 2244/3910/2916
f 2244/3910/2916 2299/3377/2392 2243/3899/2905
f 2244/3910/2916 2243/3899/2905 2752/3911/2917
f 2752/3911/2917 2243/3899/2905 2751/3900/2906
f 2752/3911/2917 2751/3900/2906 2377/3912/2918
f 2377/3912/2918 2751/3900/2906 2378/3901/2907
f 2377/3912/2918 2378/3901/2907 2322/3913/2919
f 2322/3913/2919 2378/3901/2907 2321/3902/2908
f 2322/3913/2919 2321/3902/2908 2455/3914/2920
f 2455/3914/2920 2321/3902/2908 2456/3903/2909
f 2455/3914/2920 2456/3903/2909 2401/3915/2921
f 2401/3915/2921 2456/3903/2909 2400/3904/2910
f 2401/3915/2921 2400/3904/2910 2533/3916/2922
f 2533/3916/2922 2400/3904/2910 2534/3905/2911
f 2533/3916/2922 2534/3905/2911 2479/3917/2923
f 2479/3917/2923 2534/3905/2911 2478/3906/2912
f 2479/3917/2923 2478/3906/2912 2611/3918/2924
f 2611/3918/2924 2478/3906/2912 2612/3907/2913
f 2611/3918/2924 2612/3907/2913 2557/3919/2925
f 2557/3919/2925 2612/3907/2913 2556/3908/2914
f 2557/3919/2925 2556/3908/2914 2689/3920/2926
f 2689/3920/2926 2556/3908/2914 2690/3909/2915
f 2689/3920/2926 2690/3909/2915 2635/3921/2927
f 2635/3921/2927 2690/3909/2915 2634/3330/2345
f 2635/3921/2927 2634/3330/2345 2728/3328/2343
f 2297/3299/2314 2298/3379/2394 2245/3301/2316
f 2245/3301/2316 2298/3379/2394 2244/3910/2916
f 2245/3301/2316 2244/3910/2916 2753/3303/2318
f 2753/3303/2318 2244/3910/2916 2752/3911/2917
f 2753/3303/2318 2752/3911/2917 2376/3305/2320
f 2376/3305/2320 2752/3911/2917 2377/3912/2918
f 2376/3305/2320 2377/3912/2918 2323/3307/2322
f 2323/3307/2322 2377/3912/2918 2322/3913/2919
f 2323/3307/2322 2322/3913/2919 2454/3309/2324
f 2454/3309/2324 2322/3913/2919 2455/3914/2920
f 2454/3309/2324 2455/3914/2920 2402/3311/2326
f 2402/3311/2326 2455/3914/2920 2401/3915/2921
f 2402/3311/2326 2401/3915/2921 2532/3313/2328
f 2532/3313/2328 2401/3915/2921 2533/3916/2922
f 2532/3313/2328 2533/3916/2922 2480/3315/2330
f 2480/3315/2330 2533/3916/2922 2479/3917/2923
f 2480/3315/2330 2479/3917/2923 2610/3317/2332
f 2610/3317/2332 2479/3917/2923 2611/3918/2924
f 2610/3317/2332 2611/3918/2924 2558/3319/2334
f 2558/3319/2334 2611/3918/2924 2557/3919/2925
f 2558/3319/2334 2557/3919/2925 2688/3321/2336
f 2688/3321/2336 2557/3919/2925 2689/3920/2926
f 2688/3321/2336 2689/3920/2926 2636/3323/2338
f 2636/3323/2338 2689/3920/2926 2635/3921/2927
f 2636/3323/2338 2635/3921/2927 2727/3325/2340
f 2727/3325/2340 2635/3921/2927 2728/3328/2343
f 2289/3278/2293 2290/3618/2631 2253/3922/2928
f 2253/3922/2928 2290/3618/2631 2252/3617/2630
f 2253/3922/2928 2252/3617/2630 2761/3923/2929
f 2761/3923/2929 2252/3617/2630 2760/3616/2629
f 2761/3923/2929 2760/3616/2629 2368/3924/2930
f 2368/3924/2930 2760/3616/2629 2369/3615/2628
f 2368/3924/2930 2369/3615/2628 2331/3925/2931
f 2331/3925/2931 2369/3615/2628 2330/3614/2627
f 2331/3925/2931 2330/3614/2627 2446/3926/2932
f 2446/3926/2932 2330/3614/2627 2447/3613/2626
f 2446/3926/2932 2447/3613/2626 2410/3927/2933
f 2410/3927/2933 2447/3613/2626 2409/3612/2625
f 2410/3927/2933 2409/3612/2625 2524/3928/2934
f 2524/3928/2934 2409/3612/2625 2525/3611/2624
f 2524/3928/2934 2525/3611/2624 2488/3929/2935
f 2488/3929/2935 2525/3611/2624 2487/3610/2623
f 2488/3929/2935 2487/3610/2623 2602/3930/2936
f 2602/3930/2936 2487/3610/2623 2603/3609/2622
f 2602/3930/2936 2603/3609/2622 2566/3931/2937
f 2566/3931/2937 2603/3609/2622 2565/3608/2621
f 2566/3931/2937 2565/3608/2621 2680/3932/2938
f 2680/3932/2938 2565/3608/2621 2681/3607/2620
f 2680/3932/2938 2681/3607/2620 2644/3933/2939
f 2644/3933/2939 2681/3607/2620 2643/3606/2619
f 2644/3933/2939 2643/3606/2619 2719/3619/2632
f 2719/3619/2632 2643/3606/2619 2720/3605/2618
f 2762/3643/2656 2254/3276/2291 2253/3922/2928
f 2253/3922/2928 2254/3276/2291 2289/3278/2293
f 2762/3643/2656 2253/3922/2928 2761/3923/2929
f 2101/3716/2722 2272/3843/2849 2271/3717/2723
f 2271/3717/2723 2272/3843/2849 2270/3719/2725
f 2388/3349/2364 2389/3497/2510 2311/3502/2515
f 2311/3502/2515 2389/3497/2510 2106/3496/2509
f 2311/3502/2515 2312/3347/2362 2388/3349/2364
f 2331/3925/2931 2332/3639/2652 2368/3924/2930
f 2368/3924/2930 2332/3639/2652 2367/3641/2654
f 2368/3924/2930 2367/3641/2654 2761/3923/2929
f 2761/3923/2929 2367/3641/2654 2762/3643/2656
f 2332/3639/2652 2331/3925/2931 2445/3637/2650
f 2445/3637/2650 2331/3925/2931 2446/3926/2932
f 2445/3637/2650 2446/3926/2932 2411/3635/2648
f 2411/3635/2648 2446/3926/2932 2410/3927/2933
f 2411/3635/2648 2410/3927/2933 2523/3633/2646
f 2523/3633/2646 2410/3927/2933 2524/3928/2934
f 2523/3633/2646 2524/3928/2934 2489/3631/2644
f 2489/3631/2644 2524/3928/2934 2488/3929/2935
f 2489/3631/2644 2488/3929/2935 2601/3629/2642
f 2601/3629/2642 2488/3929/2935 2602/3930/2936
f 2601/3629/2642 2602/3930/2936 2567/3627/2640
f 2567/3627/2640 2602/3930/2936 2566/3931/2937
f 2567/3627/2640 2566/3931/2937 2679/3625/2638
f 2679/3625/2638 2566/3931/2937 2680/3932/2938
f 2679/3625/2638 2680/3932/2938 2645/3623/2636
f 2645/3623/2636 2680/3932/2938 2644/3933/2939
f 2645/3623/2636 2644/3933/2939 2718/3621/2634
f 2718/3621/2634 2644/3933/2939 2719/3619/2632
f 2365/3272/2287 2334/3654/2667 2335/3270/2285
f 2335/3270/2285 2334/3654/2667 2442/3934/2940
f 2335/3270/2285 2442/3934/2940 2441/3268/2283
f 2441/3268/2283 2442/3934/2940 2415/3935/2941
f 2441/3268/2283 2415/3935/2941 2416/3266/2281
f 2416/3266/2281 2415/3935/2941 2518/3936/2942
f 2416/3266/2281 2518/3936/2942 2517/3264/2279
f 2517/3264/2279 2518/3936/2942 2495/3671/2684
f 2442/3934/2940 2334/3654/2667 2443/3653/2666
f 2347/3229/2244 2348/3714/2720 2352/3227/2242
f 2352/3227/2242 2348/3714/2720 2351/3937/2943
f 2352/3227/2242 2351/3937/2943 2777/3225/2240
f 2777/3225/2240 2351/3937/2943 2778/3720/2726
f 2348/3714/2720 2349/3713/2719 2351/3937/2943
f 2351/3937/2943 2349/3713/2719 2350/3712/2718
f 2351/3937/2943 2350/3712/2718 2778/3720/2726
f 2778/3720/2726 2350/3712/2718 2103/3718/2724
f 2466/3501/2514 2467/3500/2513 2390/3508/2521
f 2390/3508/2521 2467/3500/2513 2108/3499/2512
f 2465/3503/2516 2466/3501/2514 2391/3510/2523
f 2391/3510/2523 2466/3501/2514 2390/3508/2521
f 2464/3345/2360 2465/3503/2516 2392/3512/2525
f 2392/3512/2525 2465/3503/2516 2391/3510/2523
f 2392/3512/2525 2393/3343/2358 2464/3345/2360
f 2442/3934/2940 2443/3653/2666 2414/3938/2944
f 2414/3938/2944 2443/3653/2666 2413/3652/2665
f 2414/3938/2944 2413/3652/2665 2520/3939/2945
f 2520/3939/2945 2413/3652/2665 2521/3651/2664
f 2520/3939/2945 2521/3651/2664 2492/3940/2946
f 2492/3940/2946 2521/3651/2664 2491/3650/2663
f 2492/3940/2946 2491/3650/2663 2598/3941/2947
f 2598/3941/2947 2491/3650/2663 2599/3649/2662
f 2598/3941/2947 2599/3649/2662 2570/3942/2948
f 2570/3942/2948 2599/3649/2662 2569/3648/2661
f 2570/3942/2948 2569/3648/2661 2676/3943/2949
f 2676/3943/2949 2569/3648/2661 2677/3647/2660
f 2676/3943/2949 2677/3647/2660 2648/3944/2950
f 2648/3944/2950 2677/3647/2660 2647/3646/2659
f 2648/3944/2950 2647/3646/2659 2715/3655/2668
f 2715/3655/2668 2647/3646/2659 2716/3645/2658
f 2442/3934/2940 2414/3938/2944 2415/3935/2941
f 2415/3935/2941 2414/3938/2944 2519/3945/2951
f 2415/3935/2941 2519/3945/2951 2518/3936/2942
f 2518/3936/2942 2519/3945/2951 2494/3946/2952
f 2518/3936/2942 2494/3946/2952 2495/3671/2684
f 2495/3671/2684 2494/3946/2952 2595/3669/2682
f 2519/3945/2951 2414/3938/2944 2520/3939/2945
f 2429/3715/2721 2430/3231/2246 2427/3709/2716
f 2427/3709/2716 2430/3231/2246 2426/3233/2248
f 2105/3707/2714 2429/3715/2721 2428/3708/2715
f 2428/3708/2715 2429/3715/2721 2427/3709/2716
f 2544/3507/2520 2545/3506/2519 2468/3518/2531
f 2468/3518/2531 2545/3506/2519 2110/3505/2518
f 2543/3509/2522 2544/3507/2520 2469/3520/2533
f 2469/3520/2533 2544/3507/2520 2468/3518/2531
f 2542/3511/2524 2543/3509/2522 2470/3522/2535
f 2470/3522/2535 2543/3509/2522 2469/3520/2533
f 2541/3513/2526 2542/3511/2524 2471/3524/2537
f 2471/3524/2537 2542/3511/2524 2470/3522/2535
f 2540/3341/2356 2541/3513/2526 2472/3526/2539
f 2472/3526/2539 2541/3513/2526 2471/3524/2537
f 2472/3526/2539 2473/3339/2354 2540/3341/2356
f 2519/3945/2951 2520/3939/2945 2493/3947/2953
f 2493/3947/2953 2520/3939/2945 2492/3940/2946
f 2493/3947/2953 2492/3940/2946 2597/3948/2954
f 2597/3948/2954 2492/3940/2946 2598/3941/2947
f 2597/3948/2954 2598/3941/2947 2571/3949/2955
f 2571/3949/2955 2598/3941/2947 2570/3942/2948
f 2571/3949/2955 2570/3942/2948 2675/3950/2956
f 2675/3950/2956 2570/3942/2948 2676/3943/2949
f 2675/3950/2956 2676/3943/2949 2649/3951/2957
f 2649/3951/2957 2676/3943/2949 2648/3944/2950
f 2649/3951/2957 2648/3944/2950 2714/3657/2670
f 2714/3657/2670 2648/3944/2950 2715/3655/2668
f 2519/3945/2951 2493/3947/2953 2494/3946/2952
f 2494/3946/2952 2493/3947/2953 2596/3952/2958
f 2494/3946/2952 2596/3952/2958 2595/3669/2682
f 2595/3669/2682 2596/3952/2958 2573/3667/2680
f 2596/3952/2958 2493/3947/2953 2597/3948/2954
f 2507/3710/2717 2508/3235/2250 2505/3704/2712
f 2505/3704/2712 2508/3235/2250 2504/3237/2252
f 2107/3702/2710 2507/3710/2717 2506/3703/2711
f 2506/3703/2711 2507/3710/2717 2505/3704/2712
f 2622/3517/2530 2623/3516/2529 2546/3532/2545
f 2546/3532/2545 2623/3516/2529 2112/3515/2528
f 2621/3519/2532 2622/3517/2530 2547/3534/2547
f 2547/3534/2547 2622/3517/2530 2546/3532/2545
f 2620/3521/2534 2621/3519/2532 2548/3536/2549
f 2548/3536/2549 2621/3519/2532 2547/3534/2547
f 2619/3523/2536 2620/3521/2534 2549/3538/2551
f 2549/3538/2551 2620/3521/2534 2548/3536/2549
f 2618/3525/2538 2619/3523/2536 2550/3540/2553
f 2550/3540/2553 2619/3523/2536 2549/3538/2551
f 2617/3527/2540 2618/3525/2538 2551/3542/2555
f 2551/3542/2555 2618/3525/2538 2550/3540/2553
f 2616/3337/2352 2617/3527/2540 2552/3544/2557
f 2552/3544/2557 2617/3527/2540 2551/3542/2555
f 2552/3544/2557 2553/3335/2350 2616/3337/2352
f 2596/3952/2958 2597/3948/2954 2572/3953/2959
f 2572/3953/2959 2597/3948/2954 2571/3949/2955
f 2572/3953/2959 2571/3949/2955 2674/3954/2960
f 2674/3954/2960 2571/3949/2955 2675/3950/2956
f 2674/3954/2960 2675/3950/2956 2650/3955/2961
f 2650/3955/2961 2675/3950/2956 2649/3951/2957
f 2650/3955/2961 2649/3951/2957 2713/3659/2672
f 2713/3659/2672 2649/3951/2957 2714/3657/2670
f 2673/3665/2678 2573/3667/2680 2572/3953/2959
f 2572/3953/2959 2573/3667/2680 2596/3952/2958
f 2673/3665/2678 2572/3953/2959 2674/3954/2960
f 2585/3705/2713 2586/3239/2254 2583/3699/2708
f 2583/3699/2708 2586/3239/2254 2582/3241/2256
f 2109/3697/2706 2585/3705/2713 2584/3698/2707
f 2584/3698/2707 2585/3705/2713 2583/3699/2708
f 2700/3531/2544 2701/3530/2543 2624/3956/2962
f 2624/3956/2962 2701/3530/2543 2114/3529/2542
f 2624/3956/2962 2114/3529/2542 2739/3548/2561
f 2739/3548/2561 2114/3529/2542 2740/3546/2559
f 2699/3533/2546 2700/3531/2544 2625/3957/2963
f 2625/3957/2963 2700/3531/2544 2624/3956/2962
f 2625/3957/2963 2624/3956/2962 2738/3550/2563
f 2738/3550/2563 2624/3956/2962 2739/3548/2561
f 2698/3535/2548 2699/3533/2546 2626/3958/2964
f 2626/3958/2964 2699/3533/2546 2625/3957/2963
f 2626/3958/2964 2625/3957/2963 2737/3552/2565
f 2737/3552/2565 2625/3957/2963 2738/3550/2563
f 2697/3537/2550 2698/3535/2548 2627/3959/2965
f 2627/3959/2965 2698/3535/2548 2626/3958/2964
f 2627/3959/2965 2626/3958/2964 2736/3554/2567
f 2736/3554/2567 2626/3958/2964 2737/3552/2565
f 2696/3539/2552 2697/3537/2550 2628/3960/2966
f 2628/3960/2966 2697/3537/2550 2627/3959/2965
f 2628/3960/2966 2627/3959/2965 2735/3556/2569
f 2735/3556/2569 2627/3959/2965 2736/3554/2567
f 2695/3541/2554 2696/3539/2552 2629/3961/2967
f 2629/3961/2967 2696/3539/2552 2628/3960/2966
f 2629/3961/2967 2628/3960/2966 2734/3558/2571
f 2734/3558/2571 2628/3960/2966 2735/3556/2569
f 2694/3543/2556 2695/3541/2554 2630/3962/2968
f 2630/3962/2968 2695/3541/2554 2629/3961/2967
f 2630/3962/2968 2629/3961/2967 2733/3560/2573
f 2733/3560/2573 2629/3961/2967 2734/3558/2571
f 2693/3545/2558 2694/3543/2556 2631/3963/2969
f 2631/3963/2969 2694/3543/2556 2630/3962/2968
f 2631/3963/2969 2630/3962/2968 2732/3562/2575
f 2732/3562/2575 2630/3962/2968 2733/3560/2573
f 2692/3333/2348 2693/3545/2558 2632/3964/2970
f 2632/3964/2970 2693/3545/2558 2631/3963/2969
f 2632/3964/2970 2631/3963/2969 2731/3564/2577
f 2731/3564/2577 2631/3963/2969 2732/3562/2575
f 2730/3566/2579 2633/3331/2346 2632/3964/2970
f 2632/3964/2970 2633/3331/2346 2692/3333/2348
f 2730/3566/2579 2632/3964/2970 2731/3564/2577
f 2673/3665/2678 2674/3954/2960 2651/3663/2676
f 2651/3663/2676 2674/3954/2960 2650/3955/2961
f 2651/3663/2676 2650/3955/2961 2712/3661/2674
f 2712/3661/2674 2650/3955/2961 2713/3659/2672
f 2663/3700/2709 2664/3243/2258 2661/3695/2705
f 2661/3695/2705 2664/3243/2258 2660/3245/2260
f 2111/3693/2703 2663/3700/2709 2662/3694/2704
f 2662/3694/2704 2663/3700/2709 2661/3695/2705
f 2061/3965/2971 2010/3966/2972 2032/3967/2225
f 2032/3967/2225 2010/3966/2972 2009/3968/2973
f 2032/3967/2225 2009/3968/2973 2033/3969/2974
f 2033/3969/2974 2009/3968/2973 2008/3970/2975
f 2033/3969/2974 2008/3970/2975 2034/3971/2976
f 2034/3971/2976 2008/3970/2975 2007/3972/2977
f 2034/3971/2976 2007/3972/2977 2035/3973/2978
f 2035/3973/2978 2007/3972/2977 2006/3974/2979
f 2035/3973/2978 2006/3974/2979 2036/3975/2980
f 2036/3975/2980 2006/3974/2979 2005/3976/2981
f 2036/3975/2980 2005/3976/2981 2037/3977/2982
f 2037/3977/2982 2005/3976/2981 2004/3978/2983
f 2037/3977/2982 2004/3978/2983 2038/3979/2984
f 2038/3979/2984 2004/3978/2983 2003/3980/2985
f 2038/3979/2984 2003/3980/2985 2039/3981/2986
f 2039/3981/2986 2003/3980/2985 2002/3982/2987
f 2039/3981/2986 2002/3982/2987 2040/3983/2988
f 2040/3984/2988 2002/3985/2987 2031/3986/2989
f 2040/3984/2988 2031/3986/2989 2041/3987/2990
f 2041/3987/2990 2031/3986/2989 2030/3988/2991
f 2041/3987/2990 2030/3988/2991 2042/3989/2992
f 2042/3989/2992 2030/3988/2991 2029/3990/2993
f 2042/3989/2992 2029/3990/2993 2043/3991/2994
f 2043/3991/2994 2029/3990/2993 2028/3992/2995
f 2043/3991/2994 2028/3992/2995 2044/3993/2996
f 2044/3993/2996 2028/3992/2995 2027/3994/2997
f 2044/3993/2996 2027/3994/2997 2045/3995/2998
f 2045/3995/2998 2027/3994/2997 2026/3996/2999
f 2045/3995/2998 2026/3996/2999 2046/3997/3000
f 2046/3997/3000 2026/3996/2999 2025/3998/3001
f 2046/3997/3000 2025/3998/3001 2047/3999/2300
f 2047/3999/2300 2025/3998/3001 2024/4000/3002
f 2047/3999/2300 2024/4000/3002 2048/4001/3003
f 2048/4001/3003 2024/4000/3002 2023/4002/3004
f 2048/4001/3003 2023/4002/3004 2049/4003/3005
f 2049/4003/3005 2023/4002/3004 2022/4004/3006
f 2049/4003/3005 2022/4004/3006 2050/4005/3007
f 2050/4005/3007 2022/4004/3006 2021/4006/3008
f 2050/4005/3007 2021/4006/3008 2051/4007/3009
f 2051/4007/3009 2021/4006/3008 2020/4008/3010
f 2051/4007/3009 2020/4008/3010 2052/4009/3011
f 2052/4009/3011 2020/4008/3010 2019/4010/3012
f 2052/4009/3011 2019/4010/3012 2053/4011/3013
f 2053/4011/3013 2019/4010/3012 2018/4012/3014
f 2053/4011/3013 2018/4012/3014 2054/4013/3015
f 2054/4013/3015 2018/4012/3014 2017/4014/3016
f 2054/4013/3015 2017/4014/3016 2055/4015/3017
f 2055/4015/3017 2017/4014/3016 2016/4016/3018
f 2055/4015/3017 2016/4016/3018 2056/4017/3019
f 2056/4017/3019 2016/4016/3018 2015/4018/3020
f 2056/4017/3019 2015/4018/3020 2057/4019/3021
f 2057/4019/3021 2015/4018/3020 2014/4020/3022
f 2057/4019/3021 2014/4020/3022 2058/4021/3023
f 2058/4021/3023 2014/4020/3022 2013/4022/3024
f 2058/4021/3023 2013/4022/3024 2059/4023/3025
f 2059/4023/3025 2013/4022/3024 2012/4024/3026
f 2059/4023/3025 2012/4024/3026 2060/4025/3027
f 2060/4025/3027 2012/4024/3026 2011/4026/3028
f 2060/4025/3027 2011/4026/3028 2061/3965/2971
f 2061/3965/2971 2011/4026/3028 2010/3966/2972
f 2098/4027/3029 1941/4028/3030 2069/4029/2541
f 2069/4029/2541 1941/4028/3030 1940/4030/3031
f 2069/4031/2541 1940/4032/3031 2070/4033/3032
f 2070/4033/3032 1940/4032/3031 1969/4034/3033
f 2070/4033/3032 1969/4034/3033 2071/4035/3034
f 2071/4035/3034 1969/4034/3033 1968/4036/3035
f 2071/4035/3034 1968/4036/3035 2072/4037/3036
f 2072/4037/3036 1968/4036/3035 1967/4038/3037
f 2072/4037/3036 1967/4038/3037 2073/4039/3038
f 2073/4039/3038 1967/4038/3037 1966/4040/3039
f 2073/4039/3038 1966/4040/3039 2074/4041/3040
f 2074/4041/3040 1966/4040/3039 1965/4042/3041
f 2074/4041/3040 1965/4042/3041 2075/4043/3042
f 2075/4043/3042 1965/4042/3041 1964/4044/3043
f 2075/4043/3042 1964/4044/3043 2076/4045/3044
f 2076/4045/3044 1964/4044/3043 1963/4046/3045
f 2076/4045/3044 1963/4046/3045 2077/4047/3046
f 2077/4047/3046 1963/4046/3045 1962/4048/3047
f 2077/4047/3046 1962/4048/3047 2078/4049/3048
f 2078/4049/3048 1962/4048/3047 1961/4050/3049
f 2078/4049/3048 1961/4050/3049 2079/4051/3050
f 2079/4051/3050 1961/4050/3049 1960/4052/3051
f 2079/4051/3050 1960/4052/3051 2080/4053/3052
f 2080/4053/3052 1960/4052/3051 1959/4054/3053
f 2080/4053/3052 1959/4054/3053 2081/4055/3054
f 2081/4055/3054 1959/4054/3053 1958/4056/3055
f 2081/4055/3054 1958/4056/3055 2082/4057/3056
f 2082/4057/3056 1958/4056/3055 1957/4058/3057
f 2082/4057/3056 1957/4058/3057 2083/4059/3058
f 2083/4059/3058 1957/4058/3057 1956/4060/3059
f 2083/4059/3058 1956/4060/3059 2084/4061/2585
f 2084/4061/2585 1956/4060/3059 1955/4062/3060
f 2084/4061/2585 1955/4062/3060 2085/4063/3061
f 2085/4063/3061 1955/4062/3060 1954/4064/3062
f 2085/4063/3061 1954/4064/3062 2086/4065/3063
f 2086/4065/3063 1954/4064/3062 1953/4066/3064
f 2086/4065/3063 1953/4066/3064 2087/4067/3065
f 2087/4067/3065 1953/4066/3064 1952/4068/3066
f 2087/4067/3065 1952/4068/3066 2088/4069/3067
f 2088/4069/3067 1952/4068/3066 1951/4070/3068
f 2088/4069/3067 1951/4070/3068 2089/4071/3069
f 2089/4071/3069 1951/4070/3068 1950/4072/3070
f 2089/4071/3069 1950/4072/3070 2090/4073/3071
f 2090/4073/3071 1950/4072/3070 1949/4074/3072
f 2090/4073/3071 1949/4074/3072 2091/4075/3073
f 2091/4075/3073 1949/4074/3072 1948/4076/3074
f 2091/4075/3073 1948/4076/3074 2092/4077/3075
f 2092/4077/3075 1948/4076/3074 1947/4078/3076
f 2092/4077/3075 1947/4078/3076 2093/4079/3077
f 2093/4079/3077 1947/4078/3076 1946/4080/3078
f 2093/4079/3077 1946/4080/3078 2094/4081/3079
f 2094/4081/3079 1946/4080/3078 1945/4082/3080
f 2094/4081/3079 1945/4082/3080 2095/4083/3081
f 2095/4083/3081 1945/4082/3080 1944/4084/3082
f 2095/4083/3081 1944/4084/3082 2096/4085/3083
f 2096/4085/3083 1944/4084/3082 1943/4086/3084
f 2096/4085/3083 1943/4086/3084 2097/4087/3085
f 2097/4087/3085 1943/4086/3084 1942/4088/3086
f 2097/4087/3085 1942/4088/3086 2098/4027/3029
f 2098/4027/3029 1942/4088/3086 1941/4028/3030
f 2779/4089/3087 1259/4090/1293 2786/4091/3088
f 2786/4091/3088 1259/4090/1293 1289/4092/3089
f 2786/4091/3088 1289/4092/3089 2837/4093/3090
f 2837/4093/3090 1289/4092/3089 1288/4094/3091
f 2837/4093/3090 1288/4094/3091 2836/4095/3092
f 2836/4095/3092 1288/4094/3091 1287/4096/3093
f 2836/4095/3092 1287/4096/3093 2835/4097/3094
f 2835/4097/3094 1287/4096/3093 1286/4098/3095
f 2835/4097/3094 1286/4098/3095 2834/4099/3096
f 2834/4099/3096 1286/4098/3095 1285/4100/3097
f 2834/4099/3096 1285/4100/3097 2833/4101/3098
f 2833/4101/3098 1285/4100/3097 1284/4102/3099
f 2833/4101/3098 1284/4102/3099 2832/4103/3100
f 2832/4103/3100 1284/4102/3099 1283/4104/3101
f 2832/4103/3100 1283/4104/3101 2831/4105/3102
f 2831/4105/3102 1283/4104/3101 1282/4106/3103
f 2831/4105/3102 1282/4106/3103 2830/4107/3104
f 2830/4107/3104 1282/4106/3103 1281/4108/3105
f 2830/4107/3104 1281/4108/3105 2829/4109/3106
f 2829/4109/3106 1281/4108/3105 1280/4110/3107
f 2829/4109/3106 1280/4110/3107 2828/4111/3108
f 2828/4111/3108 1280/4110/3107 2827/4112/3109
f 2828/4111/3108 2827/4112/3109 2888/4113/3110
f 2888/4113/3110 2827/4112/3109 2889/4114/3111
f 2888/4113/3110 2889/4114/3111 2867/4115/3112
f 2867/4115/3112 2889/4114/3111 2866/4116/3113
f 2867/4115/3112 2866/4116/3113 3416/4117/3114
f 3416/4117/3114 2866/4116/3113 3415/4118/3115
f 3416/4117/3114 3415/4118/3115 2967/4119/3116
f 2967/4119/3116 3415/4118/3115 2968/4120/3117
f 2967/4119/3116 2968/4120/3117 2946/4121/3118
f 2946/4121/3118 2968/4120/3117 2945/4122/3119
f 2946/4121/3118 2945/4122/3119 3045/4123/3120
f 3045/4123/3120 2945/4122/3119 3046/4124/3121
f 3045/4123/3120 3046/4124/3121 3025/4125/3122
f 3025/4125/3122 3046/4124/3121 3024/4126/3123
f 3025/4125/3122 3024/4126/3123 3123/4127/3124
f 3123/4127/3124 3024/4126/3123 3124/4128/3125
f 3123/4127/3124 3124/4128/3125 3103/4129/3126
f 3103/4129/3126 3124/4128/3125 3102/4130/3127
f 3103/4129/3126 3102/4130/3127 3201/4131/3128
f 3201/4131/3128 3102/4130/3127 3202/4132/3129
f 3201/4131/3128 3202/4132/3129 3181/4133/3130
f 3181/4133/3130 3202/4132/3129 3180/4134/3131
f 3181/4133/3130 3180/4134/3131 3279/4135/3132
f 3279/4135/3132 3180/4134/3131 3280/4136/3133
f 3279/4135/3132 3280/4136/3133 3259/4137/3134
f 3259/4137/3134 3280/4136/3133 3258/4138/3135
f 3259/4137/3134 3258/4138/3135 3358/4139/3136
f 3358/4139/3136 3258/4138/3135 3359/4140/3137
f 3358/4139/3136 3359/4140/3137 3338/4141/3138
f 3338/4141/3138 3359/4140/3137 3337/4142/3139
f 3338/4141/3138 3337/4142/3139 1694/4143/3140
f 1694/4143/3140 3337/4142/3139 1695/4144/3141
f 1695/4144/3141 3337/4142/3139 3336/4145/3142
f 1695/4144/3141 3336/4145/3142 3335/4146/3143
f 3335/4146/3143 3336/4145/3142 3361/4147/3144
f 3335/4146/3143 3361/4147/3144 3362/4148/3145
f 3362/4148/3145 3361/4147/3144 3255/4149/3146
f 3362/4148/3145 3255/4149/3146 3254/4150/3147
f 3254/4150/3147 3255/4149/3146 3284/4151/3148
f 3254/4150/3147 3284/4151/3148 3285/4152/3149
f 3285/4152/3149 3284/4151/3148 3175/4153/3150
f 3285/4152/3149 3175/4153/3150 3174/4154/3151
f 3174/4154/3151 3175/4153/3150 3208/4155/3152
f 3174/4154/3151 3208/4155/3152 3209/4156/3153
f 3209/4156/3153 3208/4155/3152 3095/4157/3154
f 3209/4156/3153 3095/4157/3154 3094/4158/3155
f 3094/4158/3155 3095/4157/3154 3132/4159/3156
f 3094/4158/3155 3132/4159/3156 3133/4160/3157
f 3133/4160/3157 3132/4159/3156 3015/4161/3158
f 3133/4160/3157 3015/4161/3158 3014/4162/3159
f 3014/4162/3159 3015/4161/3158 3056/4163/3160
f 3014/4162/3159 3056/4163/3160 3057/4164/3161
f 3057/4164/3161 3056/4163/3160 2934/4165/3162
f 3057/4164/3161 2934/4165/3162 2933/4166/3163
f 2933/4166/3163 2934/4165/3162 2980/4167/3164
f 2933/4166/3163 2980/4167/3164 2981/4168/3165
f 2981/4168/3165 2980/4167/3164 3402/4169/3166
f 2981/4168/3165 3402/4169/3166 3401/4170/3167
f 3401/4170/3167 3402/4169/3166 2852/4171/3168
f 3401/4170/3167 2852/4171/3168 2851/4172/3169
f 2851/4172/3169 2852/4171/3168 2904/4173/3170
f 2851/4172/3169 2904/4173/3170 2905/4174/3171
f 2905/4174/3171 2904/4173/3170 2811/4175/3172
f 2905/4174/3171 2811/4175/3172 2810/4176/3173
f 2810/4176/3173 2811/4175/3172 1269/4177/3174
f 2810/4176/3173 1269/4177/3174 2809/4178/3175
f 2809/4178/3175 1269/4177/3174 1268/4179/3176
f 2809/4178/3175 1268/4179/3176 2808/4180/3177
f 2808/4180/3177 1268/4179/3176 2807/4181/3178
f 2808/4180/3177 2807/4181/3178 2908/4182/3179
f 2908/4182/3179 2807/4181/3178 2909/4183/3180
f 2908/4182/3179 2909/4183/3180 2847/4184/3181
f 2847/4184/3181 2909/4183/3180 2846/4185/3182
f 2847/4184/3181 2846/4185/3182 3396/4186/3183
f 3396/4186/3183 2846/4185/3182 3395/4187/3184
f 3396/4186/3183 3395/4187/3184 2987/4188/3185
f 2987/4188/3185 3395/4187/3184 2988/4189/3186
f 2987/4188/3185 2988/4189/3186 2926/4190/3187
f 2926/4190/3187 2988/4189/3186 2925/4191/3188
f 2926/4190/3187 2925/4191/3188 3065/4192/3189
f 3065/4192/3189 2925/4191/3188 3066/4193/3190
f 3065/4192/3189 3066/4193/3190 3005/4194/3191
f 3005/4194/3191 3066/4193/3190 3004/4195/3192
f 3005/4194/3191 3004/4195/3192 3143/4196/3193
f 3143/4196/3193 3004/4195/3192 3144/4197/3194
f 3143/4196/3193 3144/4197/3194 3083/4198/3195
f 3083/4198/3195 3144/4197/3194 3082/4199/3196
f 3083/4198/3195 3082/4199/3196 3221/4200/3197
f 3221/4200/3197 3082/4199/3196 3222/4201/3198
f 3221/4200/3197 3222/4201/3198 3161/4202/3199
f 3161/4202/3199 3222/4201/3198 3160/4203/3200
f 3161/4202/3199 3160/4203/3200 3299/4204/3201
f 3299/4204/3201 3160/4203/3200 3300/4205/3202
f 3299/4204/3201 3300/4205/3202 3239/4206/3203
f 3239/4206/3203 3300/4205/3202 3238/4207/3204
f 3239/4206/3203 3238/4207/3204 3378/4208/3205
f 3378/4208/3205 3238/4207/3204 3379/4209/3206
f 3378/4208/3205 3379/4209/3206 3318/4210/3207
f 3318/4210/3207 3379/4209/3206 3317/4211/3208
f 3318/4210/3207 3317/4211/3208 1707/4212/3209
f 1707/4212/3209 3317/4211/3208 1708/4213/1725
f 1708/4213/1725 3317/4211/3208 3316/4214/3210
f 1708/4213/1725 3316/4214/3210 1709/4215/3211
f 1709/4215/3211 3316/4214/3210 3315/4216/3212
f 1709/4215/3211 3315/4216/3212 1710/4217/3213
f 1710/4217/3213 3315/4216/3212 3314/4218/3214
f 1710/4217/3213 3314/4218/3214 1711/4219/3215
f 1711/4219/3215 3314/4218/3214 3313/4220/3216
f 1711/4219/3215 3313/4220/3216 1712/4221/1721
f 1712/4221/1721 3313/4220/3216 3312/4222/3217
f 1712/4221/1721 3312/4222/3217 1713/4223/3218
f 1713/4223/3218 3312/4222/3217 3311/4224/3219
f 1713/4223/3218 3311/4224/3219 1714/4225/3220
f 1714/4225/3220 3311/4224/3219 3310/4226/3221
f 1714/4225/3220 3310/4226/3221 1715/4227/3222
f 1715/4227/3222 3310/4226/3221 3309/4228/3223
f 1715/4227/3222 3309/4228/3223 1684/4229/1717
f 1684/4229/1717 3309/4228/3223 2785/4230/3224
f 2785/4230/3224 3309/4228/3223 3387/4231/3225
f 2785/4230/3224 3387/4231/3225 2799/4232/3226
f 2799/4232/3226 3387/4231/3225 3386/4233/3227
f 2799/4232/3226 3386/4233/3227 3231/4234/3228
f 3231/4234/3228 3386/4233/3227 3385/4235/3229
f 3231/4234/3228 3385/4235/3229 3232/4236/3230
f 3232/4236/3230 3385/4235/3229 3384/4237/3231
f 3232/4236/3230 3384/4237/3231 3233/4238/3232
f 3233/4238/3232 3384/4237/3231 3383/4239/3233
f 3233/4238/3232 3383/4239/3233 3234/4240/3234
f 3234/4240/3234 3383/4239/3233 3382/4241/3235
f 3234/4240/3234 3382/4241/3235 3235/4242/3236
f 3235/4242/3236 3382/4241/3235 3381/4243/3237
f 3235/4242/3236 3381/4243/3237 3236/4244/3238
f 3236/4244/3238 3381/4243/3237 3380/4245/3239
f 3236/4244/3238 3380/4245/3239 3237/4246/3240
f 3237/4246/3240 3380/4245/3239 3379/4209/3206
f 3237/4246/3240 3379/4209/3206 3238/4207/3204
f 1280/4110/3107 1279/4247/3241 2827/4112/3109
f 2827/4112/3109 1279/4247/3241 2826/4248/3242
f 2827/4112/3109 2826/4248/3242 2889/4114/3111
f 2889/4114/3111 2826/4248/3242 2890/4249/3243
f 2889/4114/3111 2890/4249/3243 2866/4116/3113
f 2866/4116/3113 2890/4249/3243 2865/4250/3244
f 2866/4116/3113 2865/4250/3244 3415/4118/3115
f 3415/4118/3115 2865/4250/3244 3414/4251/3245
f 3415/4118/3115 3414/4251/3245 2968/4120/3117
f 2968/4120/3117 3414/4251/3245 2969/4252/3246
f 2968/4120/3117 2969/4252/3246 2945/4122/3119
f 2945/4122/3119 2969/4252/3246 2944/4253/3247
f 2945/4122/3119 2944/4253/3247 3046/4124/3121
f 3046/4124/3121 2944/4253/3247 3047/4254/3248
f 3046/4124/3121 3047/4254/3248 3024/4126/3123
f 3024/4126/3123 3047/4254/3248 3023/4255/3249
f 3024/4126/3123 3023/4255/3249 3124/4128/3125
f 3124/4128/3125 3023/4255/3249 3125/4256/3250
f 3124/4128/3125 3125/4256/3250 3102/4130/3127
f 3102/4130/3127 3125/4256/3250 3101/4257/3251
f 3102/4130/3127 3101/4257/3251 3202/4132/3129
f 3202/4132/3129 3101/4257/3251 3203/4258/3252
f 3202/4132/3129 3203/4258/3252 3180/4134/3131
f 3180/4134/3131 3203/4258/3252 3179/4259/3253
f 3180/4134/3131 3179/4259/3253 3280/4136/3133
f 3280/4136/3133 3179/4259/3253 3281/4260/3254
f 3280/4136/3133 3281/4260/3254 3258/4138/3135
f 3258/4138/3135 3281/4260/3254 3257/4261/3255
f 3258/4138/3135 3257/4261/3255 3359/4140/3137
f 3359/4140/3137 3257/4261/3255 3360/4262/3256
f 3359/4140/3137 3360/4262/3256 3337/4142/3139
f 3337/4142/3139 3360/4262/3256 3336/4145/3142
f 2826/4248/3242 1279/4247/3241 2825/4263/3257
f 2825/4263/3257 1279/4247/3241 1278/4264/3258
f 2825/4263/3257 1278/4264/3258 2824/4265/3259
f 2824/4265/3259 1278/4264/3258 2823/4266/3260
f 2824/4265/3259 2823/4266/3260 2892/4267/3261
f 2892/4267/3261 2823/4266/3260 2893/4268/3262
f 2892/4267/3261 2893/4268/3262 2863/4269/3263
f 2863/4269/3263 2893/4268/3262 2862/4270/3264
f 2863/4269/3263 2862/4270/3264 3412/4271/3265
f 3412/4271/3265 2862/4270/3264 3411/4272/3266
f 3412/4271/3265 3411/4272/3266 2971/4273/3267
f 2971/4273/3267 3411/4272/3266 2972/4274/3268
f 2971/4273/3267 2972/4274/3268 2942/4275/3269
f 2942/4275/3269 2972/4274/3268 2941/4276/3270
f 2942/4275/3269 2941/4276/3270 3049/4277/3271
f 3049/4277/3271 2941/4276/3270 3050/4278/3272
f 3049/4277/3271 3050/4278/3272 3021/4279/3273
f 3021/4279/3273 3050/4278/3272 3020/4280/3274
f 3021/4279/3273 3020/4280/3274 3127/4281/3275
f 3127/4281/3275 3020/4280/3274 3128/4282/3276
f 3127/4281/3275 3128/4282/3276 3099/4283/3277
f 3099/4283/3277 3128/4282/3276 3098/4284/3278
f 3099/4283/3277 3098/4284/3278 3205/4285/3279
f 3205/4285/3279 3098/4284/3278 3206/4286/3280
f 3205/4285/3279 3206/4286/3280 3177/4287/3281
f 3177/4287/3281 3206/4286/3280 3176/4288/3282
f 3177/4287/3281 3176/4288/3282 3283/4289/3283
f 3283/4289/3283 3176/4288/3282 3284/4151/3148
f 3283/4289/3283 3284/4151/3148 3255/4149/3146
f 1278/4264/3258 1277/4290/3284 2823/4266/3260
f 2823/4266/3260 1277/4290/3284 2822/4291/3285
f 2823/4266/3260 2822/4291/3285 2893/4268/3262
f 2893/4268/3262 2822/4291/3285 2894/4292/3286
f 2893/4268/3262 2894/4292/3286 2862/4270/3264
f 2862/4270/3264 2894/4292/3286 2861/4293/3287
f 2862/4270/3264 2861/4293/3287 3411/4272/3266
f 3411/4272/3266 2861/4293/3287 3410/4294/3288
f 3411/4272/3266 3410/4294/3288 2972/4274/3268
f 2972/4274/3268 3410/4294/3288 2973/4295/3289
f 2972/4274/3268 2973/4295/3289 2941/4276/3270
f 2941/4276/3270 2973/4295/3289 2940/4296/3290
f 2941/4276/3270 2940/4296/3290 3050/4278/3272
f 3050/4278/3272 2940/4296/3290 3051/4297/3291
f 3050/4278/3272 3051/4297/3291 3020/4280/3274
f 3020/4280/3274 3051/4297/3291 3019/4298/3292
f 3020/4280/3274 3019/4298/3292 3128/4282/3276
f 3128/4282/3276 3019/4298/3292 3129/4299/3293
f 3128/4282/3276 3129/4299/3293 3098/4284/3278
f 3098/4284/3278 3129/4299/3293 3097/4300/3294
f 3098/4284/3278 3097/4300/3294 3206/4286/3280
f 3206/4286/3280 3097/4300/3294 3207/4301/3295
f 3206/4286/3280 3207/4301/3295 3176/4288/3282
f 3176/4288/3282 3207/4301/3295 3175/4153/3150
f 3176/4288/3282 3175/4153/3150 3284/4151/3148
f 2822/4291/3285 1277/4290/3284 2821/4302/3296
f 2821/4302/3296 1277/4290/3284 1276/4303/3297
f 2821/4302/3296 1276/4303/3297 2820/4304/3298
f 2820/4304/3298 1276/4303/3297 1275/4305/3299
f 2820/4304/3298 1275/4305/3299 2819/4306/3300
f 2819/4306/3300 1275/4305/3299 1274/4307/3301
f 2819/4306/3300 1274/4307/3301 2818/4308/3302
f 2818/4308/3302 1274/4307/3301 1273/4309/3303
f 2818/4308/3302 1273/4309/3303 2817/4310/3304
f 2817/4310/3304 1273/4309/3303 1272/4311/3305
f 2817/4310/3304 1272/4311/3305 2816/4312/3306
f 2816/4312/3306 1272/4311/3305 2815/4313/3307
f 2816/4312/3306 2815/4313/3307 2900/4314/3308
f 2900/4314/3308 2815/4313/3307 2901/4315/3309
f 2900/4314/3308 2901/4315/3309 2855/4316/3310
f 2855/4316/3310 2901/4315/3309 2854/4317/3311
f 2855/4316/3310 2854/4317/3311 3404/4318/3312
f 3404/4318/3312 2854/4317/3311 3403/4319/3313
f 3404/4318/3312 3403/4319/3313 2979/4320/3314
f 2979/4320/3314 3403/4319/3313 2980/4167/3164
f 2979/4320/3314 2980/4167/3164 2934/4165/3162
f 1272/4311/3305 1271/4321/3315 2815/4313/3307
f 2815/4313/3307 1271/4321/3315 2814/4322/3316
f 2815/4313/3307 2814/4322/3316 2901/4315/3309
f 2901/4315/3309 2814/4322/3316 2902/4323/3317
f 2901/4315/3309 2902/4323/3317 2854/4317/3311
f 2854/4317/3311 2902/4323/3317 2853/4324/3318
f 2854/4317/3311 2853/4324/3318 3403/4319/3313
f 3403/4319/3313 2853/4324/3318 3402/4169/3166
f 3403/4319/3313 3402/4169/3166 2980/4167/3164
f 2814/4322/3316 1271/4321/3315 2813/4325/3319
f 2813/4325/3319 1271/4321/3315 1270/4326/3320
f 2813/4325/3319 1270/4326/3320 2812/4327/3321
f 2812/4327/3321 1270/4326/3320 2811/4175/3172
f 2812/4327/3321 2811/4175/3172 2904/4173/3170
f 1270/4326/3320 1269/4177/3174 2811/4175/3172
f 1268/4179/3176 1267/4328/3322 2807/4181/3178
f 2807/4181/3178 1267/4328/3322 2806/4329/3323
f 2807/4181/3178 2806/4329/3323 2909/4183/3180
f 2909/4183/3180 2806/4329/3323 2910/4330/3324
f 2909/4183/3180 2910/4330/3324 2846/4185/3182
f 2846/4185/3182 2910/4330/3324 2845/4331/3325
f 2846/4185/3182 2845/4331/3325 3395/4187/3184
f 3395/4187/3184 2845/4331/3325 3394/4332/3326
f 3395/4187/3184 3394/4332/3326 2988/4189/3186
f 2988/4189/3186 3394/4332/3326 2989/4333/3327
f 2988/4189/3186 2989/4333/3327 2925/4191/3188
f 2925/4191/3188 2989/4333/3327 2924/4334/3328
f 2925/4191/3188 2924/4334/3328 3066/4193/3190
f 3066/4193/3190 2924/4334/3328 3067/4335/3329
f 3066/4193/3190 3067/4335/3329 3004/4195/3192
f 3004/4195/3192 3067/4335/3329 3003/4336/3330
f 3004/4195/3192 3003/4336/3330 3144/4197/3194
f 3144/4197/3194 3003/4336/3330 3145/4337/3331
f 3144/4197/3194 3145/4337/3331 3082/4199/3196
f 3082/4199/3196 3145/4337/3331 3081/4338/3332
f 3082/4199/3196 3081/4338/3332 3222/4201/3198
f 3222/4201/3198 3081/4338/3332 3223/4339/3333
f 3222/4201/3198 3223/4339/3333 3160/4203/3200
f 3160/4203/3200 3223/4339/3333 3159/4340/3334
f 3160/4203/3200 3159/4340/3334 3300/4205/3202
f 3300/4205/3202 3159/4340/3334 3301/4341/3335
f 3300/4205/3202 3301/4341/3335 3238/4207/3204
f 3238/4207/3204 3301/4341/3335 3237/4246/3240
f 1267/4328/3322 1266/4342/3336 2806/4329/3323
f 2806/4329/3323 1266/4342/3336 2805/4343/3337
f 2806/4329/3323 2805/4343/3337 2910/4330/3324
f 2910/4330/3324 2805/4343/3337 2911/4344/3338
f 2910/4330/3324 2911/4344/3338 2845/4331/3325
f 2845/4331/3325 2911/4344/3338 2844/4345/3339
f 2845/4331/3325 2844/4345/3339 3394/4332/3326
f 3394/4332/3326 2844/4345/3339 3393/4346/3340
f 3394/4332/3326 3393/4346/3340 2989/4333/3327
f 2989/4333/3327 3393/4346/3340 2990/4347/3341
f 2989/4333/3327 2990/4347/3341 2924/4334/3328
f 2924/4334/3328 2990/4347/3341 2923/4348/3342
f 2924/4334/3328 2923/4348/3342 3067/4335/3329
f 3067/4335/3329 2923/4348/3342 3068/4349/3343
f 3067/4335/3329 3068/4349/3343 3003/4336/3330
f 3003/4336/3330 3068/4349/3343 3002/4350/3344
f 3003/4336/3330 3002/4350/3344 3145/4337/3331
f 3145/4337/3331 3002/4350/3344 3146/4351/3345
f 3145/4337/3331 3146/4351/3345 3081/4338/3332
f 3081/4338/3332 3146/4351/3345 3080/4352/3346
f 3081/4338/3332 3080/4352/3346 3223/4339/3333
f 3223/4339/3333 3080/4352/3346 3224/4353/3347
f 3223/4339/3333 3224/4353/3347 3159/4340/3334
f 3159/4340/3334 3224/4353/3347 3158/4354/3348
f 3159/4340/3334 3158/4354/3348 3301/4341/3335
f 3301/4341/3335 3158/4354/3348 3302/4355/3349
f 3301/4341/3335 3302/4355/3349 3237/4246/3240
f 3237/4246/3240 3302/4355/3349 3236/4244/3238
f 1266/4342/3336 1265/4356/3350 2805/4343/3337
f 2805/4343/3337 1265/4356/3350 2804/4357/3351
f 2805/4343/3337 2804/4357/3351 2911/4344/3338
f 2911/4344/3338 2804/4357/3351 2912/4358/3352
f 2911/4344/3338 2912/4358/3352 2844/4345/3339
f 2844/4345/3339 2912/4358/3352 2843/4359/3353
f 2844/4345/3339 2843/4359/3353 3393/4346/3340
f 3393/4346/3340 2843/4359/3353 3392/4360/3354
f 3393/4346/3340 3392/4360/3354 2990/4347/3341
f 2990/4347/3341 3392/4360/3354 2991/4361/3355
f 2990/4347/3341 2991/4361/3355 2923/4348/3342
f 2923/4348/3342 2991/4361/3355 2922/4362/3356
f 2923/4348/3342 2922/4362/3356 3068/4349/3343
f 3068/4349/3343 2922/4362/3356 3069/4363/3357
f 3068/4349/3343 3069/4363/3357 3002/4350/3344
f 3002/4350/3344 3069/4363/3357 3001/4364/3358
f 3002/4350/3344 3001/4364/3358 3146/4351/3345
f 3146/4351/3345 3001/4364/3358 3147/4365/3359
f 3146/4351/3345 3147/4365/3359 3080/4352/3346
f 3080/4352/3346 3147/4365/3359 3079/4366/3360
f 3080/4352/3346 3079/4366/3360 3224/4353/3347
f 3224/4353/3347 3079/4366/3360 3225/4367/3361
f 3224/4353/3347 3225/4367/3361 3158/4354/3348
f 3158/4354/3348 3225/4367/3361 3157/4368/3362
f 3158/4354/3348 3157/4368/3362 3302/4355/3349
f 3302/4355/3349 3157/4368/3362 3303/4369/3363
f 3302/4355/3349 3303/4369/3363 3236/4244/3238
f 3236/4244/3238 3303/4369/3363 3235/4242/3236
f 1265/4356/3350 1264/4370/3364 2804/4357/3351
f 2804/4357/3351 1264/4370/3364 2803/4371/3365
f 2804/4357/3351 2803/4371/3365 2912/4358/3352
f 2912/4358/3352 2803/4371/3365 2913/4372/3366
f 2912/4358/3352 2913/4372/3366 2843/4359/3353
f 2843/4359/3353 2913/4372/3366 2842/4373/3367
f 2843/4359/3353 2842/4373/3367 3392/4360/3354
f 3392/4360/3354 2842/4373/3367 3391/4374/3368
f 3392/4360/3354 3391/4374/3368 2991/4361/3355
f 2991/4361/3355 3391/4374/3368 2992/4375/3369
f 2991/4361/3355 2992/4375/3369 2922/4362/3356
f 2922/4362/3356 2992/4375/3369 2921/4376/3370
f 2922/4362/3356 2921/4376/3370 3069/4363/3357
f 3069/4363/3357 2921/4376/3370 3070/4377/3371
f 3069/4363/3357 3070/4377/3371 3001/4364/3358
f 3001/4364/3358 3070/4377/3371 3000/4378/3372
f 3001/4364/3358 3000/4378/3372 3147/4365/3359
f 3147/4365/3359 3000/4378/3372 3148/4379/3373
f 3147/4365/3359 3148/4379/3373 3079/4366/3360
f 3079/4366/3360 3148/4379/3373 3078/4380/3374
f 3079/4366/3360 3078/4380/3374 3225/4367/3361
f 3225/4367/3361 3078/4380/3374 3226/4381/3375
f 3225/4367/3361 3226/4381/3375 3157/4368/3362
f 3157/4368/3362 3226/4381/3375 3156/4382/3376
f 3157/4368/3362 3156/4382/3376 3303/4369/3363
f 3303/4369/3363 3156/4382/3376 3304/4383/3377
f 3303/4369/3363 3304/4383/3377 3235/4242/3236
f 3235/4242/3236 3304/4383/3377 3234/4240/3234
f 1264/4370/3364 1263/4384/3378 2803/4371/3365
f 2803/4371/3365 1263/4384/3378 2802/4385/3379
f 2803/4371/3365 2802/4385/3379 2913/4372/3366
f 2913/4372/3366 2802/4385/3379 2914/4386/3380
f 2913/4372/3366 2914/4386/3380 2842/4373/3367
f 2842/4373/3367 2914/4386/3380 2841/4387/3381
f 2842/4373/3367 2841/4387/3381 3391/4374/3368
f 3391/4374/3368 2841/4387/3381 3390/4388/3382
f 3391/4374/3368 3390/4388/3382 2992/4375/3369
f 2992/4375/3369 3390/4388/3382 2993/4389/3383
f 2992/4375/3369 2993/4389/3383 2921/4376/3370
f 2921/4376/3370 2993/4389/3383 2920/4390/3384
f 2921/4376/3370 2920/4390/3384 3070/4377/3371
f 3070/4377/3371 2920/4390/3384 3071/4391/3385
f 3070/4377/3371 3071/4391/3385 3000/4378/3372
f 3000/4378/3372 3071/4391/3385 2999/4392/3386
f 3000/4378/3372 2999/4392/3386 3148/4379/3373
f 3148/4379/3373 2999/4392/3386 3149/4393/3387
f 3148/4379/3373 3149/4393/3387 3078/4380/3374
f 3078/4380/3374 3149/4393/3387 3077/4394/3388
f 3078/4380/3374 3077/4394/3388 3226/4381/3375
f 3226/4381/3375 3077/4394/3388 3227/4395/3389
f 3226/4381/3375 3227/4395/3389 3156/4382/3376
f 3156/4382/3376 3227/4395/3389 3155/4396/3390
f 3156/4382/3376 3155/4396/3390 3304/4383/3377
f 3304/4383/3377 3155/4396/3390 3305/4397/3391
f 3304/4383/3377 3305/4397/3391 3234/4240/3234
f 3234/4240/3234 3305/4397/3391 3233/4238/3232
f 1263/4384/3378 1262/4398/3392 2802/4385/3379
f 2802/4385/3379 1262/4398/3392 2801/4399/3393
f 2802/4385/3379 2801/4399/3393 2914/4386/3380
f 2914/4386/3380 2801/4399/3393 2915/4400/3394
f 2914/4386/3380 2915/4400/3394 2841/4387/3381
f 2841/4387/3381 2915/4400/3394 2840/4401/3395
f 2841/4387/3381 2840/4401/3395 3390/4388/3382
f 3390/4388/3382 2840/4401/3395 3389/4402/3396
f 3390/4388/3382 3389/4402/3396 2993/4389/3383
f 2993/4389/3383 3389/4402/3396 2994/4403/3397
f 2993/4389/3383 2994/4403/3397 2920/4390/3384
f 2920/4390/3384 2994/4403/3397 2919/4404/3398
f 2920/4390/3384 2919/4404/3398 3071/4391/3385
f 3071/4391/3385 2919/4404/3398 3072/4405/3399
f 3071/4391/3385 3072/4405/3399 2999/4392/3386
f 2999/4392/3386 3072/4405/3399 2998/4406/3400
f 2999/4392/3386 2998/4406/3400 3149/4393/3387
f 3149/4393/3387 2998/4406/3400 3150/4407/3401
f 3149/4393/3387 3150/4407/3401 3077/4394/3388
f 3077/4394/3388 3150/4407/3401 3076/4408/3402
f 3077/4394/3388 3076/4408/3402 3227/4395/3389
f 3227/4395/3389 3076/4408/3402 3228/4409/3403
f 3227/4395/3389 3228/4409/3403 3155/4396/3390
f 3155/4396/3390 3228/4409/3403 3154/4410/3404
f 3155/4396/3390 3154/4410/3404 3305/4397/3391
f 3305/4397/3391 3154/4410/3404 3306/4411/3405
f 3305/4397/3391 3306/4411/3405 3233/4238/3232
f 3233/4238/3232 3306/4411/3405 3232/4236/3230
f 1262/4398/3392 1261/4412/3406 2801/4399/3393
f 2801/4399/3393 1261/4412/3406 2800/4413/3407
f 2801/4399/3393 2800/4413/3407 2915/4400/3394
f 2915/4400/3394 2800/4413/3407 2916/4414/3408
f 2915/4400/3394 2916/4414/3408 2840/4401/3395
f 2840/4401/3395 2916/4414/3408 2839/4415/3409
f 2840/4401/3395 2839/4415/3409 3389/4402/3396
f 3389/4402/3396 2839/4415/3409 3388/4416/3410
f 3389/4402/3396 3388/4416/3410 2994/4403/3397
f 2994/4403/3397 3388/4416/3410 2995/4417/3411
f 2994/4403/3397 2995/4417/3411 2919/4404/3398
f 2919/4404/3398 2995/4417/3411 2918/4418/3412
f 2919/4404/3398 2918/4418/3412 3072/4405/3399
f 3072/4405/3399 2918/4418/3412 3073/4419/3413
f 3072/4405/3399 3073/4419/3413 2998/4406/3400
f 2998/4406/3400 3073/4419/3413 2997/4420/3414
f 2998/4406/3400 2997/4420/3414 3150/4407/3401
f 3150/4407/3401 2997/4420/3414 3151/4421/3415
f 3150/4407/3401 3151/4421/3415 3076/4408/3402
f 3076/4408/3402 3151/4421/3415 3075/4422/3416
f 3076/4408/3402 3075/4422/3416 3228/4409/3403
f 3228/4409/3403 3075/4422/3416 3229/4423/3417
f 3228/4409/3403 3229/4423/3417 3154/4410/3404
f 3154/4410/3404 3229/4423/3417 3153/4424/3418
f 3154/4410/3404 3153/4424/3418 3306/4411/3405
f 3306/4411/3405 3153/4424/3418 3307/4425/3419
f 3306/4411/3405 3307/4425/3419 3232/4236/3230
f 3232/4236/3230 3307/4425/3419 3231/4234/3228
f 1261/4412/3406 1260/4426/3420 2800/4413/3407
f 2800/4413/3407 1260/4426/3420 2787/4427/3421
f 2800/4413/3407 2787/4427/3421 2916/4414/3408
f 2916/4414/3408 2787/4427/3421 2917/4428/3422
f 2916/4414/3408 2917/4428/3422 2839/4415/3409
f 2839/4415/3409 2917/4428/3422 2838/4429/3423
f 2839/4415/3409 2838/4429/3423 3388/4416/3410
f 3388/4416/3410 2838/4429/3423 2789/4430/3424
f 3388/4416/3410 2789/4430/3424 2995/4417/3411
f 2995/4417/3411 2789/4430/3424 2996/4431/3425
f 2995/4417/3411 2996/4431/3425 2918/4418/3412
f 2918/4418/3412 2996/4431/3425 2791/4432/3426
f 2918/4418/3412 2791/4432/3426 3073/4419/3413
f 3073/4419/3413 2791/4432/3426 3074/4433/3427
f 3073/4419/3413 3074/4433/3427 2997/4420/3414
f 2997/4420/3414 3074/4433/3427 2793/4434/3428
f 2997/4420/3414 2793/4434/3428 3151/4421/3415
f 3151/4421/3415 2793/4434/3428 3152/4435/3429
f 3151/4421/3415 3152/4435/3429 3075/4422/3416
f 3075/4422/3416 3152/4435/3429 2795/4436/3430
f 3075/4422/3416 2795/4436/3430 3229/4423/3417
f 3229/4423/3417 2795/4436/3430 3230/4437/3431
f 3229/4423/3417 3230/4437/3431 3153/4424/3418
f 3153/4424/3418 3230/4437/3431 2797/4438/3432
f 3153/4424/3418 2797/4438/3432 3307/4425/3419
f 3307/4425/3419 2797/4438/3432 3308/4439/3433
f 3307/4425/3419 3308/4439/3433 3231/4234/3228
f 3231/4234/3228 3308/4439/3433 2799/4232/3226
f 1260/4426/3420 1259/4440/1293 2787/4427/3421
f 2787/4427/3421 1259/4440/1293 2779/4441/3087
f 2787/4427/3421 2779/4441/3087 2917/4428/3422
f 2917/4428/3422 2779/4441/3087 2838/4429/3423
f 2779/4441/3087 2780/4442/3434 2838/4429/3423
f 2838/4429/3423 2780/4442/3434 2789/4430/3424
f 2781/4443/3435 2791/4432/3426 2780/4442/3434
f 2780/4442/3434 2791/4432/3426 2996/4431/3425
f 2780/4442/3434 2996/4431/3425 2789/4430/3424
f 2782/4444/3436 2793/4434/3428 2781/4443/3435
f 2781/4443/3435 2793/4434/3428 3074/4433/3427
f 2781/4443/3435 3074/4433/3427 2791/4432/3426
f 2783/4445/3437 2795/4436/3430 2782/4444/3436
f 2782/4444/3436 2795/4436/3430 3152/4435/3429
f 2782/4444/3436 3152/4435/3429 2793/4434/3428
f 2784/4446/3438 2797/4438/3432 2783/4445/3437
f 2783/4445/3437 2797/4438/3432 3230/4437/3431
f 2783/4445/3437 3230/4437/3431 2795/4436/3430
f 2785/4230/3224 2799/4232/3226 2784/4446/3438
f 2784/4446/3438 2799/4232/3226 3308/4439/3433
f 2784/4446/3438 3308/4439/3433 2797/4438/3432
f 1707/4212/3209 1706/4447/3439 3318/4210/3207
f 3318/4210/3207 1706/4447/3439 3319/4448/3440
f 3318/4210/3207 3319/4448/3440 3378/4208/3205
f 3378/4208/3205 3319/4448/3440 3377/4449/3441
f 3378/4208/3205 3377/4449/3441 3239/4206/3203
f 3239/4206/3203 3377/4449/3441 3240/4450/3442
f 3239/4206/3203 3240/4450/3442 3299/4204/3201
f 3299/4204/3201 3240/4450/3442 3298/4451/3443
f 3299/4204/3201 3298/4451/3443 3161/4202/3199
f 3161/4202/3199 3298/4451/3443 3162/4452/3444
f 3161/4202/3199 3162/4452/3444 3221/4200/3197
f 3221/4200/3197 3162/4452/3444 3220/4453/3445
f 3221/4200/3197 3220/4453/3445 3083/4198/3195
f 3083/4198/3195 3220/4453/3445 3084/4454/3446
f 3083/4198/3195 3084/4454/3446 3143/4196/3193
f 3143/4196/3193 3084/4454/3446 3142/4455/3447
f 3143/4196/3193 3142/4455/3447 3005/4194/3191
f 3005/4194/3191 3142/4455/3447 3006/4456/3448
f 3005/4194/3191 3006/4456/3448 3065/4192/3189
f 3065/4192/3189 3006/4456/3448 3064/4457/3449
f 3065/4192/3189 3064/4457/3449 2926/4190/3187
f 2926/4190/3187 3064/4457/3449 2927/4458/3450
f 2926/4190/3187 2927/4458/3450 2987/4188/3185
f 2987/4188/3185 2927/4458/3450 2986/4459/3451
f 2987/4188/3185 2986/4459/3451 3396/4186/3183
f 3396/4186/3183 2986/4459/3451 3397/4460/3452
f 3396/4186/3183 3397/4460/3452 2847/4184/3181
f 2847/4184/3181 3397/4460/3452 2848/4461/3453
f 2847/4184/3181 2848/4461/3453 2908/4182/3179
f 2908/4182/3179 2848/4461/3453 2907/4462/3454
f 2908/4182/3179 2907/4462/3454 2808/4180/3177
f 2808/4180/3177 2907/4462/3454 2809/4178/3175
f 3319/4448/3440 1706/4447/3439 3320/4463/3455
f 3320/4463/3455 1706/4447/3439 1705/4464/3456
f 3320/4463/3455 1705/4464/3456 3321/4465/3457
f 3321/4465/3457 1705/4464/3456 3322/4466/3458
f 3321/4465/3457 3322/4466/3458 3375/4467/3459
f 3375/4467/3459 3322/4466/3458 3374/4468/3460
f 3375/4467/3459 3374/4468/3460 3242/4469/3461
f 3242/4469/3461 3374/4468/3460 3243/4470/3462
f 3242/4469/3461 3243/4470/3462 3296/4471/3463
f 3296/4471/3463 3243/4470/3462 3295/4472/3464
f 3296/4471/3463 3295/4472/3464 3164/4473/3465
f 3164/4473/3465 3295/4472/3464 3165/4474/3466
f 3164/4473/3465 3165/4474/3466 3218/4475/3467
f 3218/4475/3467 3165/4474/3466 3217/4476/3468
f 3218/4475/3467 3217/4476/3468 3086/4477/3469
f 3086/4477/3469 3217/4476/3468 3087/4478/3470
f 3086/4477/3469 3087/4478/3470 3140/4479/3471
f 3140/4479/3471 3087/4478/3470 3139/4480/3472
f 3140/4479/3471 3139/4480/3472 3008/4481/3473
f 3008/4481/3473 3139/4480/3472 3009/4482/3474
f 3008/4481/3473 3009/4482/3474 3062/4483/3475
f 3062/4483/3475 3009/4482/3474 3061/4484/3476
f 3062/4483/3475 3061/4484/3476 2929/4485/3477
f 2929/4485/3477 3061/4484/3476 2930/4486/3478
f 2929/4485/3477 2930/4486/3478 2984/4487/3479
f 2984/4487/3479 2930/4486/3478 2983/4488/3480
f 2984/4487/3479 2983/4488/3480 3399/4489/3481
f 3399/4489/3481 2983/4488/3480 3400/4490/3482
f 3399/4489/3481 3400/4490/3482 2850/4491/3483
f 2850/4491/3483 3400/4490/3482 2851/4172/3169
f 2850/4491/3483 2851/4172/3169 2905/4174/3171
f 1705/4464/3456 1704/4492/1729 3322/4466/3458
f 3322/4466/3458 1704/4492/1729 3323/4493/3484
f 3322/4466/3458 3323/4493/3484 3374/4468/3460
f 3374/4468/3460 3323/4493/3484 3373/4494/3485
f 3374/4468/3460 3373/4494/3485 3243/4470/3462
f 3243/4470/3462 3373/4494/3485 3244/4495/3486
f 3243/4470/3462 3244/4495/3486 3295/4472/3464
f 3295/4472/3464 3244/4495/3486 3294/4496/3487
f 3295/4472/3464 3294/4496/3487 3165/4474/3466
f 3165/4474/3466 3294/4496/3487 3166/4497/3488
f 3165/4474/3466 3166/4497/3488 3217/4476/3468
f 3217/4476/3468 3166/4497/3488 3216/4498/3489
f 3217/4476/3468 3216/4498/3489 3087/4478/3470
f 3087/4478/3470 3216/4498/3489 3088/4499/3490
f 3087/4478/3470 3088/4499/3490 3139/4480/3472
f 3139/4480/3472 3088/4499/3490 3138/4500/3491
f 3139/4480/3472 3138/4500/3491 3009/4482/3474
f 3009/4482/3474 3138/4500/3491 3010/4501/3492
f 3009/4482/3474 3010/4501/3492 3061/4484/3476
f 3061/4484/3476 3010/4501/3492 3060/4502/3493
f 3061/4484/3476 3060/4502/3493 2930/4486/3478
f 2930/4486/3478 3060/4502/3493 2931/4503/3494
f 2930/4486/3478 2931/4503/3494 2983/4488/3480
f 2983/4488/3480 2931/4503/3494 2982/4504/3495
f 2983/4488/3480 2982/4504/3495 3400/4490/3482
f 3400/4490/3482 2982/4504/3495 3401/4170/3167
f 3400/4490/3482 3401/4170/3167 2851/4172/3169
f 3323/4493/3484 1704/4492/1729 3324/4505/3496
f 3324/4505/3496 1704/4492/1729 1703/4506/3497
f 3324/4505/3496 1703/4506/3497 3325/4507/3498
f 3325/4507/3498 1703/4506/3497 3326/4508/3499
f 3325/4507/3498 3326/4508/3499 3371/4509/3500
f 3371/4509/3500 3326/4508/3499 3370/4510/3501
f 3371/4509/3500 3370/4510/3501 3246/4511/3502
f 3246/4511/3502 3370/4510/3501 3247/4512/3503
f 3246/4511/3502 3247/4512/3503 3292/4513/3504
f 3292/4513/3504 3247/4512/3503 3291/4514/3505
f 3292/4513/3504 3291/4514/3505 3168/4515/3506
f 3168/4515/3506 3291/4514/3505 3169/4516/3507
f 3168/4515/3506 3169/4516/3507 3214/4517/3508
f 3214/4517/3508 3169/4516/3507 3213/4518/3509
f 3214/4517/3508 3213/4518/3509 3090/4519/3510
f 3090/4519/3510 3213/4518/3509 3091/4520/3511
f 3090/4519/3510 3091/4520/3511 3136/4521/3512
f 3136/4521/3512 3091/4520/3511 3135/4522/3513
f 3136/4521/3512 3135/4522/3513 3012/4523/3514
f 3012/4523/3514 3135/4522/3513 3013/4524/3515
f 3012/4523/3514 3013/4524/3515 3058/4525/3516
f 3058/4525/3516 3013/4524/3515 3057/4164/3161
f 3058/4525/3516 3057/4164/3161 2933/4166/3163
f 1703/4506/3497 1702/4526/3517 3326/4508/3499
f 3326/4508/3499 1702/4526/3517 3327/4527/3518
f 3326/4508/3499 3327/4527/3518 3370/4510/3501
f 3370/4510/3501 3327/4527/3518 3369/4528/3519
f 3370/4510/3501 3369/4528/3519 3247/4512/3503
f 3247/4512/3503 3369/4528/3519 3248/4529/3520
f 3247/4512/3503 3248/4529/3520 3291/4514/3505
f 3291/4514/3505 3248/4529/3520 3290/4530/3521
f 3291/4514/3505 3290/4530/3521 3169/4516/3507
f 3169/4516/3507 3290/4530/3521 3170/4531/3522
f 3169/4516/3507 3170/4531/3522 3213/4518/3509
f 3213/4518/3509 3170/4531/3522 3212/4532/3523
f 3213/4518/3509 3212/4532/3523 3091/4520/3511
f 3091/4520/3511 3212/4532/3523 3092/4533/3524
f 3091/4520/3511 3092/4533/3524 3135/4522/3513
f 3135/4522/3513 3092/4533/3524 3134/4534/3525
f 3135/4522/3513 3134/4534/3525 3013/4524/3515
f 3013/4524/3515 3134/4534/3525 3014/4162/3159
f 3013/4524/3515 3014/4162/3159 3057/4164/3161
f 1702/4526/3517 1701/4535/3526 3327/4527/3518
f 3327/4527/3518 1701/4535/3526 3328/4536/3527
f 3327/4527/3518 3328/4536/3527 3369/4528/3519
f 3369/4528/3519 3328/4536/3527 3368/4537/3528
f 3369/4528/3519 3368/4537/3528 3248/4529/3520
f 3248/4529/3520 3368/4537/3528 3249/4538/3529
f 3248/4529/3520 3249/4538/3529 3290/4530/3521
f 3290/4530/3521 3249/4538/3529 3289/4539/3530
f 3290/4530/3521 3289/4539/3530 3170/4531/3522
f 3170/4531/3522 3289/4539/3530 3171/4540/3531
f 3170/4531/3522 3171/4540/3531 3212/4532/3523
f 3212/4532/3523 3171/4540/3531 3211/4541/3532
f 3212/4532/3523 3211/4541/3532 3092/4533/3524
f 3092/4533/3524 3211/4541/3532 3093/4542/3533
f 3092/4533/3524 3093/4542/3533 3134/4534/3525
f 3134/4534/3525 3093/4542/3533 3133/4160/3157
f 3134/4534/3525 3133/4160/3157 3014/4162/3159
f 1701/4535/3526 1700/4543/1733 3328/4536/3527
f 3328/4536/3527 1700/4543/1733 3329/4544/3534
f 3328/4536/3527 3329/4544/3534 3368/4537/3528
f 3368/4537/3528 3329/4544/3534 3367/4545/3535
f 3368/4537/3528 3367/4545/3535 3249/4538/3529
f 3249/4538/3529 3367/4545/3535 3250/4546/3536
f 3249/4538/3529 3250/4546/3536 3289/4539/3530
f 3289/4539/3530 3250/4546/3536 3288/4547/3537
f 3289/4539/3530 3288/4547/3537 3171/4540/3531
f 3171/4540/3531 3288/4547/3537 3172/4548/3538
f 3171/4540/3531 3172/4548/3538 3211/4541/3532
f 3211/4541/3532 3172/4548/3538 3210/4549/3539
f 3211/4541/3532 3210/4549/3539 3093/4542/3533
f 3093/4542/3533 3210/4549/3539 3094/4158/3155
f 3093/4542/3533 3094/4158/3155 3133/4160/3157
f 1700/4543/1733 1699/4550/3540 3329/4544/3534
f 3329/4544/3534 1699/4550/3540 3330/4551/3541
f 3329/4544/3534 3330/4551/3541 3367/4545/3535
f 3367/4545/3535 3330/4551/3541 3366/4552/3542
f 3367/4545/3535 3366/4552/3542 3250/4546/3536
f 3250/4546/3536 3366/4552/3542 3251/4553/3543
f 3250/4546/3536 3251/4553/3543 3288/4547/3537
f 3288/4547/3537 3251/4553/3543 3287/4554/3544
f 3288/4547/3537 3287/4554/3544 3172/4548/3538
f 3172/4548/3538 3287/4554/3544 3173/4555/3545
f 3172/4548/3538 3173/4555/3545 3210/4549/3539
f 3210/4549/3539 3173/4555/3545 3209/4156/3153
f 3210/4549/3539 3209/4156/3153 3094/4158/3155
f 1699/4550/3540 1698/4556/3546 3330/4551/3541
f 3330/4551/3541 1698/4556/3546 3331/4557/3547
f 3330/4551/3541 3331/4557/3547 3366/4552/3542
f 3366/4552/3542 3331/4557/3547 3365/4558/3548
f 3366/4552/3542 3365/4558/3548 3251/4553/3543
f 3251/4553/3543 3365/4558/3548 3252/4559/3549
f 3251/4553/3543 3252/4559/3549 3287/4554/3544
f 3287/4554/3544 3252/4559/3549 3286/4560/3550
f 3287/4554/3544 3286/4560/3550 3173/4555/3545
f 3173/4555/3545 3286/4560/3550 3174/4154/3151
f 3173/4555/3545 3174/4154/3151 3209/4156/3153
f 1698/4556/3546 1697/4561/3551 3331/4557/3547
f 3331/4557/3547 1697/4561/3551 3332/4562/3552
f 3331/4557/3547 3332/4562/3552 3365/4558/3548
f 3365/4558/3548 3332/4562/3552 3364/4563/3553
f 3365/4558/3548 3364/4563/3553 3252/4559/3549
f 3252/4559/3549 3364/4563/3553 3253/4564/3554
f 3252/4559/3549 3253/4564/3554 3286/4560/3550
f 3286/4560/3550 3253/4564/3554 3285/4152/3149
f 3286/4560/3550 3285/4152/3149 3174/4154/3151
f 3332/4562/3552 1697/4561/3551 3333/4565/3555
f 3333/4565/3555 1697/4561/3551 1696/4566/1737
f 3333/4565/3555 1696/4566/1737 3334/4567/3556
f 3334/4567/3556 1696/4566/1737 3335/4146/3143
f 3334/4567/3556 3335/4146/3143 3362/4148/3145
f 1696/4566/1737 1695/4144/3141 3335/4146/3143
f 3338/4141/3138 1694/4143/3140 3339/4568/3557
f 3339/4568/3557 1694/4143/3140 1693/4569/3558
f 3339/4568/3557 1693/4569/3558 3340/4570/3559
f 3340/4570/3559 1693/4569/3558 1692/4571/1741
f 3340/4570/3559 1692/4571/1741 3341/4572/3560
f 3341/4572/3560 1692/4571/1741 1691/4573/3561
f 3341/4572/3560 1691/4573/3561 3342/4574/3562
f 3342/4574/3562 1691/4573/3561 1690/4575/3563
f 3342/4574/3562 1690/4575/3563 3343/4576/3564
f 3343/4576/3564 1690/4575/3563 1689/4577/3565
f 3343/4576/3564 1689/4577/3565 3344/4578/3566
f 3344/4578/3566 1689/4577/3565 1688/4579/1745
f 3344/4578/3566 1688/4579/1745 3345/4580/3567
f 3345/4580/3567 1688/4579/1745 1687/4581/3568
f 3345/4580/3567 1687/4581/3568 3346/4582/3569
f 3346/4582/3569 1687/4581/3568 1686/4583/3570
f 3346/4582/3569 1686/4583/3570 3347/4584/3571
f 3347/4584/3571 1686/4583/3570 1685/4585/3572
f 3347/4584/3571 1685/4585/3572 3348/4586/3573
f 3348/4586/3573 1685/4585/3572 1684/4587/1717
f 3348/4586/3573 1684/4587/1717 2785/4588/3224
f 3348/4586/3573 2785/4588/3224 2798/4589/3574
f 2798/4589/3574 2785/4588/3224 2784/4590/3438
f 2798/4589/3574 2784/4590/3438 3269/4591/3575
f 3269/4591/3575 2784/4590/3438 2796/4592/3576
f 3269/4591/3575 2796/4592/3576 3270/4593/3577
f 3270/4593/3577 2796/4592/3576 3190/4594/3578
f 3270/4593/3577 3190/4594/3578 3189/4595/3579
f 3189/4595/3579 3190/4594/3578 3193/4596/3580
f 3189/4595/3579 3193/4596/3580 3194/4597/3581
f 3194/4597/3581 3193/4596/3580 3110/4598/3582
f 3194/4597/3581 3110/4598/3582 3109/4599/3583
f 3109/4599/3583 3110/4598/3582 3117/4600/3584
f 3109/4599/3583 3117/4600/3584 3118/4601/3585
f 3118/4601/3585 3117/4600/3584 3030/4602/3586
f 3118/4601/3585 3030/4602/3586 3029/4603/3587
f 3029/4603/3587 3030/4602/3586 3041/4604/3588
f 3029/4603/3587 3041/4604/3588 3042/4605/3589
f 3042/4605/3589 3041/4604/3588 2949/4606/3590
f 3042/4605/3589 2949/4606/3590 2948/4607/3591
f 2948/4607/3591 2949/4606/3590 2965/4608/3592
f 2948/4607/3591 2965/4608/3592 2966/4609/3593
f 2966/4609/3593 2965/4608/3592 3417/4610/3594
f 2966/4609/3593 3417/4610/3594 3416/4117/3114
f 3416/4117/3114 3417/4610/3594 2867/4115/3112
f 2784/4590/3438 2783/4611/3437 2796/4592/3576
f 2796/4592/3576 2783/4611/3437 3191/4612/3595
f 2796/4592/3576 3191/4612/3595 3190/4594/3578
f 3190/4594/3578 3191/4612/3595 3192/4613/3596
f 3190/4594/3578 3192/4613/3596 3193/4596/3580
f 3193/4596/3580 3192/4613/3596 3111/4614/3597
f 3193/4596/3580 3111/4614/3597 3110/4598/3582
f 3110/4598/3582 3111/4614/3597 3116/4615/3598
f 3110/4598/3582 3116/4615/3598 3117/4600/3584
f 3117/4600/3584 3116/4615/3598 3031/4616/3599
f 3117/4600/3584 3031/4616/3599 3030/4602/3586
f 3030/4602/3586 3031/4616/3599 3040/4617/3600
f 3030/4602/3586 3040/4617/3600 3041/4604/3588
f 3041/4604/3588 3040/4617/3600 2950/4618/3601
f 3041/4604/3588 2950/4618/3601 2949/4606/3590
f 2949/4606/3590 2950/4618/3601 2964/4619/3602
f 2949/4606/3590 2964/4619/3602 2965/4608/3592
f 2965/4608/3592 2964/4619/3602 3418/4620/3603
f 2965/4608/3592 3418/4620/3603 3417/4610/3594
f 3417/4610/3594 3418/4620/3603 2868/4621/3604
f 3417/4610/3594 2868/4621/3604 2867/4115/3112
f 2867/4115/3112 2868/4621/3604 2888/4113/3110
f 3191/4612/3595 2783/4611/3437 2794/4622/3605
f 2794/4622/3605 2783/4611/3437 2782/4623/3436
f 2794/4622/3605 2782/4623/3436 3113/4624/3606
f 3113/4624/3606 2782/4623/3436 2792/4625/3607
f 3113/4624/3606 2792/4625/3607 3114/4626/3608
f 3114/4626/3608 2792/4625/3607 3034/4627/3609
f 3114/4626/3608 3034/4627/3609 3033/4628/3610
f 3033/4628/3610 3034/4627/3609 3037/4629/3611
f 3033/4628/3610 3037/4629/3611 3038/4630/3612
f 3038/4630/3612 3037/4629/3611 2953/4631/3613
f 3038/4630/3612 2953/4631/3613 2952/4632/3614
f 2952/4632/3614 2953/4631/3613 2961/4633/3615
f 2952/4632/3614 2961/4633/3615 2962/4634/3616
f 2962/4634/3616 2961/4633/3615 3421/4635/3617
f 2962/4634/3616 3421/4635/3617 3420/4636/3618
f 3420/4636/3618 3421/4635/3617 2871/4637/3619
f 3420/4636/3618 2871/4637/3619 2870/4638/3620
f 2870/4638/3620 2871/4637/3619 2885/4639/3621
f 2870/4638/3620 2885/4639/3621 2886/4640/3622
f 2886/4640/3622 2885/4639/3621 2830/4107/3104
f 2886/4640/3622 2830/4107/3104 2829/4109/3106
f 2782/4623/3436 2781/4641/3435 2792/4625/3607
f 2792/4625/3607 2781/4641/3435 3035/4642/3623
f 2792/4625/3607 3035/4642/3623 3034/4627/3609
f 3034/4627/3609 3035/4642/3623 3036/4643/3624
f 3034/4627/3609 3036/4643/3624 3037/4629/3611
f 3037/4629/3611 3036/4643/3624 2954/4644/3625
f 3037/4629/3611 2954/4644/3625 2953/4631/3613
f 2953/4631/3613 2954/4644/3625 2960/4645/3626
f 2953/4631/3613 2960/4645/3626 2961/4633/3615
f 2961/4633/3615 2960/4645/3626 3422/4646/3627
f 2961/4633/3615 3422/4646/3627 3421/4635/3617
f 3421/4635/3617 3422/4646/3627 2872/4647/3628
f 3421/4635/3617 2872/4647/3628 2871/4637/3619
f 2871/4637/3619 2872/4647/3628 2884/4648/3629
f 2871/4637/3619 2884/4648/3629 2885/4639/3621
f 2885/4639/3621 2884/4648/3629 2831/4105/3102
f 2885/4639/3621 2831/4105/3102 2830/4107/3104
f 3035/4642/3623 2781/4641/3435 2790/4649/3630
f 2790/4649/3630 2781/4641/3435 2780/4650/3434
f 2790/4649/3630 2780/4650/3434 2956/4651/3631
f 2956/4651/3631 2780/4650/3434 2957/4652/3632
f 2956/4651/3631 2957/4652/3632 2958/4653/3633
f 2958/4653/3633 2957/4652/3632 3425/4654/3634
f 2958/4653/3633 3425/4654/3634 3424/4655/3635
f 3424/4655/3635 3425/4654/3634 2875/4656/3636
f 3424/4655/3635 2875/4656/3636 2874/4657/3637
f 2874/4657/3637 2875/4656/3636 2881/4658/3638
f 2874/4657/3637 2881/4658/3638 2882/4659/3639
f 2882/4659/3639 2881/4658/3638 2834/4099/3096
f 2882/4659/3639 2834/4099/3096 2833/4101/3098
f 2780/4650/3434 2779/4089/3087 2957/4652/3632
f 2957/4652/3632 2779/4089/3087 2788/4660/3640
f 2957/4652/3632 2788/4660/3640 3425/4654/3634
f 3425/4654/3634 2788/4660/3640 2876/4661/3641
f 3425/4654/3634 2876/4661/3641 2875/4656/3636
f 2875/4656/3636 2876/4661/3641 2880/4662/3642
f 2875/4656/3636 2880/4662/3642 2881/4658/3638
f 2881/4658/3638 2880/4662/3642 2835/4097/3094
f 2881/4658/3638 2835/4097/3094 2834/4099/3096
f 2788/4660/3640 2779/4089/3087 2877/4663/3643
f 2877/4663/3643 2779/4089/3087 2878/4664/3644
f 2877/4663/3643 2878/4664/3644 2879/4665/3645
f 2879/4665/3645 2878/4664/3644 2837/4093/3090
f 2879/4665/3645 2837/4093/3090 2836/4095/3092
f 2810/4176/3173 2809/4178/3175 2906/4666/3646
f 2906/4666/3646 2809/4178/3175 2907/4462/3454
f 2906/4666/3646 2907/4462/3454 2849/4667/3647
f 2849/4667/3647 2907/4462/3454 2848/4461/3453
f 2849/4667/3647 2848/4461/3453 3398/4668/3648
f 3398/4668/3648 2848/4461/3453 3397/4460/3452
f 3398/4668/3648 3397/4460/3452 2985/4669/3649
f 2985/4669/3649 3397/4460/3452 2986/4459/3451
f 2985/4669/3649 2986/4459/3451 2928/4670/3650
f 2928/4670/3650 2986/4459/3451 2927/4458/3450
f 2928/4670/3650 2927/4458/3450 3063/4671/3651
f 3063/4671/3651 2927/4458/3450 3064/4457/3449
f 3063/4671/3651 3064/4457/3449 3007/4672/3652
f 3007/4672/3652 3064/4457/3449 3006/4456/3448
f 3007/4672/3652 3006/4456/3448 3141/4673/3653
f 3141/4673/3653 3006/4456/3448 3142/4455/3447
f 3141/4673/3653 3142/4455/3447 3085/4674/3654
f 3085/4674/3654 3142/4455/3447 3084/4454/3446
f 3085/4674/3654 3084/4454/3446 3219/4675/3655
f 3219/4675/3655 3084/4454/3446 3220/4453/3445
f 3219/4675/3655 3220/4453/3445 3163/4676/3656
f 3163/4676/3656 3220/4453/3445 3162/4452/3444
f 3163/4676/3656 3162/4452/3444 3297/4677/3657
f 3297/4677/3657 3162/4452/3444 3298/4451/3443
f 3297/4677/3657 3298/4451/3443 3241/4678/3658
f 3241/4678/3658 3298/4451/3443 3240/4450/3442
f 3241/4678/3658 3240/4450/3442 3376/4679/3659
f 3376/4679/3659 3240/4450/3442 3377/4449/3441
f 3376/4679/3659 3377/4449/3441 3320/4463/3455
f 3320/4463/3455 3377/4449/3441 3319/4448/3440
f 2902/4323/3317 2814/4322/3316 2813/4325/3319
f 2813/4325/3319 2812/4327/3321 2903/4680/3660
f 2903/4680/3660 2812/4327/3321 2904/4173/3170
f 2903/4680/3660 2904/4173/3170 2852/4171/3168
f 2817/4310/3304 2816/4312/3306 2899/4681/3661
f 2899/4681/3661 2816/4312/3306 2900/4314/3308
f 2899/4681/3661 2900/4314/3308 2856/4682/3662
f 2856/4682/3662 2900/4314/3308 2855/4316/3310
f 2856/4682/3662 2855/4316/3310 3405/4683/3663
f 3405/4683/3663 2855/4316/3310 3404/4318/3312
f 3405/4683/3663 3404/4318/3312 2978/4684/3664
f 2978/4684/3664 3404/4318/3312 2979/4320/3314
f 2978/4684/3664 2979/4320/3314 2935/4685/3665
f 2935/4685/3665 2979/4320/3314 2934/4165/3162
f 2935/4685/3665 2934/4165/3162 3056/4163/3160
f 2818/4308/3302 2817/4310/3304 2898/4686/3666
f 2898/4686/3666 2817/4310/3304 2899/4681/3661
f 2898/4686/3666 2899/4681/3661 2857/4687/3667
f 2857/4687/3667 2899/4681/3661 2856/4682/3662
f 2857/4687/3667 2856/4682/3662 3406/4688/3668
f 3406/4688/3668 2856/4682/3662 3405/4683/3663
f 3406/4688/3668 3405/4683/3663 2977/4689/3669
f 2977/4689/3669 3405/4683/3663 2978/4684/3664
f 2977/4689/3669 2978/4684/3664 2936/4690/3670
f 2936/4690/3670 2978/4684/3664 2935/4685/3665
f 2936/4690/3670 2935/4685/3665 3055/4691/3671
f 3055/4691/3671 2935/4685/3665 3056/4163/3160
f 3055/4691/3671 3056/4163/3160 3015/4161/3158
f 2819/4306/3300 2818/4308/3302 2897/4692/3672
f 2897/4692/3672 2818/4308/3302 2898/4686/3666
f 2897/4692/3672 2898/4686/3666 2858/4693/3673
f 2858/4693/3673 2898/4686/3666 2857/4687/3667
f 2858/4693/3673 2857/4687/3667 3407/4694/3674
f 3407/4694/3674 2857/4687/3667 3406/4688/3668
f 3407/4694/3674 3406/4688/3668 2976/4695/3675
f 2976/4695/3675 3406/4688/3668 2977/4689/3669
f 2976/4695/3675 2977/4689/3669 2937/4696/3676
f 2937/4696/3676 2977/4689/3669 2936/4690/3670
f 2937/4696/3676 2936/4690/3670 3054/4697/3677
f 3054/4697/3677 2936/4690/3670 3055/4691/3671
f 3054/4697/3677 3055/4691/3671 3016/4698/3678
f 3016/4698/3678 3055/4691/3671 3015/4161/3158
f 3016/4698/3678 3015/4161/3158 3132/4159/3156
f 2820/4304/3298 2819/4306/3300 2896/4699/3679
f 2896/4699/3679 2819/4306/3300 2897/4692/3672
f 2896/4699/3679 2897/4692/3672 2859/4700/3680
f 2859/4700/3680 2897/4692/3672 2858/4693/3673
f 2859/4700/3680 2858/4693/3673 3408/4701/3681
f 3408/4701/3681 2858/4693/3673 3407/4694/3674
f 3408/4701/3681 3407/4694/3674 2975/4702/3682
f 2975/4702/3682 3407/4694/3674 2976/4695/3675
f 2975/4702/3682 2976/4695/3675 2938/4703/3683
f 2938/4703/3683 2976/4695/3675 2937/4696/3676
f 2938/4703/3683 2937/4696/3676 3053/4704/3684
f 3053/4704/3684 2937/4696/3676 3054/4697/3677
f 3053/4704/3684 3054/4697/3677 3017/4705/3685
f 3017/4705/3685 3054/4697/3677 3016/4698/3678
f 3017/4705/3685 3016/4698/3678 3131/4706/3686
f 3131/4706/3686 3016/4698/3678 3132/4159/3156
f 3131/4706/3686 3132/4159/3156 3095/4157/3154
f 2894/4292/3286 2822/4291/3285 2821/4302/3296
f 2821/4302/3296 2820/4304/3298 2895/4707/3687
f 2895/4707/3687 2820/4304/3298 2896/4699/3679
f 2895/4707/3687 2896/4699/3679 2860/4708/3688
f 2860/4708/3688 2896/4699/3679 2859/4700/3680
f 2860/4708/3688 2859/4700/3680 3409/4709/3689
f 3409/4709/3689 2859/4700/3680 3408/4701/3681
f 3409/4709/3689 3408/4701/3681 2974/4710/3690
f 2974/4710/3690 3408/4701/3681 2975/4702/3682
f 2974/4710/3690 2975/4702/3682 2939/4711/3691
f 2939/4711/3691 2975/4702/3682 2938/4703/3683
f 2939/4711/3691 2938/4703/3683 3052/4712/3692
f 3052/4712/3692 2938/4703/3683 3053/4704/3684
f 3052/4712/3692 3053/4704/3684 3018/4713/3693
f 3018/4713/3693 3053/4704/3684 3017/4705/3685
f 3018/4713/3693 3017/4705/3685 3130/4714/3694
f 3130/4714/3694 3017/4705/3685 3131/4706/3686
f 3130/4714/3694 3131/4706/3686 3096/4715/3695
f 3096/4715/3695 3131/4706/3686 3095/4157/3154
f 3096/4715/3695 3095/4157/3154 3208/4155/3152
f 2890/4249/3243 2826/4248/3242 2825/4263/3257
f 2825/4263/3257 2824/4265/3259 2891/4716/3696
f 2891/4716/3696 2824/4265/3259 2892/4267/3261
f 2891/4716/3696 2892/4267/3261 2864/4717/3697
f 2864/4717/3697 2892/4267/3261 2863/4269/3263
f 2864/4717/3697 2863/4269/3263 3413/4718/3698
f 3413/4718/3698 2863/4269/3263 3412/4271/3265
f 3413/4718/3698 3412/4271/3265 2970/4719/3699
f 2970/4719/3699 3412/4271/3265 2971/4273/3267
f 2970/4719/3699 2971/4273/3267 2943/4720/3700
f 2943/4720/3700 2971/4273/3267 2942/4275/3269
f 2943/4720/3700 2942/4275/3269 3048/4721/3701
f 3048/4721/3701 2942/4275/3269 3049/4277/3271
f 3048/4721/3701 3049/4277/3271 3022/4722/3702
f 3022/4722/3702 3049/4277/3271 3021/4279/3273
f 3022/4722/3702 3021/4279/3273 3126/4723/3703
f 3126/4723/3703 3021/4279/3273 3127/4281/3275
f 3126/4723/3703 3127/4281/3275 3100/4724/3704
f 3100/4724/3704 3127/4281/3275 3099/4283/3277
f 3100/4724/3704 3099/4283/3277 3204/4725/3705
f 3204/4725/3705 3099/4283/3277 3205/4285/3279
f 3204/4725/3705 3205/4285/3279 3178/4726/3706
f 3178/4726/3706 3205/4285/3279 3177/4287/3281
f 3178/4726/3706 3177/4287/3281 3282/4727/3707
f 3282/4727/3707 3177/4287/3281 3283/4289/3283
f 3282/4727/3707 3283/4289/3283 3256/4728/3708
f 3256/4728/3708 3283/4289/3283 3255/4149/3146
f 3256/4728/3708 3255/4149/3146 3361/4147/3144
f 2829/4109/3106 2828/4111/3108 2887/4729/3709
f 2887/4729/3709 2828/4111/3108 2888/4113/3110
f 2887/4729/3709 2888/4113/3110 2868/4621/3604
f 2831/4105/3102 2884/4648/3629 2832/4103/3100
f 2832/4103/3100 2884/4648/3629 2883/4730/3710
f 2832/4103/3100 2883/4730/3710 2833/4101/3098
f 2833/4101/3098 2883/4730/3710 2882/4659/3639
f 2879/4665/3645 2836/4095/3092 2880/4662/3642
f 2880/4662/3642 2836/4095/3092 2835/4097/3094
f 2837/4093/3090 2878/4664/3644 2786/4091/3088
f 2786/4091/3088 2878/4664/3644 2779/4089/3087
f 2849/4667/3647 2850/4491/3483 2906/4666/3646
f 2906/4666/3646 2850/4491/3483 2905/4174/3171
f 2906/4666/3646 2905/4174/3171 2810/4176/3173
f 2850/4491/3483 2849/4667/3647 3399/4489/3481
f 3399/4489/3481 2849/4667/3647 3398/4668/3648
f 3399/4489/3481 3398/4668/3648 2984/4487/3479
f 2984/4487/3479 3398/4668/3648 2985/4669/3649
f 2984/4487/3479 2985/4669/3649 2929/4485/3477
f 2929/4485/3477 2985/4669/3649 2928/4670/3650
f 2929/4485/3477 2928/4670/3650 3062/4483/3475
f 3062/4483/3475 2928/4670/3650 3063/4671/3651
f 3062/4483/3475 3063/4671/3651 3008/4481/3473
f 3008/4481/3473 3063/4671/3651 3007/4672/3652
f 3008/4481/3473 3007/4672/3652 3140/4479/3471
f 3140/4479/3471 3007/4672/3652 3141/4673/3653
f 3140/4479/3471 3141/4673/3653 3086/4477/3469
f 3086/4477/3469 3141/4673/3653 3085/4674/3654
f 3086/4477/3469 3085/4674/3654 3218/4475/3467
f 3218/4475/3467 3085/4674/3654 3219/4675/3655
f 3218/4475/3467 3219/4675/3655 3164/4473/3465
f 3164/4473/3465 3219/4675/3655 3163/4676/3656
f 3164/4473/3465 3163/4676/3656 3296/4471/3463
f 3296/4471/3463 3163/4676/3656 3297/4677/3657
f 3296/4471/3463 3297/4677/3657 3242/4469/3461
f 3242/4469/3461 3297/4677/3657 3241/4678/3658
f 3242/4469/3461 3241/4678/3658 3375/4467/3459
f 3375/4467/3459 3241/4678/3658 3376/4679/3659
f 3375/4467/3459 3376/4679/3659 3321/4465/3457
f 3321/4465/3457 3376/4679/3659 3320/4463/3455
f 2852/4171/3168 2853/4324/3318 2903/4680/3660
f 2903/4680/3660 2853/4324/3318 2902/4323/3317
f 2903/4680/3660 2902/4323/3317 2813/4325/3319
f 2853/4324/3318 2852/4171/3168 3402/4169/3166
f 2860/4708/3688 2861/4293/3287 2895/4707/3687
f 2895/4707/3687 2861/4293/3287 2894/4292/3286
f 2895/4707/3687 2894/4292/3286 2821/4302/3296
f 2861/4293/3287 2860/4708/3688 3410/4294/3288
f 3410/4294/3288 2860/4708/3688 3409/4709/3689
f 3410/4294/3288 3409/4709/3689 2973/4295/3289
f 2973/4295/3289 3409/4709/3689 2974/4710/3690
f 2973/4295/3289 2974/4710/3690 2940/4296/3290
f 2940/4296/3290 2974/4710/3690 2939/4711/3691
f 2940/4296/3290 2939/4711/3691 3051/4297/3291
f 3051/4297/3291 2939/4711/3691 3052/4712/3692
f 3051/4297/3291 3052/4712/3692 3019/4298/3292
f 3019/4298/3292 3052/4712/3692 3018/4713/3693
f 3019/4298/3292 3018/4713/3693 3129/4299/3293
f 3129/4299/3293 3018/4713/3693 3130/4714/3694
f 3129/4299/3293 3130/4714/3694 3097/4300/3294
f 3097/4300/3294 3130/4714/3694 3096/4715/3695
f 3097/4300/3294 3096/4715/3695 3207/4301/3295
f 3207/4301/3295 3096/4715/3695 3208/4155/3152
f 3207/4301/3295 3208/4155/3152 3175/4153/3150
f 2864/4717/3697 2865/4250/3244 2891/4716/3696
f 2891/4716/3696 2865/4250/3244 2890/4249/3243
f 2891/4716/3696 2890/4249/3243 2825/4263/3257
f 2865/4250/3244 2864/4717/3697 3414/4251/3245
f 3414/4251/3245 2864/4717/3697 3413/4718/3698
f 3414/4251/3245 3413/4718/3698 2969/4252/3246
f 2969/4252/3246 3413/4718/3698 2970/4719/3699
f 2969/4252/3246 2970/4719/3699 2944/4253/3247
f 2944/4253/3247 2970/4719/3699 2943/4720/3700
f 2944/4253/3247 2943/4720/3700 3047/4254/3248
f 3047/4254/3248 2943/4720/3700 3048/4721/3701
f 3047/4254/3248 3048/4721/3701 3023/4255/3249
f 3023/4255/3249 3048/4721/3701 3022/4722/3702
f 3023/4255/3249 3022/4722/3702 3125/4256/3250
f 3125/4256/3250 3022/4722/3702 3126/4723/3703
f 3125/4256/3250 3126/4723/3703 3101/4257/3251
f 3101/4257/3251 3126/4723/3703 3100/4724/3704
f 3101/4257/3251 3100/4724/3704 3203/4258/3252
f 3203/4258/3252 3100/4724/3704 3204/4725/3705
f 3203/4258/3252 3204/4725/3705 3179/4259/3253
f 3179/4259/3253 3204/4725/3705 3178/4726/3706
f 3179/4259/3253 3178/4726/3706 3281/4260/3254
f 3281/4260/3254 3178/4726/3706 3282/4727/3707
f 3281/4260/3254 3282/4727/3707 3257/4261/3255
f 3257/4261/3255 3282/4727/3707 3256/4728/3708
f 3257/4261/3255 3256/4728/3708 3360/4262/3256
f 3360/4262/3256 3256/4728/3708 3361/4147/3144
f 3360/4262/3256 3361/4147/3144 3336/4145/3142
f 2868/4621/3604 2869/4731/3711 2887/4729/3709
f 2887/4729/3709 2869/4731/3711 2886/4640/3622
f 2887/4729/3709 2886/4640/3622 2829/4109/3106
f 2886/4640/3622 2869/4731/3711 2870/4638/3620
f 2870/4638/3620 2869/4731/3711 3419/4732/3712
f 2870/4638/3620 3419/4732/3712 3420/4636/3618
f 3420/4636/3618 3419/4732/3712 2963/4733/3713
f 3420/4636/3618 2963/4733/3713 2962/4634/3616
f 2962/4634/3616 2963/4733/3713 2951/4734/3714
f 2962/4634/3616 2951/4734/3714 2952/4632/3614
f 2952/4632/3614 2951/4734/3714 3039/4735/3715
f 2952/4632/3614 3039/4735/3715 3038/4630/3612
f 3038/4630/3612 3039/4735/3715 3032/4736/3716
f 3038/4630/3612 3032/4736/3716 3033/4628/3610
f 3033/4628/3610 3032/4736/3716 3115/4737/3717
f 3033/4628/3610 3115/4737/3717 3114/4626/3608
f 3114/4626/3608 3115/4737/3717 3112/4738/3718
f 3114/4626/3608 3112/4738/3718 3113/4624/3606
f 3113/4624/3606 3112/4738/3718 2794/4622/3605
f 3419/4732/3712 2869/4731/3711 3418/4620/3603
f 3418/4620/3603 2869/4731/3711 2868/4621/3604
f 2883/4730/3710 2884/4648/3629 2872/4647/3628
f 2882/4659/3639 2883/4730/3710 2873/4739/3719
f 2873/4739/3719 2883/4730/3710 2872/4647/3628
f 2873/4739/3719 2872/4647/3628 3422/4646/3627
f 2882/4659/3639 2873/4739/3719 2874/4657/3637
f 2874/4657/3637 2873/4739/3719 3423/4740/3720
f 2874/4657/3637 3423/4740/3720 3424/4655/3635
f 3424/4655/3635 3423/4740/3720 2959/4741/3721
f 3424/4655/3635 2959/4741/3721 2958/4653/3633
f 2958/4653/3633 2959/4741/3721 2955/4742/3722
f 2958/4653/3633 2955/4742/3722 2956/4651/3631
f 2956/4651/3631 2955/4742/3722 2790/4649/3630
f 3423/4740/3720 2873/4739/3719 3422/4646/3627
f 2879/4665/3645 2880/4662/3642 2876/4661/3641
f 2788/4660/3640 2877/4663/3643 2876/4661/3641
f 2876/4661/3641 2877/4663/3643 2879/4665/3645
f 2931/4503/3494 2932/4743/3723 2982/4504/3495
f 2982/4504/3495 2932/4743/3723 2981/4168/3165
f 2982/4504/3495 2981/4168/3165 3401/4170/3167
f 3058/4525/3516 2933/4166/3163 2932/4743/3723
f 2932/4743/3723 2933/4166/3163 2981/4168/3165
f 2932/4743/3723 2931/4503/3494 3059/4744/3724
f 3059/4744/3724 2931/4503/3494 3060/4502/3493
f 3059/4744/3724 3060/4502/3493 3011/4745/3725
f 3011/4745/3725 3060/4502/3493 3010/4501/3492
f 3011/4745/3725 3010/4501/3492 3137/4746/3726
f 3137/4746/3726 3010/4501/3492 3138/4500/3491
f 3137/4746/3726 3138/4500/3491 3089/4747/3727
f 3089/4747/3727 3138/4500/3491 3088/4499/3490
f 3089/4747/3727 3088/4499/3490 3215/4748/3728
f 3215/4748/3728 3088/4499/3490 3216/4498/3489
f 3215/4748/3728 3216/4498/3489 3167/4749/3729
f 3167/4749/3729 3216/4498/3489 3166/4497/3488
f 3167/4749/3729 3166/4497/3488 3293/4750/3730
f 3293/4750/3730 3166/4497/3488 3294/4496/3487
f 3293/4750/3730 3294/4496/3487 3245/4751/3731
f 3245/4751/3731 3294/4496/3487 3244/4495/3486
f 3245/4751/3731 3244/4495/3486 3372/4752/3732
f 3372/4752/3732 3244/4495/3486 3373/4494/3485
f 3372/4752/3732 3373/4494/3485 3324/4505/3496
f 3324/4505/3496 3373/4494/3485 3323/4493/3484
f 2946/4121/3118 2947/4753/3733 2967/4119/3116
f 2967/4119/3116 2947/4753/3733 2966/4609/3593
f 2967/4119/3116 2966/4609/3593 3416/4117/3114
f 2966/4609/3593 2947/4753/3733 2948/4607/3591
f 2948/4607/3591 2947/4753/3733 3043/4754/3734
f 2948/4607/3591 3043/4754/3734 3042/4605/3589
f 3042/4605/3589 3043/4754/3734 3028/4755/3735
f 3042/4605/3589 3028/4755/3735 3029/4603/3587
f 3029/4603/3587 3028/4755/3735 3119/4756/3736
f 3029/4603/3587 3119/4756/3736 3118/4601/3585
f 3118/4601/3585 3119/4756/3736 3108/4757/3737
f 3118/4601/3585 3108/4757/3737 3109/4599/3583
f 3109/4599/3583 3108/4757/3737 3195/4758/3738
f 3109/4599/3583 3195/4758/3738 3194/4597/3581
f 3194/4597/3581 3195/4758/3738 3188/4759/3739
f 3194/4597/3581 3188/4759/3739 3189/4595/3579
f 3189/4595/3579 3188/4759/3739 3271/4760/3740
f 3189/4595/3579 3271/4760/3740 3270/4593/3577
f 3270/4593/3577 3271/4760/3740 3268/4761/3741
f 3270/4593/3577 3268/4761/3741 3269/4591/3575
f 3269/4591/3575 3268/4761/3741 2798/4589/3574
f 2947/4753/3733 2946/4121/3118 3044/4762/3742
f 3044/4762/3742 2946/4121/3118 3045/4123/3120
f 3044/4762/3742 3045/4123/3120 3026/4763/3743
f 3026/4763/3743 3045/4123/3120 3025/4125/3122
f 3026/4763/3743 3025/4125/3122 3122/4764/3744
f 3122/4764/3744 3025/4125/3122 3123/4127/3124
f 3122/4764/3744 3123/4127/3124 3104/4765/3745
f 3104/4765/3745 3123/4127/3124 3103/4129/3126
f 3104/4765/3745 3103/4129/3126 3200/4766/3746
f 3200/4766/3746 3103/4129/3126 3201/4131/3128
f 3200/4766/3746 3201/4131/3128 3182/4767/3747
f 3182/4767/3747 3201/4131/3128 3181/4133/3130
f 3182/4767/3747 3181/4133/3130 3278/4768/3748
f 3278/4768/3748 3181/4133/3130 3279/4135/3132
f 3278/4768/3748 3279/4135/3132 3260/4769/3749
f 3260/4769/3749 3279/4135/3132 3259/4137/3134
f 3260/4769/3749 3259/4137/3134 3357/4770/3750
f 3357/4770/3750 3259/4137/3134 3358/4139/3136
f 3357/4770/3750 3358/4139/3136 3339/4568/3557
f 3339/4568/3557 3358/4139/3136 3338/4141/3138
f 2964/4619/3602 2950/4618/3601 2963/4733/3713
f 2963/4733/3713 2950/4618/3601 2951/4734/3714
f 3039/4735/3715 2951/4734/3714 3040/4617/3600
f 3040/4617/3600 2951/4734/3714 2950/4618/3601
f 2960/4645/3626 2954/4644/3625 2959/4741/3721
f 2959/4741/3721 2954/4644/3625 2955/4742/3722
f 2790/4649/3630 2955/4742/3722 3036/4643/3624
f 3036/4643/3624 2955/4742/3722 2954/4644/3625
f 3422/4646/3627 2960/4645/3626 3423/4740/3720
f 3423/4740/3720 2960/4645/3626 2959/4741/3721
f 3418/4620/3603 2964/4619/3602 3419/4732/3712
f 3419/4732/3712 2964/4619/3602 2963/4733/3713
f 3011/4745/3725 3012/4523/3514 3059/4744/3724
f 3059/4744/3724 3012/4523/3514 3058/4525/3516
f 3059/4744/3724 3058/4525/3516 2932/4743/3723
f 3012/4523/3514 3011/4745/3725 3136/4521/3512
f 3136/4521/3512 3011/4745/3725 3137/4746/3726
f 3136/4521/3512 3137/4746/3726 3090/4519/3510
f 3090/4519/3510 3137/4746/3726 3089/4747/3727
f 3090/4519/3510 3089/4747/3727 3214/4517/3508
f 3214/4517/3508 3089/4747/3727 3215/4748/3728
f 3214/4517/3508 3215/4748/3728 3168/4515/3506
f 3168/4515/3506 3215/4748/3728 3167/4749/3729
f 3168/4515/3506 3167/4749/3729 3292/4513/3504
f 3292/4513/3504 3167/4749/3729 3293/4750/3730
f 3292/4513/3504 3293/4750/3730 3246/4511/3502
f 3246/4511/3502 3293/4750/3730 3245/4751/3731
f 3246/4511/3502 3245/4751/3731 3371/4509/3500
f 3371/4509/3500 3245/4751/3731 3372/4752/3732
f 3371/4509/3500 3372/4752/3732 3325/4507/3498
f 3325/4507/3498 3372/4752/3732 3324/4505/3496
f 3026/4763/3743 3027/4771/3751 3044/4762/3742
f 3044/4762/3742 3027/4771/3751 3043/4754/3734
f 3044/4762/3742 3043/4754/3734 2947/4753/3733
f 3043/4754/3734 3027/4771/3751 3028/4755/3735
f 3028/4755/3735 3027/4771/3751 3120/4772/3752
f 3028/4755/3735 3120/4772/3752 3119/4756/3736
f 3119/4756/3736 3120/4772/3752 3107/4773/3753
f 3119/4756/3736 3107/4773/3753 3108/4757/3737
f 3108/4757/3737 3107/4773/3753 3196/4774/3754
f 3108/4757/3737 3196/4774/3754 3195/4758/3738
f 3195/4758/3738 3196/4774/3754 3187/4775/3755
f 3195/4758/3738 3187/4775/3755 3188/4759/3739
f 3188/4759/3739 3187/4775/3755 3272/4776/3756
f 3188/4759/3739 3272/4776/3756 3271/4760/3740
f 3271/4760/3740 3272/4776/3756 3267/4777/3757
f 3271/4760/3740 3267/4777/3757 3268/4761/3741
f 3268/4761/3741 3267/4777/3757 3349/4778/3758
f 3268/4761/3741 3349/4778/3758 2798/4589/3574
f 2798/4589/3574 3349/4778/3758 3348/4586/3573
f 3027/4771/3751 3026/4763/3743 3121/4779/3759
f 3121/4779/3759 3026/4763/3743 3122/4764/3744
f 3121/4779/3759 3122/4764/3744 3105/4780/3760
f 3105/4780/3760 3122/4764/3744 3104/4765/3745
f 3105/4780/3760 3104/4765/3745 3199/4781/3761
f 3199/4781/3761 3104/4765/3745 3200/4766/3746
f 3199/4781/3761 3200/4766/3746 3183/4782/3762
f 3183/4782/3762 3200/4766/3746 3182/4767/3747
f 3183/4782/3762 3182/4767/3747 3277/4783/3763
f 3277/4783/3763 3182/4767/3747 3278/4768/3748
f 3277/4783/3763 3278/4768/3748 3261/4784/3764
f 3261/4784/3764 3278/4768/3748 3260/4769/3749
f 3261/4784/3764 3260/4769/3749 3356/4785/3765
f 3356/4785/3765 3260/4769/3749 3357/4770/3750
f 3356/4785/3765 3357/4770/3750 3340/4570/3559
f 3340/4570/3559 3357/4770/3750 3339/4568/3557
f 3039/4735/3715 3040/4617/3600 3031/4616/3599
f 3039/4735/3715 3031/4616/3599 3032/4736/3716
f 3032/4736/3716 3031/4616/3599 3116/4615/3598
f 3032/4736/3716 3116/4615/3598 3115/4737/3717
f 3115/4737/3717 3116/4615/3598 3111/4614/3597
f 3115/4737/3717 3111/4614/3597 3112/4738/3718
f 3112/4738/3718 3111/4614/3597 3192/4613/3596
f 3112/4738/3718 3192/4613/3596 2794/4622/3605
f 2794/4622/3605 3192/4613/3596 3191/4612/3595
f 2790/4649/3630 3036/4643/3624 3035/4642/3623
f 3105/4780/3760 3106/4786/3766 3121/4779/3759
f 3121/4779/3759 3106/4786/3766 3120/4772/3752
f 3121/4779/3759 3120/4772/3752 3027/4771/3751
f 3120/4772/3752 3106/4786/3766 3107/4773/3753
f 3107/4773/3753 3106/4786/3766 3197/4787/3767
f 3107/4773/3753 3197/4787/3767 3196/4774/3754
f 3196/4774/3754 3197/4787/3767 3186/4788/3768
f 3196/4774/3754 3186/4788/3768 3187/4775/3755
f 3187/4775/3755 3186/4788/3768 3273/4789/3769
f 3187/4775/3755 3273/4789/3769 3272/4776/3756
f 3272/4776/3756 3273/4789/3769 3266/4790/3770
f 3272/4776/3756 3266/4790/3770 3267/4777/3757
f 3267/4777/3757 3266/4790/3770 3350/4791/3771
f 3267/4777/3757 3350/4791/3771 3349/4778/3758
f 3349/4778/3758 3350/4791/3771 3347/4584/3571
f 3349/4778/3758 3347/4584/3571 3348/4586/3573
f 3106/4786/3766 3105/4780/3760 3198/4792/3772
f 3198/4792/3772 3105/4780/3760 3199/4781/3761
f 3198/4792/3772 3199/4781/3761 3184/4793/3773
f 3184/4793/3773 3199/4781/3761 3183/4782/3762
f 3184/4793/3773 3183/4782/3762 3276/4794/3774
f 3276/4794/3774 3183/4782/3762 3277/4783/3763
f 3276/4794/3774 3277/4783/3763 3262/4795/3775
f 3262/4795/3775 3277/4783/3763 3261/4784/3764
f 3262/4795/3775 3261/4784/3764 3355/4796/3776
f 3355/4796/3776 3261/4784/3764 3356/4785/3765
f 3355/4796/3776 3356/4785/3765 3341/4572/3560
f 3341/4572/3560 3356/4785/3765 3340/4570/3559
f 3184/4793/3773 3185/4797/3777 3198/4792/3772
f 3198/4792/3772 3185/4797/3777 3197/4787/3767
f 3198/4792/3772 3197/4787/3767 3106/4786/3766
f 3197/4787/3767 3185/4797/3777 3186/4788/3768
f 3186/4788/3768 3185/4797/3777 3274/4798/3778
f 3186/4788/3768 3274/4798/3778 3273/4789/3769
f 3273/4789/3769 3274/4798/3778 3265/4799/3779
f 3273/4789/3769 3265/4799/3779 3266/4790/3770
f 3266/4790/3770 3265/4799/3779 3351/4800/3780
f 3266/4790/3770 3351/4800/3780 3350/4791/3771
f 3350/4791/3771 3351/4800/3780 3346/4582/3569
f 3350/4791/3771 3346/4582/3569 3347/4584/3571
f 3185/4797/3777 3184/4793/3773 3275/4801/3781
f 3275/4801/3781 3184/4793/3773 3276/4794/3774
f 3275/4801/3781 3276/4794/3774 3263/4802/3782
f 3263/4802/3782 3276/4794/3774 3262/4795/3775
f 3263/4802/3782 3262/4795/3775 3354/4803/3783
f 3354/4803/3783 3262/4795/3775 3355/4796/3776
f 3354/4803/3783 3355/4796/3776 3342/4574/3562
f 3342/4574/3562 3355/4796/3776 3341/4572/3560
f 3285/4152/3149 3253/4564/3554 3254/4150/3147
f 3254/4150/3147 3253/4564/3554 3363/4804/3784
f 3254/4150/3147 3363/4804/3784 3362/4148/3145
f 3362/4148/3145 3363/4804/3784 3334/4567/3556
f 3363/4804/3784 3253/4564/3554 3364/4563/3553
f 3263/4802/3782 3264/4805/3785 3275/4801/3781
f 3275/4801/3781 3264/4805/3785 3274/4798/3778
f 3275/4801/3781 3274/4798/3778 3185/4797/3777
f 3274/4798/3778 3264/4805/3785 3265/4799/3779
f 3265/4799/3779 3264/4805/3785 3352/4806/3786
f 3265/4799/3779 3352/4806/3786 3351/4800/3780
f 3351/4800/3780 3352/4806/3786 3345/4580/3567
f 3351/4800/3780 3345/4580/3567 3346/4582/3569
f 3264/4805/3785 3263/4802/3782 3353/4807/3787
f 3353/4807/3787 3263/4802/3782 3354/4803/3783
f 3353/4807/3787 3354/4803/3783 3343/4576/3564
f 3343/4576/3564 3354/4803/3783 3342/4574/3562
f 3386/4233/3227 3387/4231/3225 3310/4226/3221
f 3310/4226/3221 3387/4231/3225 3309/4228/3223
f 3385/4235/3229 3386/4233/3227 3311/4224/3219
f 3311/4224/3219 3386/4233/3227 3310/4226/3221
f 3384/4237/3231 3385/4235/3229 3312/4222/3217
f 3312/4222/3217 3385/4235/3229 3311/4224/3219
f 3383/4239/3233 3384/4237/3231 3313/4220/3216
f 3313/4220/3216 3384/4237/3231 3312/4222/3217
f 3382/4241/3235 3383/4239/3233 3314/4218/3214
f 3314/4218/3214 3383/4239/3233 3313/4220/3216
f 3381/4243/3237 3382/4241/3235 3315/4216/3212
f 3315/4216/3212 3382/4241/3235 3314/4218/3214
f 3380/4245/3239 3381/4243/3237 3316/4214/3210
f 3316/4214/3210 3381/4243/3237 3315/4216/3212
f 3379/4209/3206 3380/4245/3239 3317/4211/3208
f 3317/4211/3208 3380/4245/3239 3316/4214/3210
f 3363/4804/3784 3364/4563/3553 3333/4565/3555
f 3333/4565/3555 3364/4563/3553 3332/4562/3552
f 3333/4565/3555 3334/4567/3556 3363/4804/3784
f 3343/4576/3564 3344/4578/3566 3353/4807/3787
f 3353/4807/3787 3344/4578/3566 3352/4806/3786
f 3353/4807/3787 3352/4806/3786 3264/4805/3785
f 3344/4578/3566 3345/4580/3567 3352/4806/3786
# 3425 vertices
# 4807 texture params
# 3787 normals
# 6850 facets

# 1 groups
